activity_id,activity_name,city,category,price_aud,rating,suitable_for,duration_hours
AC-SYD-001,Sydney Street Food Walking Tour,Sydney,food & drink,79,4.7,"couples, foodies",3.4
AC-SYD-002,Sydney Cooking Class with Local Chef,Sydney,food & drink,190,3.6,"couples, families",3.2
AC-SYD-003,Sydney Night Market & Tapas Crawl,Sydney,food & drink,115,4.5,"adults, groups",3.9
AC-SYD-004,Historic Sydney City Walking Tour,Sydney,culture,33,3.7,everyone,3.1
AC-SYD-005,Sydney Museum & Gallery Pass,Sydney,culture,45,4.9,everyone,3.4
AC-SYD-006,Sydney Old Town Photography Tour,Sydney,culture,155,3.8,"couples, solo travellers",3.9
AC-SYD-007,Sydney Sunset Cruise,Sydney,water,216,4.1,"couples, families",2.6
AC-SYD-008,Snorkelling Day Trip from Sydney,Sydney,water,113,3.4,"families, adventure seekers",7.5
AC-SYD-009,Sydney Kayak & Coastline Tour,Sydney,water,129,4.9,active travellers,3.4
AC-SYD-010,Sydney Countryside Day Trip,Sydney,day trip,346,4.1,everyone,8.7
AC-SYD-011,Wine & Vineyard Tour near Sydney,Sydney,day trip,309,3.7,adults,6.5
AC-SYD-012,Sydney Hidden Villages Small-Group Tour,Sydney,day trip,209,4,small groups,8.3
AC-SYD-013,Sydney Mountain Hike & Viewpoints,Sydney,adventure,89,3.8,active travellers,4.3
AC-SYD-014,Sydney Bike Tour,Sydney,adventure,129,3.5,"active travellers, families",3.6
AC-SYD-015,Sydney Zipline & Ropes Adventure,Sydney,adventure,108,3.7,adventure seekers,2.4
AC-SYD-016,Sydney Rooftop Bar Crawl,Sydney,nightlife,149,4.2,"adults, groups",3.7
AC-SYD-017,Sydney Live Music & Dinner Evening,Sydney,nightlife,151,4,"couples, adults",3.9
AC-SYD-018,Sydney Craft & Artisan Workshop,Sydney,class,145,4,everyone,2.9
AC-SYD-019,Sydney Language & Culture Crash Course,Sydney,class,69,4.8,solo travellers,2.8
AC-SYD-020,Sydney Wellness & Spa Half-Day,Sydney,wellness,309,4.6,couples,3.3
AC-SYD-021,Sydney Sunrise Yoga Session,Sydney,wellness,64,4,everyone,1.7
AC-SYD-022,Sydney Hop-On Hop-Off Bus Pass,Sydney,sightseeing,76,4.8,"families, everyone",4.2
AC-SYD-023,Sydney River & Canal Cruise,Sydney,sightseeing,66,4.8,everyone,1.6
AC-SYD-024,Sydney Observation Deck Skip-the-Line,Sydney,sightseeing,68,5,families,1.6
AC-SYD-025,Sydney Street Food Walking Tour — Small Group Edition,Sydney,food & drink,113,3.4,"couples, foodies",3.9
AC-SYD-026,Sydney Cooking Class with Local Chef — Afternoon Edition,Sydney,food & drink,124,4.5,"couples, families",3.3
AC-SYD-027,Sydney Night Market & Tapas Crawl — Morning Edition,Sydney,food & drink,75,3.9,"adults, groups",3.7
AC-SYD-028,Historic Sydney City Walking Tour — Premium Edition,Sydney,culture,69,3.8,everyone,2.5
AC-SYD-029,Sydney Museum & Gallery Pass — Small Group Edition,Sydney,culture,85,3.5,everyone,3
AC-SYD-030,Sydney Old Town Photography Tour — Morning Edition,Sydney,culture,168,4.8,"couples, solo travellers",3.3
AC-SYD-031,Sydney Sunset Cruise — Premium Edition,Sydney,water,139,4.5,"couples, families",2.6
AC-SYD-032,Snorkelling Day Trip from Sydney — Evening Edition,Sydney,water,294,3.9,"families, adventure seekers",7.6
AC-SYD-033,Sydney Kayak & Coastline Tour — Morning Edition,Sydney,water,116,4.7,active travellers,3.3
AC-SYD-034,Sydney Countryside Day Trip — Morning Edition,Sydney,day trip,330,3.8,everyone,9
AC-MEL-001,Melbourne Street Food Walking Tour,Melbourne,food & drink,70,4.3,"couples, foodies",2.7
AC-MEL-002,Melbourne Cooking Class with Local Chef,Melbourne,food & drink,107,4.9,"couples, families",3.1
AC-MEL-003,Melbourne Night Market & Tapas Crawl,Melbourne,food & drink,121,4.9,"adults, groups",3.8
AC-MEL-004,Historic Melbourne City Walking Tour,Melbourne,culture,41,4.5,everyone,3.4
AC-MEL-005,Melbourne Museum & Gallery Pass,Melbourne,culture,95,3.4,everyone,3.9
AC-MEL-006,Melbourne Old Town Photography Tour,Melbourne,culture,118,4.8,"couples, solo travellers",3.7
AC-MEL-007,Melbourne Sunset Cruise,Melbourne,water,86,3.5,"couples, families",3
AC-MEL-008,Snorkelling Day Trip from Melbourne,Melbourne,water,269,3.5,"families, adventure seekers",7.8
AC-MEL-009,Melbourne Kayak & Coastline Tour,Melbourne,water,108,4.1,active travellers,3.6
AC-MEL-010,Melbourne Countryside Day Trip,Melbourne,day trip,318,3.9,everyone,9.8
AC-MEL-011,Wine & Vineyard Tour near Melbourne,Melbourne,day trip,196,3.7,adults,6.1
AC-MEL-012,Melbourne Hidden Villages Small-Group Tour,Melbourne,day trip,247,4.4,small groups,8.4
AC-MEL-013,Melbourne Mountain Hike & Viewpoints,Melbourne,adventure,71,4,active travellers,5.3
AC-MEL-014,Melbourne Bike Tour,Melbourne,adventure,121,3.6,"active travellers, families",3.2
AC-MEL-015,Melbourne Zipline & Ropes Adventure,Melbourne,adventure,118,3.8,adventure seekers,2.4
AC-MEL-016,Melbourne Rooftop Bar Crawl,Melbourne,nightlife,96,4.6,"adults, groups",3.5
AC-MEL-017,Melbourne Live Music & Dinner Evening,Melbourne,nightlife,122,4.4,"couples, adults",3.1
AC-MEL-018,Melbourne Craft & Artisan Workshop,Melbourne,class,136,3.6,everyone,2.6
AC-MEL-019,Melbourne Language & Culture Crash Course,Melbourne,class,56,4.8,solo travellers,2.8
AC-MEL-020,Melbourne Wellness & Spa Half-Day,Melbourne,wellness,260,3.9,couples,4.6
AC-MEL-021,Melbourne Sunrise Yoga Session,Melbourne,wellness,83,4.5,everyone,1.6
AC-MEL-022,Melbourne Hop-On Hop-Off Bus Pass,Melbourne,sightseeing,68,3.6,"families, everyone",5.2
AC-MEL-023,Melbourne River & Canal Cruise,Melbourne,sightseeing,74,4.2,everyone,2.2
AC-MEL-024,Melbourne Observation Deck Skip-the-Line,Melbourne,sightseeing,85,4.2,families,1.8
AC-MEL-025,Melbourne Street Food Walking Tour — Afternoon Edition,Melbourne,food & drink,124,4.7,"couples, foodies",3.7
AC-MEL-026,Melbourne Cooking Class with Local Chef — Evening Edition,Melbourne,food & drink,173,4,"couples, families",3.4
AC-MEL-027,Melbourne Night Market & Tapas Crawl — Afternoon Edition,Melbourne,food & drink,82,4.5,"adults, groups",3.2
AC-MEL-028,Historic Melbourne City Walking Tour — Afternoon Edition,Melbourne,culture,60,4.9,everyone,2.2
AC-MEL-029,Melbourne Museum & Gallery Pass — Evening Edition,Melbourne,culture,85,3.5,everyone,3.5
AC-MEL-030,Melbourne Old Town Photography Tour — Private Edition,Melbourne,culture,156,4.9,"couples, solo travellers",2.9
AC-MEL-031,Melbourne Sunset Cruise — Premium Edition,Melbourne,water,154,4.3,"couples, families",2.3
AC-MEL-032,Snorkelling Day Trip from Melbourne — Premium Edition,Melbourne,water,240,3.8,"families, adventure seekers",7.3
AC-MEL-033,Melbourne Kayak & Coastline Tour — Private Edition,Melbourne,water,88,4.9,active travellers,3.5
AC-MEL-034,Melbourne Countryside Day Trip — Afternoon Edition,Melbourne,day trip,187,4.3,everyone,8.9
AC-MEL-035,Wine & Vineyard Tour near Melbourne — Afternoon Edition,Melbourne,day trip,197,3.5,adults,6.7
AC-MEL-036,Melbourne Hidden Villages Small-Group Tour — Premium Edition,Melbourne,day trip,164,4.8,small groups,7.6
AC-MEL-037,Melbourne Mountain Hike & Viewpoints — Afternoon Edition,Melbourne,adventure,155,4.3,active travellers,4.1
AC-MEL-038,Melbourne Bike Tour — Private Edition,Melbourne,adventure,91,4.3,"active travellers, families",3.8
AC-MEL-039,Melbourne Zipline & Ropes Adventure — Afternoon Edition,Melbourne,adventure,156,4.4,adventure seekers,2.5
AC-MEL-040,Melbourne Rooftop Bar Crawl — Afternoon Edition,Melbourne,nightlife,138,3.7,"adults, groups",3.6
AC-MEL-041,Melbourne Live Music & Dinner Evening — Premium Edition,Melbourne,nightlife,254,3.9,"couples, adults",3.7
AC-MEL-042,Melbourne Craft & Artisan Workshop — Morning Edition,Melbourne,class,182,4.3,everyone,2.2
AC-MEL-043,Melbourne Language & Culture Crash Course — Afternoon Edition,Melbourne,class,78,4.7,solo travellers,2.5
AC-BNE-001,Brisbane Street Food Walking Tour,Brisbane,food & drink,107,4.6,"couples, foodies",2.6
AC-BNE-002,Brisbane Cooking Class with Local Chef,Brisbane,food & drink,140,5,"couples, families",3.1
AC-BNE-003,Brisbane Night Market & Tapas Crawl,Brisbane,food & drink,58,3.5,"adults, groups",3.2
AC-BNE-004,Historic Brisbane City Walking Tour,Brisbane,culture,59,4.6,everyone,2.8
AC-BNE-005,Brisbane Museum & Gallery Pass,Brisbane,culture,95,4.8,everyone,5.9
AC-BNE-006,Brisbane Old Town Photography Tour,Brisbane,culture,142,3.9,"couples, solo travellers",2.5
AC-BNE-007,Brisbane Sunset Cruise,Brisbane,water,98,3.5,"couples, families",2.2
AC-BNE-008,Snorkelling Day Trip from Brisbane,Brisbane,water,180,3.7,"families, adventure seekers",6
AC-BNE-009,Brisbane Kayak & Coastline Tour,Brisbane,water,100,4.3,active travellers,3.4
AC-BNE-010,Brisbane Countryside Day Trip,Brisbane,day trip,265,3.7,everyone,8.6
AC-BNE-011,Wine & Vineyard Tour near Brisbane,Brisbane,day trip,216,3.7,adults,6.4
AC-BNE-012,Brisbane Hidden Villages Small-Group Tour,Brisbane,day trip,113,4.7,small groups,8.6
AC-BNE-013,Brisbane Mountain Hike & Viewpoints,Brisbane,adventure,135,4.6,active travellers,8
AC-BNE-014,Brisbane Bike Tour,Brisbane,adventure,117,4.9,"active travellers, families",3.2
AC-BNE-015,Brisbane Zipline & Ropes Adventure,Brisbane,adventure,179,4.6,adventure seekers,3.9
AC-BNE-016,Brisbane Rooftop Bar Crawl,Brisbane,nightlife,130,3.8,"adults, groups",3.6
AC-BNE-017,Brisbane Live Music & Dinner Evening,Brisbane,nightlife,224,4.5,"couples, adults",3.6
AC-BNE-018,Brisbane Craft & Artisan Workshop,Brisbane,class,165,3.7,everyone,2.1
AC-BNE-019,Brisbane Language & Culture Crash Course,Brisbane,class,99,4.5,solo travellers,2.2
AC-BNE-020,Brisbane Wellness & Spa Half-Day,Brisbane,wellness,249,4.1,couples,3.7
AC-BNE-021,Brisbane Sunrise Yoga Session,Brisbane,wellness,47,4.8,everyone,1.3
AC-BNE-022,Brisbane Hop-On Hop-Off Bus Pass,Brisbane,sightseeing,48,4,"families, everyone",6.1
AC-BNE-023,Brisbane River & Canal Cruise,Brisbane,sightseeing,101,4.6,everyone,2.2
AC-BNE-024,Brisbane Observation Deck Skip-the-Line,Brisbane,sightseeing,63,3.7,families,1.4
AC-BNE-025,Brisbane Street Food Walking Tour — Premium Edition,Brisbane,food & drink,128,4.5,"couples, foodies",3.4
AC-BNE-026,Brisbane Cooking Class with Local Chef — Afternoon Edition,Brisbane,food & drink,124,4.7,"couples, families",3.4
AC-BNE-027,Brisbane Night Market & Tapas Crawl — Small Group Edition,Brisbane,food & drink,108,4.2,"adults, groups",3
AC-BNE-028,Historic Brisbane City Walking Tour — Evening Edition,Brisbane,culture,51,4.1,everyone,2.6
AC-BNE-029,Brisbane Museum & Gallery Pass — Morning Edition,Brisbane,culture,64,4.5,everyone,4
AC-BNE-030,Brisbane Old Town Photography Tour — Afternoon Edition,Brisbane,culture,134,4.7,"couples, solo travellers",2.3
AC-BNE-031,Brisbane Sunset Cruise — Morning Edition,Brisbane,water,110,4.9,"couples, families",2.1
AC-BNE-032,Snorkelling Day Trip from Brisbane — Private Edition,Brisbane,water,178,3.7,"families, adventure seekers",6.2
AC-BNE-033,Brisbane Kayak & Coastline Tour — Private Edition,Brisbane,water,118,4.4,active travellers,3.5
AC-BNE-034,Brisbane Countryside Day Trip — Afternoon Edition,Brisbane,day trip,191,3.9,everyone,8.5
AC-BNE-035,Wine & Vineyard Tour near Brisbane — Private Edition,Brisbane,day trip,318,3.7,adults,6.4
AC-BNE-036,Brisbane Hidden Villages Small-Group Tour — Premium Edition,Brisbane,day trip,117,4.6,small groups,8.7
AC-BNE-037,Brisbane Mountain Hike & Viewpoints — Morning Edition,Brisbane,adventure,76,3.9,active travellers,5.3
AC-BNE-038,Brisbane Bike Tour — Evening Edition,Brisbane,adventure,53,4.8,"active travellers, families",3.2
AC-BNE-039,Brisbane Zipline & Ropes Adventure — Afternoon Edition,Brisbane,adventure,185,3.7,adventure seekers,3.2
AC-BNE-040,Brisbane Rooftop Bar Crawl — Evening Edition,Brisbane,nightlife,90,4.6,"adults, groups",4
AC-BNE-041,Brisbane Live Music & Dinner Evening — Small Group Edition,Brisbane,nightlife,184,4.7,"couples, adults",3.7
AC-BNE-042,Brisbane Craft & Artisan Workshop — Morning Edition,Brisbane,class,163,4.3,everyone,2.6
AC-BNE-043,Brisbane Language & Culture Crash Course — Small Group Edition,Brisbane,class,64,4.8,solo travellers,2.1
AC-PER-001,Perth Street Food Walking Tour,Perth,food & drink,89,3.5,"couples, foodies",2.7
AC-PER-002,Perth Cooking Class with Local Chef,Perth,food & drink,116,4.4,"couples, families",3.1
AC-PER-003,Perth Night Market & Tapas Crawl,Perth,food & drink,68,3.5,"adults, groups",3.7
AC-PER-004,Historic Perth City Walking Tour,Perth,culture,37,4.7,everyone,2.3
AC-PER-005,Perth Museum & Gallery Pass,Perth,culture,47,4.6,everyone,3.1
AC-PER-006,Perth Old Town Photography Tour,Perth,culture,100,4.5,"couples, solo travellers",2.8
AC-PER-007,Perth Sunset Cruise,Perth,water,111,4.6,"couples, families",2.4
AC-PER-008,Snorkelling Day Trip from Perth,Perth,water,146,4.3,"families, adventure seekers",6.5
AC-PER-009,Perth Kayak & Coastline Tour,Perth,water,154,4.6,active travellers,3.2
AC-PER-010,Perth Countryside Day Trip,Perth,day trip,189,4.5,everyone,9.7
AC-PER-011,Wine & Vineyard Tour near Perth,Perth,day trip,328,3.8,adults,6.6
AC-PER-012,Perth Hidden Villages Small-Group Tour,Perth,day trip,125,4.8,small groups,7.1
AC-PER-013,Perth Mountain Hike & Viewpoints,Perth,adventure,135,4.7,active travellers,6.4
AC-PER-014,Perth Bike Tour,Perth,adventure,70,4.1,"active travellers, families",3.3
AC-PER-015,Perth Zipline & Ropes Adventure,Perth,adventure,119,4.8,adventure seekers,3.1
AC-PER-016,Perth Rooftop Bar Crawl,Perth,nightlife,124,3.8,"adults, groups",3.3
AC-PER-017,Perth Live Music & Dinner Evening,Perth,nightlife,180,3.4,"couples, adults",3.7
AC-PER-018,Perth Craft & Artisan Workshop,Perth,class,155,4.1,everyone,2.6
AC-PER-019,Perth Language & Culture Crash Course,Perth,class,44,4.3,solo travellers,2.2
AC-PER-020,Perth Wellness & Spa Half-Day,Perth,wellness,212,4.4,couples,3.9
AC-PER-021,Perth Sunrise Yoga Session,Perth,wellness,40,4.6,everyone,1.2
AC-PER-022,Perth Hop-On Hop-Off Bus Pass,Perth,sightseeing,86,4.2,"families, everyone",5.8
AC-PER-023,Perth River & Canal Cruise,Perth,sightseeing,52,3.9,everyone,1.8
AC-PER-024,Perth Observation Deck Skip-the-Line,Perth,sightseeing,66,4.3,families,1.4
AC-PER-025,Perth Street Food Walking Tour — Afternoon Edition,Perth,food & drink,58,4.3,"couples, foodies",3.6
AC-PER-026,Perth Cooking Class with Local Chef — Private Edition,Perth,food & drink,153,4.8,"couples, families",3.6
AC-PER-027,Perth Night Market & Tapas Crawl — Private Edition,Perth,food & drink,80,3.8,"adults, groups",3.8
AC-PER-028,Historic Perth City Walking Tour — Evening Edition,Perth,culture,46,3.4,everyone,2.8
AC-PER-029,Perth Museum & Gallery Pass — Premium Edition,Perth,culture,35,4.1,everyone,4.8
AC-PER-030,Perth Old Town Photography Tour — Small Group Edition,Perth,culture,106,3.9,"couples, solo travellers",2.7
AC-PER-031,Perth Sunset Cruise — Morning Edition,Perth,water,138,4.7,"couples, families",2.5
AC-PER-032,Snorkelling Day Trip from Perth — Evening Edition,Perth,water,274,4.4,"families, adventure seekers",8
AC-PER-033,Perth Kayak & Coastline Tour — Private Edition,Perth,water,116,3.7,active travellers,3.5
AC-PER-034,Perth Countryside Day Trip — Small Group Edition,Perth,day trip,221,4.3,everyone,8.4
AC-PER-035,Wine & Vineyard Tour near Perth — Premium Edition,Perth,day trip,149,3.5,adults,7.1
AC-PER-036,Perth Hidden Villages Small-Group Tour — Evening Edition,Perth,day trip,213,3.6,small groups,8.4
AC-PER-037,Perth Mountain Hike & Viewpoints — Private Edition,Perth,adventure,163,4.8,active travellers,7.3
AC-PER-038,Perth Bike Tour — Afternoon Edition,Perth,adventure,79,4.7,"active travellers, families",3
AC-PER-039,Perth Zipline & Ropes Adventure — Small Group Edition,Perth,adventure,188,3.6,adventure seekers,3.3
AC-CNS-001,Cairns Street Food Walking Tour,Cairns,food & drink,83,4.1,"couples, foodies",2.8
AC-CNS-002,Cairns Cooking Class with Local Chef,Cairns,food & drink,137,4.4,"couples, families",3.7
AC-CNS-003,Cairns Night Market & Tapas Crawl,Cairns,food & drink,68,4.5,"adults, groups",3.9
AC-CNS-004,Historic Cairns City Walking Tour,Cairns,culture,70,4.5,everyone,2.8
AC-CNS-005,Cairns Museum & Gallery Pass,Cairns,culture,35,4.3,everyone,4.5
AC-CNS-006,Cairns Old Town Photography Tour,Cairns,culture,60,4.7,"couples, solo travellers",2.1
AC-CNS-007,Cairns Sunset Cruise,Cairns,water,91,3.8,"couples, families",2.3
AC-CNS-008,Snorkelling Day Trip from Cairns,Cairns,water,111,4.6,"families, adventure seekers",7.5
AC-CNS-009,Cairns Kayak & Coastline Tour,Cairns,water,127,4,active travellers,3.3
AC-CNS-010,Cairns Countryside Day Trip,Cairns,day trip,148,3.5,everyone,9
AC-CNS-011,Wine & Vineyard Tour near Cairns,Cairns,day trip,260,3.4,adults,7.1
AC-CNS-012,Cairns Hidden Villages Small-Group Tour,Cairns,day trip,119,4,small groups,8.8
AC-CNS-013,Cairns Mountain Hike & Viewpoints,Cairns,adventure,134,4.7,active travellers,4.5
AC-CNS-014,Cairns Bike Tour,Cairns,adventure,66,3.6,"active travellers, families",4
AC-CNS-015,Cairns Zipline & Ropes Adventure,Cairns,adventure,157,4.2,adventure seekers,2.9
AC-CNS-016,Cairns Rooftop Bar Crawl,Cairns,nightlife,64,3.7,"adults, groups",3.1
AC-CNS-017,Cairns Live Music & Dinner Evening,Cairns,nightlife,172,4.1,"couples, adults",3.8
AC-CNS-018,Cairns Craft & Artisan Workshop,Cairns,class,118,4.5,everyone,2.7
AC-CNS-019,Cairns Language & Culture Crash Course,Cairns,class,67,4,solo travellers,2.5
AC-CNS-020,Cairns Wellness & Spa Half-Day,Cairns,wellness,247,3.5,couples,3.5
AC-CNS-021,Cairns Sunrise Yoga Session,Cairns,wellness,34,4.8,everyone,1.2
AC-CNS-022,Cairns Hop-On Hop-Off Bus Pass,Cairns,sightseeing,80,4.1,"families, everyone",5.4
AC-CNS-023,Cairns River & Canal Cruise,Cairns,sightseeing,77,3.7,everyone,1.1
AC-CNS-024,Cairns Observation Deck Skip-the-Line,Cairns,sightseeing,59,4.9,families,1.9
AC-CNS-025,Cairns Street Food Walking Tour — Private Edition,Cairns,food & drink,57,3.5,"couples, foodies",2.7
AC-CNS-026,Cairns Cooking Class with Local Chef — Morning Edition,Cairns,food & drink,124,4.1,"couples, families",3.2
AC-CNS-027,Cairns Night Market & Tapas Crawl — Private Edition,Cairns,food & drink,101,3.7,"adults, groups",3.8
AC-CNS-028,Historic Cairns City Walking Tour — Small Group Edition,Cairns,culture,48,3.9,everyone,2.1
AC-CNS-029,Cairns Museum & Gallery Pass — Evening Edition,Cairns,culture,71,4.4,everyone,4.9
AC-CNS-030,Cairns Old Town Photography Tour — Afternoon Edition,Cairns,culture,114,3.8,"couples, solo travellers",3
AC-CNS-031,Cairns Sunset Cruise — Private Edition,Cairns,water,143,4,"couples, families",2.4
AC-CNS-032,Snorkelling Day Trip from Cairns — Morning Edition,Cairns,water,98,4.1,"families, adventure seekers",7
AC-CNS-033,Cairns Kayak & Coastline Tour — Afternoon Edition,Cairns,water,108,3.6,active travellers,3.5
AC-CNS-034,Cairns Countryside Day Trip — Private Edition,Cairns,day trip,211,4,everyone,9.5
AC-CNS-035,Wine & Vineyard Tour near Cairns — Small Group Edition,Cairns,day trip,296,4.9,adults,7.2
AC-CNS-036,Cairns Hidden Villages Small-Group Tour — Private Edition,Cairns,day trip,191,3.8,small groups,7.1
AC-CNS-037,Cairns Mountain Hike & Viewpoints — Afternoon Edition,Cairns,adventure,144,3.5,active travellers,7.4
AC-CNS-038,Cairns Bike Tour — Premium Edition,Cairns,adventure,66,4,"active travellers, families",3.5
AC-AKL-001,Auckland Street Food Walking Tour,Auckland,food & drink,114,3.8,"couples, foodies",3.8
AC-AKL-002,Auckland Cooking Class with Local Chef,Auckland,food & drink,98,4.8,"couples, families",3.2
AC-AKL-003,Auckland Night Market & Tapas Crawl,Auckland,food & drink,69,4.3,"adults, groups",3.9
AC-AKL-004,Historic Auckland City Walking Tour,Auckland,culture,32,4.7,everyone,2.7
AC-AKL-005,Auckland Museum & Gallery Pass,Auckland,culture,33,4.3,everyone,4
AC-AKL-006,Auckland Old Town Photography Tour,Auckland,culture,124,4.2,"couples, solo travellers",2.7
AC-AKL-007,Auckland Sunset Cruise,Auckland,water,218,4.7,"couples, families",2.2
AC-AKL-008,Snorkelling Day Trip from Auckland,Auckland,water,194,4.7,"families, adventure seekers",7.1
AC-AKL-009,Auckland Kayak & Coastline Tour,Auckland,water,122,3.6,active travellers,3.7
AC-AKL-010,Auckland Countryside Day Trip,Auckland,day trip,303,3.5,everyone,9.8
AC-AKL-011,Wine & Vineyard Tour near Auckland,Auckland,day trip,197,4.4,adults,7.1
AC-AKL-012,Auckland Hidden Villages Small-Group Tour,Auckland,day trip,246,4.5,small groups,8.9
AC-AKL-013,Auckland Mountain Hike & Viewpoints,Auckland,adventure,118,3.6,active travellers,5.5
AC-AKL-014,Auckland Bike Tour,Auckland,adventure,67,3.5,"active travellers, families",3.1
AC-AKL-015,Auckland Zipline & Ropes Adventure,Auckland,adventure,208,3.9,adventure seekers,2.5
AC-AKL-016,Auckland Rooftop Bar Crawl,Auckland,nightlife,73,3.9,"adults, groups",3.4
AC-AKL-017,Auckland Live Music & Dinner Evening,Auckland,nightlife,153,3.9,"couples, adults",3.9
AC-AKL-018,Auckland Craft & Artisan Workshop,Auckland,class,107,3.7,everyone,2.2
AC-AKL-019,Auckland Language & Culture Crash Course,Auckland,class,78,4.9,solo travellers,2.6
AC-AKL-020,Auckland Wellness & Spa Half-Day,Auckland,wellness,178,4.2,couples,4.7
AC-AKL-021,Auckland Sunrise Yoga Session,Auckland,wellness,46,3.6,everyone,1.5
AC-AKL-022,Auckland Hop-On Hop-Off Bus Pass,Auckland,sightseeing,87,4.3,"families, everyone",7.8
AC-AKL-023,Auckland River & Canal Cruise,Auckland,sightseeing,54,4.5,everyone,1.4
AC-AKL-024,Auckland Observation Deck Skip-the-Line,Auckland,sightseeing,85,4.6,families,1.5
AC-AKL-025,Auckland Street Food Walking Tour — Private Edition,Auckland,food & drink,111,3.9,"couples, foodies",3
AC-AKL-026,Auckland Cooking Class with Local Chef — Morning Edition,Auckland,food & drink,195,4.4,"couples, families",3.9
AC-AKL-027,Auckland Night Market & Tapas Crawl — Afternoon Edition,Auckland,food & drink,94,3.9,"adults, groups",3.9
AC-AKL-028,Historic Auckland City Walking Tour — Morning Edition,Auckland,culture,74,4.6,everyone,3.2
AC-AKL-029,Auckland Museum & Gallery Pass — Small Group Edition,Auckland,culture,84,4.7,everyone,5.1
AC-AKL-030,Auckland Old Town Photography Tour — Evening Edition,Auckland,culture,134,4.4,"couples, solo travellers",3.5
AC-AKL-031,Auckland Sunset Cruise — Morning Edition,Auckland,water,87,3.7,"couples, families",2
AC-AKL-032,Snorkelling Day Trip from Auckland — Afternoon Edition,Auckland,water,239,4.9,"families, adventure seekers",7.3
AC-AKL-033,Auckland Kayak & Coastline Tour — Private Edition,Auckland,water,158,3.5,active travellers,3.5
AC-AKL-034,Auckland Countryside Day Trip — Evening Edition,Auckland,day trip,180,3.9,everyone,9.7
AC-AKL-035,Wine & Vineyard Tour near Auckland — Small Group Edition,Auckland,day trip,151,4,adults,7.9
AC-ZQN-001,Queenstown Street Food Walking Tour,Queenstown,food & drink,56,3.7,"couples, foodies",2.6
AC-ZQN-002,Queenstown Cooking Class with Local Chef,Queenstown,food & drink,181,4.9,"couples, families",4
AC-ZQN-003,Queenstown Night Market & Tapas Crawl,Queenstown,food & drink,106,3.4,"adults, groups",3.3
AC-ZQN-004,Historic Queenstown City Walking Tour,Queenstown,culture,32,4.3,everyone,2.4
AC-ZQN-005,Queenstown Museum & Gallery Pass,Queenstown,culture,41,3.8,everyone,3.5
AC-ZQN-006,Queenstown Old Town Photography Tour,Queenstown,culture,131,4.5,"couples, solo travellers",3.4
AC-ZQN-007,Queenstown Sunset Cruise,Queenstown,water,212,4,"couples, families",2.3
AC-ZQN-008,Snorkelling Day Trip from Queenstown,Queenstown,water,210,4.7,"families, adventure seekers",6.5
AC-ZQN-009,Queenstown Kayak & Coastline Tour,Queenstown,water,132,3.6,active travellers,3.9
AC-ZQN-010,Queenstown Countryside Day Trip,Queenstown,day trip,154,3.7,everyone,8.9
AC-ZQN-011,Wine & Vineyard Tour near Queenstown,Queenstown,day trip,329,4.9,adults,7.7
AC-ZQN-012,Queenstown Hidden Villages Small-Group Tour,Queenstown,day trip,274,4.4,small groups,7.1
AC-ZQN-013,Queenstown Mountain Hike & Viewpoints,Queenstown,adventure,99,4.1,active travellers,6.8
AC-ZQN-014,Queenstown Bike Tour,Queenstown,adventure,110,3.8,"active travellers, families",3.7
AC-ZQN-015,Queenstown Zipline & Ropes Adventure,Queenstown,adventure,193,4.9,adventure seekers,3.6
AC-ZQN-016,Queenstown Rooftop Bar Crawl,Queenstown,nightlife,113,4.8,"adults, groups",3.4
AC-ZQN-017,Queenstown Live Music & Dinner Evening,Queenstown,nightlife,223,5,"couples, adults",4
AC-ZQN-018,Queenstown Craft & Artisan Workshop,Queenstown,class,141,3.9,everyone,2.1
AC-ZQN-019,Queenstown Language & Culture Crash Course,Queenstown,class,86,4.4,solo travellers,2.9
AC-ZQN-020,Queenstown Wellness & Spa Half-Day,Queenstown,wellness,342,4.2,couples,3.4
AC-ZQN-021,Queenstown Sunrise Yoga Session,Queenstown,wellness,52,3.5,everyone,1.9
AC-ZQN-022,Queenstown Hop-On Hop-Off Bus Pass,Queenstown,sightseeing,89,3.7,"families, everyone",5.2
AC-ZQN-023,Queenstown River & Canal Cruise,Queenstown,sightseeing,49,3.6,everyone,2.2
AC-ZQN-024,Queenstown Observation Deck Skip-the-Line,Queenstown,sightseeing,75,3.7,families,1.1
AC-ZQN-025,Queenstown Street Food Walking Tour — Morning Edition,Queenstown,food & drink,66,4.3,"couples, foodies",3.6
AC-ZQN-026,Queenstown Cooking Class with Local Chef — Morning Edition,Queenstown,food & drink,125,3.6,"couples, families",3.4
AC-ZQN-027,Queenstown Night Market & Tapas Crawl — Private Edition,Queenstown,food & drink,92,3.6,"adults, groups",3.6
AC-ZQN-028,Historic Queenstown City Walking Tour — Afternoon Edition,Queenstown,culture,75,4,everyone,3.3
AC-ZQN-029,Queenstown Museum & Gallery Pass — Afternoon Edition,Queenstown,culture,62,4.1,everyone,5.4
AC-ZQN-030,Queenstown Old Town Photography Tour — Afternoon Edition,Queenstown,culture,102,4.3,"couples, solo travellers",2.2
AC-ZQN-031,Queenstown Sunset Cruise — Morning Edition,Queenstown,water,221,4.8,"couples, families",2.8
AC-ZQN-032,Snorkelling Day Trip from Queenstown — Private Edition,Queenstown,water,133,3.9,"families, adventure seekers",7.5
AC-ZQN-033,Queenstown Kayak & Coastline Tour — Private Edition,Queenstown,water,152,3.8,active travellers,3.8
AC-ZQN-034,Queenstown Countryside Day Trip — Evening Edition,Queenstown,day trip,153,3.7,everyone,9
AC-ZQN-035,Wine & Vineyard Tour near Queenstown — Premium Edition,Queenstown,day trip,225,3.7,adults,6.2
AC-ZQN-036,Queenstown Hidden Villages Small-Group Tour — Small Group Edition,Queenstown,day trip,222,4.1,small groups,8.5
AC-ZQN-037,Queenstown Mountain Hike & Viewpoints — Morning Edition,Queenstown,adventure,166,4,active travellers,6.9
AC-NRT-001,Tokyo Street Food Walking Tour,Tokyo,food & drink,144,4.5,"couples, foodies",3.6
AC-NRT-002,Tokyo Cooking Class with Local Chef,Tokyo,food & drink,128,4.2,"couples, families",3.8
AC-NRT-003,Tokyo Night Market & Tapas Crawl,Tokyo,food & drink,128,4.1,"adults, groups",3.4
AC-NRT-004,Historic Tokyo City Walking Tour,Tokyo,culture,70,4.8,everyone,2.2
AC-NRT-005,Tokyo Museum & Gallery Pass,Tokyo,culture,79,4.1,everyone,3.9
AC-NRT-006,Tokyo Old Town Photography Tour,Tokyo,culture,119,4.1,"couples, solo travellers",3.1
AC-NRT-007,Tokyo Sunset Cruise,Tokyo,water,94,4.9,"couples, families",2.4
AC-NRT-008,Snorkelling Day Trip from Tokyo,Tokyo,water,263,4.8,"families, adventure seekers",6.4
AC-NRT-009,Tokyo Kayak & Coastline Tour,Tokyo,water,152,4.4,active travellers,3.1
AC-NRT-010,Tokyo Countryside Day Trip,Tokyo,day trip,152,4,everyone,9.9
AC-NRT-011,Wine & Vineyard Tour near Tokyo,Tokyo,day trip,336,4.2,adults,6.6
AC-NRT-012,Tokyo Hidden Villages Small-Group Tour,Tokyo,day trip,272,4.1,small groups,8
AC-NRT-013,Tokyo Mountain Hike & Viewpoints,Tokyo,adventure,148,3.5,active travellers,5.8
AC-NRT-014,Tokyo Bike Tour,Tokyo,adventure,77,3.9,"active travellers, families",3.7
AC-NRT-015,Tokyo Zipline & Ropes Adventure,Tokyo,adventure,112,4.1,adventure seekers,3.3
AC-NRT-016,Tokyo Rooftop Bar Crawl,Tokyo,nightlife,148,4.7,"adults, groups",3.1
AC-NRT-017,Tokyo Live Music & Dinner Evening,Tokyo,nightlife,257,4,"couples, adults",3.1
AC-NRT-018,Tokyo Craft & Artisan Workshop,Tokyo,class,186,3.7,everyone,2
AC-NRT-019,Tokyo Language & Culture Crash Course,Tokyo,class,71,3.6,solo travellers,2.3
AC-NRT-020,Tokyo Wellness & Spa Half-Day,Tokyo,wellness,179,4.7,couples,3.3
AC-NRT-021,Tokyo Sunrise Yoga Session,Tokyo,wellness,38,3.7,everyone,1.2
AC-NRT-022,Tokyo Hop-On Hop-Off Bus Pass,Tokyo,sightseeing,58,3.5,"families, everyone",6.2
AC-NRT-023,Tokyo River & Canal Cruise,Tokyo,sightseeing,106,4.7,everyone,2.2
AC-NRT-024,Tokyo Observation Deck Skip-the-Line,Tokyo,sightseeing,78,4.4,families,1.3
AC-NRT-025,Tokyo Street Food Walking Tour — Premium Edition,Tokyo,food & drink,109,3.5,"couples, foodies",3.2
AC-NRT-026,Tokyo Cooking Class with Local Chef — Afternoon Edition,Tokyo,food & drink,206,4.5,"couples, families",3.1
AC-NRT-027,Tokyo Night Market & Tapas Crawl — Evening Edition,Tokyo,food & drink,86,3.9,"adults, groups",3.5
AC-NRT-028,Historic Tokyo City Walking Tour — Premium Edition,Tokyo,culture,71,4.6,everyone,3
AC-NRT-029,Tokyo Museum & Gallery Pass — Morning Edition,Tokyo,culture,79,4.3,everyone,4.4
AC-NRT-030,Tokyo Old Town Photography Tour — Small Group Edition,Tokyo,culture,163,4.7,"couples, solo travellers",3.4
AC-NRT-031,Tokyo Sunset Cruise — Morning Edition,Tokyo,water,154,3.4,"couples, families",2.2
AC-NRT-032,Snorkelling Day Trip from Tokyo — Small Group Edition,Tokyo,water,236,4.2,"families, adventure seekers",6.7
AC-NRT-033,Tokyo Kayak & Coastline Tour — Premium Edition,Tokyo,water,101,3.7,active travellers,3
AC-NRT-034,Tokyo Countryside Day Trip — Evening Edition,Tokyo,day trip,286,4,everyone,9.5
AC-NRT-035,Wine & Vineyard Tour near Tokyo — Evening Edition,Tokyo,day trip,296,3.6,adults,7.6
AC-NRT-036,Tokyo Hidden Villages Small-Group Tour — Premium Edition,Tokyo,day trip,199,3.9,small groups,8.8
AC-NRT-037,Tokyo Mountain Hike & Viewpoints — Morning Edition,Tokyo,adventure,120,3.6,active travellers,4.8
AC-NRT-038,Tokyo Bike Tour — Premium Edition,Tokyo,adventure,103,4.7,"active travellers, families",3.7
AC-KIX-001,Osaka Street Food Walking Tour,Osaka,food & drink,127,3.5,"couples, foodies",3.3
AC-KIX-002,Osaka Cooking Class with Local Chef,Osaka,food & drink,141,4.4,"couples, families",3.3
AC-KIX-003,Osaka Night Market & Tapas Crawl,Osaka,food & drink,92,4.5,"adults, groups",3.4
AC-KIX-004,Historic Osaka City Walking Tour,Osaka,culture,61,3.7,everyone,3.4
AC-KIX-005,Osaka Museum & Gallery Pass,Osaka,culture,44,4.3,everyone,4.4
AC-KIX-006,Osaka Old Town Photography Tour,Osaka,culture,75,4.2,"couples, solo travellers",4
AC-KIX-007,Osaka Sunset Cruise,Osaka,water,206,3.5,"couples, families",2.4
AC-KIX-008,Snorkelling Day Trip from Osaka,Osaka,water,265,4.3,"families, adventure seekers",7.7
AC-KIX-009,Osaka Kayak & Coastline Tour,Osaka,water,152,4.5,active travellers,3.6
AC-KIX-010,Osaka Countryside Day Trip,Osaka,day trip,167,4.1,everyone,9.3
AC-KIX-011,Wine & Vineyard Tour near Osaka,Osaka,day trip,171,4.1,adults,7.2
AC-KIX-012,Osaka Hidden Villages Small-Group Tour,Osaka,day trip,261,4.4,small groups,7.8
AC-KIX-013,Osaka Mountain Hike & Viewpoints,Osaka,adventure,89,3.8,active travellers,7.5
AC-KIX-014,Osaka Bike Tour,Osaka,adventure,118,4.4,"active travellers, families",3.1
AC-KIX-015,Osaka Zipline & Ropes Adventure,Osaka,adventure,139,3.9,adventure seekers,2.8
AC-KIX-016,Osaka Rooftop Bar Crawl,Osaka,nightlife,74,3.8,"adults, groups",3.1
AC-KIX-017,Osaka Live Music & Dinner Evening,Osaka,nightlife,136,3.5,"couples, adults",3.8
AC-KIX-018,Osaka Craft & Artisan Workshop,Osaka,class,117,3.6,everyone,2.1
AC-KIX-019,Osaka Language & Culture Crash Course,Osaka,class,99,4.3,solo travellers,2
AC-KIX-020,Osaka Wellness & Spa Half-Day,Osaka,wellness,309,3.9,couples,4.7
AC-KIX-021,Osaka Sunrise Yoga Session,Osaka,wellness,45,4.9,everyone,1.6
AC-KIX-022,Osaka Hop-On Hop-Off Bus Pass,Osaka,sightseeing,66,3.6,"families, everyone",5.1
AC-KIX-023,Osaka River & Canal Cruise,Osaka,sightseeing,47,4.5,everyone,1.1
AC-KIX-024,Osaka Observation Deck Skip-the-Line,Osaka,sightseeing,66,4.4,families,1.9
AC-KIX-025,Osaka Street Food Walking Tour — Premium Edition,Osaka,food & drink,97,4.3,"couples, foodies",3.9
AC-KIX-026,Osaka Cooking Class with Local Chef — Afternoon Edition,Osaka,food & drink,169,4.1,"couples, families",3.1
AC-KIX-027,Osaka Night Market & Tapas Crawl — Evening Edition,Osaka,food & drink,76,4.5,"adults, groups",3.6
AC-KIX-028,Historic Osaka City Walking Tour — Evening Edition,Osaka,culture,70,3.5,everyone,2.2
AC-KIX-029,Osaka Museum & Gallery Pass — Morning Edition,Osaka,culture,92,3.9,everyone,5.4
AC-KIX-030,Osaka Old Town Photography Tour — Premium Edition,Osaka,culture,102,4.5,"couples, solo travellers",3.1
AC-KIX-031,Osaka Sunset Cruise — Morning Edition,Osaka,water,211,4.8,"couples, families",2.2
AC-KIX-032,Snorkelling Day Trip from Osaka — Evening Edition,Osaka,water,123,4.7,"families, adventure seekers",7
AC-KIX-033,Osaka Kayak & Coastline Tour — Afternoon Edition,Osaka,water,108,4.9,active travellers,3.3
AC-KIX-034,Osaka Countryside Day Trip — Evening Edition,Osaka,day trip,134,3.5,everyone,9.3
AC-KIX-035,Wine & Vineyard Tour near Osaka — Small Group Edition,Osaka,day trip,306,3.5,adults,8
AC-KIX-036,Osaka Hidden Villages Small-Group Tour — Morning Edition,Osaka,day trip,154,4.7,small groups,7.1
AC-KIX-037,Osaka Mountain Hike & Viewpoints — Afternoon Edition,Osaka,adventure,88,4.6,active travellers,6.7
AC-KIX-038,Osaka Bike Tour — Morning Edition,Osaka,adventure,91,4.3,"active travellers, families",3.6
AC-KIX-039,Osaka Zipline & Ropes Adventure — Small Group Edition,Osaka,adventure,146,4,adventure seekers,3.2
AC-KIX-040,Osaka Rooftop Bar Crawl — Private Edition,Osaka,nightlife,134,4.9,"adults, groups",3.4
AC-UKY-001,Kyoto Street Food Walking Tour,Kyoto,food & drink,77,4.9,"couples, foodies",3.2
AC-UKY-002,Kyoto Cooking Class with Local Chef,Kyoto,food & drink,124,4.9,"couples, families",3.6
AC-UKY-003,Kyoto Night Market & Tapas Crawl,Kyoto,food & drink,105,3.4,"adults, groups",3.4
AC-UKY-004,Historic Kyoto City Walking Tour,Kyoto,culture,64,3.8,everyone,2.9
AC-UKY-005,Kyoto Museum & Gallery Pass,Kyoto,culture,69,5,everyone,3.2
AC-UKY-006,Kyoto Old Town Photography Tour,Kyoto,culture,121,4.6,"couples, solo travellers",2.8
AC-UKY-007,Kyoto Sunset Cruise,Kyoto,water,153,4.4,"couples, families",2.7
AC-UKY-008,Snorkelling Day Trip from Kyoto,Kyoto,water,261,4.5,"families, adventure seekers",6.7
AC-UKY-009,Kyoto Kayak & Coastline Tour,Kyoto,water,130,4.7,active travellers,3.3
AC-UKY-010,Kyoto Countryside Day Trip,Kyoto,day trip,301,5,everyone,9.2
AC-UKY-011,Wine & Vineyard Tour near Kyoto,Kyoto,day trip,204,4.3,adults,7.5
AC-UKY-012,Kyoto Hidden Villages Small-Group Tour,Kyoto,day trip,179,3.4,small groups,7.1
AC-UKY-013,Kyoto Mountain Hike & Viewpoints,Kyoto,adventure,183,3.5,active travellers,5
AC-UKY-014,Kyoto Bike Tour,Kyoto,adventure,87,4.3,"active travellers, families",3.5
AC-UKY-015,Kyoto Zipline & Ropes Adventure,Kyoto,adventure,210,3.9,adventure seekers,2
AC-UKY-016,Kyoto Rooftop Bar Crawl,Kyoto,nightlife,144,4,"adults, groups",3.7
AC-UKY-017,Kyoto Live Music & Dinner Evening,Kyoto,nightlife,109,4.4,"couples, adults",3.4
AC-UKY-018,Kyoto Craft & Artisan Workshop,Kyoto,class,87,4.4,everyone,2.5
AC-UKY-019,Kyoto Language & Culture Crash Course,Kyoto,class,55,4.9,solo travellers,2.2
AC-UKY-020,Kyoto Wellness & Spa Half-Day,Kyoto,wellness,340,4.9,couples,4.5
AC-UKY-021,Kyoto Sunrise Yoga Session,Kyoto,wellness,76,4.7,everyone,1.9
AC-UKY-022,Kyoto Hop-On Hop-Off Bus Pass,Kyoto,sightseeing,70,4.3,"families, everyone",5.2
AC-UKY-023,Kyoto River & Canal Cruise,Kyoto,sightseeing,70,4.1,everyone,1.3
AC-UKY-024,Kyoto Observation Deck Skip-the-Line,Kyoto,sightseeing,55,4.4,families,1.8
AC-UKY-025,Kyoto Street Food Walking Tour — Private Edition,Kyoto,food & drink,120,4.4,"couples, foodies",3.9
AC-UKY-026,Kyoto Cooking Class with Local Chef — Afternoon Edition,Kyoto,food & drink,130,4.3,"couples, families",3.6
AC-UKY-027,Kyoto Night Market & Tapas Crawl — Small Group Edition,Kyoto,food & drink,81,4.7,"adults, groups",3.4
AC-UKY-028,Historic Kyoto City Walking Tour — Afternoon Edition,Kyoto,culture,74,4.5,everyone,3.3
AC-UKY-029,Kyoto Museum & Gallery Pass — Premium Edition,Kyoto,culture,47,4.4,everyone,5.4
AC-UKY-030,Kyoto Old Town Photography Tour — Private Edition,Kyoto,culture,117,3.4,"couples, solo travellers",3.1
AC-UKY-031,Kyoto Sunset Cruise — Premium Edition,Kyoto,water,133,3.9,"couples, families",2.6
AC-UKY-032,Snorkelling Day Trip from Kyoto — Afternoon Edition,Kyoto,water,218,3.9,"families, adventure seekers",7.8
AC-UKY-033,Kyoto Kayak & Coastline Tour — Afternoon Edition,Kyoto,water,115,3.7,active travellers,3.5
AC-UKY-034,Kyoto Countryside Day Trip — Premium Edition,Kyoto,day trip,194,4.8,everyone,8.1
AC-CTS-001,Sapporo Street Food Walking Tour,Sapporo,food & drink,67,4.3,"couples, foodies",3.7
AC-CTS-002,Sapporo Cooking Class with Local Chef,Sapporo,food & drink,83,4.2,"couples, families",3.7
AC-CTS-003,Sapporo Night Market & Tapas Crawl,Sapporo,food & drink,68,4.1,"adults, groups",3.4
AC-CTS-004,Historic Sapporo City Walking Tour,Sapporo,culture,30,4.4,everyone,2.6
AC-CTS-005,Sapporo Museum & Gallery Pass,Sapporo,culture,48,3.5,everyone,3.6
AC-CTS-006,Sapporo Old Town Photography Tour,Sapporo,culture,128,4.9,"couples, solo travellers",3.1
AC-CTS-007,Sapporo Sunset Cruise,Sapporo,water,195,4.8,"couples, families",2.2
AC-CTS-008,Snorkelling Day Trip from Sapporo,Sapporo,water,148,4.4,"families, adventure seekers",7.6
AC-CTS-009,Sapporo Kayak & Coastline Tour,Sapporo,water,149,3.6,active travellers,3.3
AC-CTS-010,Sapporo Countryside Day Trip,Sapporo,day trip,110,4,everyone,10
AC-CTS-011,Wine & Vineyard Tour near Sapporo,Sapporo,day trip,150,3.7,adults,7.5
AC-CTS-012,Sapporo Hidden Villages Small-Group Tour,Sapporo,day trip,101,4,small groups,7.9
AC-CTS-013,Sapporo Mountain Hike & Viewpoints,Sapporo,adventure,108,4.1,active travellers,5.7
AC-CTS-014,Sapporo Bike Tour,Sapporo,adventure,105,4.9,"active travellers, families",3.1
AC-CTS-015,Sapporo Zipline & Ropes Adventure,Sapporo,adventure,163,4,adventure seekers,2.9
AC-CTS-016,Sapporo Rooftop Bar Crawl,Sapporo,nightlife,89,4.4,"adults, groups",3.8
AC-CTS-017,Sapporo Live Music & Dinner Evening,Sapporo,nightlife,159,4.4,"couples, adults",3.8
AC-CTS-018,Sapporo Craft & Artisan Workshop,Sapporo,class,93,4.3,everyone,2
AC-CTS-019,Sapporo Language & Culture Crash Course,Sapporo,class,44,4.7,solo travellers,2.3
AC-CTS-020,Sapporo Wellness & Spa Half-Day,Sapporo,wellness,239,4.2,couples,4.7
AC-CTS-021,Sapporo Sunrise Yoga Session,Sapporo,wellness,70,4.7,everyone,1.8
AC-CTS-022,Sapporo Hop-On Hop-Off Bus Pass,Sapporo,sightseeing,80,4.3,"families, everyone",6.6
AC-CTS-023,Sapporo River & Canal Cruise,Sapporo,sightseeing,84,3.9,everyone,1.8
AC-CTS-024,Sapporo Observation Deck Skip-the-Line,Sapporo,sightseeing,52,3.7,families,1.9
AC-CTS-025,Sapporo Street Food Walking Tour — Premium Edition,Sapporo,food & drink,73,3.8,"couples, foodies",3.6
AC-CTS-026,Sapporo Cooking Class with Local Chef — Afternoon Edition,Sapporo,food & drink,117,3.4,"couples, families",3.5
AC-CTS-027,Sapporo Night Market & Tapas Crawl — Small Group Edition,Sapporo,food & drink,105,4.9,"adults, groups",3.8
AC-CTS-028,Historic Sapporo City Walking Tour — Morning Edition,Sapporo,culture,55,4.9,everyone,3.3
AC-CTS-029,Sapporo Museum & Gallery Pass — Premium Edition,Sapporo,culture,87,4.6,everyone,5.8
AC-CTS-030,Sapporo Old Town Photography Tour — Morning Edition,Sapporo,culture,119,4.2,"couples, solo travellers",2.7
AC-CTS-031,Sapporo Sunset Cruise — Morning Edition,Sapporo,water,172,4.9,"couples, families",2.8
AC-CTS-032,Snorkelling Day Trip from Sapporo — Private Edition,Sapporo,water,223,3.7,"families, adventure seekers",8
AC-CTS-033,Sapporo Kayak & Coastline Tour — Evening Edition,Sapporo,water,114,4.1,active travellers,3.9
AC-CTS-034,Sapporo Countryside Day Trip — Evening Edition,Sapporo,day trip,187,4.4,everyone,9.8
AC-CTS-035,Wine & Vineyard Tour near Sapporo — Private Edition,Sapporo,day trip,316,3.6,adults,7
AC-ICN-001,Seoul Street Food Walking Tour,Seoul,food & drink,80,4.5,"couples, foodies",2.7
AC-ICN-002,Seoul Cooking Class with Local Chef,Seoul,food & drink,92,4.5,"couples, families",3.8
AC-ICN-003,Seoul Night Market & Tapas Crawl,Seoul,food & drink,65,3.4,"adults, groups",3.3
AC-ICN-004,Historic Seoul City Walking Tour,Seoul,culture,40,4.9,everyone,3.4
AC-ICN-005,Seoul Museum & Gallery Pass,Seoul,culture,53,4.7,everyone,4.5
AC-ICN-006,Seoul Old Town Photography Tour,Seoul,culture,81,3.7,"couples, solo travellers",2.8
AC-ICN-007,Seoul Sunset Cruise,Seoul,water,130,3.8,"couples, families",2
AC-ICN-008,Snorkelling Day Trip from Seoul,Seoul,water,260,3.8,"families, adventure seekers",7.1
AC-ICN-009,Seoul Kayak & Coastline Tour,Seoul,water,103,4.7,active travellers,3.7
AC-ICN-010,Seoul Countryside Day Trip,Seoul,day trip,252,3.5,everyone,9.1
AC-ICN-011,Wine & Vineyard Tour near Seoul,Seoul,day trip,281,4.9,adults,6.6
AC-ICN-012,Seoul Hidden Villages Small-Group Tour,Seoul,day trip,194,4.5,small groups,7.7
AC-ICN-013,Seoul Mountain Hike & Viewpoints,Seoul,adventure,59,4.5,active travellers,5.3
AC-ICN-014,Seoul Bike Tour,Seoul,adventure,55,4.8,"active travellers, families",3.5
AC-ICN-015,Seoul Zipline & Ropes Adventure,Seoul,adventure,167,3.9,adventure seekers,3.5
AC-ICN-016,Seoul Rooftop Bar Crawl,Seoul,nightlife,122,4.5,"adults, groups",3.9
AC-ICN-017,Seoul Live Music & Dinner Evening,Seoul,nightlife,214,4,"couples, adults",3.8
AC-ICN-018,Seoul Craft & Artisan Workshop,Seoul,class,92,4,everyone,3
AC-ICN-019,Seoul Language & Culture Crash Course,Seoul,class,67,4.4,solo travellers,2.6
AC-ICN-020,Seoul Wellness & Spa Half-Day,Seoul,wellness,202,4.8,couples,4.5
AC-ICN-021,Seoul Sunrise Yoga Session,Seoul,wellness,62,4.5,everyone,1.4
AC-ICN-022,Seoul Hop-On Hop-Off Bus Pass,Seoul,sightseeing,80,4.6,"families, everyone",6.7
AC-ICN-023,Seoul River & Canal Cruise,Seoul,sightseeing,64,5,everyone,1.8
AC-ICN-024,Seoul Observation Deck Skip-the-Line,Seoul,sightseeing,88,3.9,families,1.6
AC-ICN-025,Seoul Street Food Walking Tour — Private Edition,Seoul,food & drink,114,4.4,"couples, foodies",3.2
AC-ICN-026,Seoul Cooking Class with Local Chef — Afternoon Edition,Seoul,food & drink,158,3.6,"couples, families",3.8
AC-ICN-027,Seoul Night Market & Tapas Crawl — Afternoon Edition,Seoul,food & drink,65,3.7,"adults, groups",3.3
AC-ICN-028,Historic Seoul City Walking Tour — Private Edition,Seoul,culture,67,4.3,everyone,3.1
AC-ICN-029,Seoul Museum & Gallery Pass — Small Group Edition,Seoul,culture,84,4,everyone,3.2
AC-ICN-030,Seoul Old Town Photography Tour — Private Edition,Seoul,culture,84,4.5,"couples, solo travellers",2.9
AC-ICN-031,Seoul Sunset Cruise — Small Group Edition,Seoul,water,156,4.4,"couples, families",2.1
AC-ICN-032,Snorkelling Day Trip from Seoul — Small Group Edition,Seoul,water,257,4.6,"families, adventure seekers",6.3
AC-ICN-033,Seoul Kayak & Coastline Tour — Private Edition,Seoul,water,139,4.2,active travellers,3.7
AC-ICN-034,Seoul Countryside Day Trip — Afternoon Edition,Seoul,day trip,145,3.9,everyone,8.6
AC-ICN-035,Wine & Vineyard Tour near Seoul — Premium Edition,Seoul,day trip,277,4.2,adults,7.7
AC-ICN-036,Seoul Hidden Villages Small-Group Tour — Small Group Edition,Seoul,day trip,150,4.5,small groups,7.2
AC-ICN-037,Seoul Mountain Hike & Viewpoints — Evening Edition,Seoul,adventure,105,4.9,active travellers,4.6
AC-ICN-038,Seoul Bike Tour — Small Group Edition,Seoul,adventure,61,4.4,"active travellers, families",3.6
AC-ICN-039,Seoul Zipline & Ropes Adventure — Premium Edition,Seoul,adventure,122,3.5,adventure seekers,3.5
AC-ICN-040,Seoul Rooftop Bar Crawl — Morning Edition,Seoul,nightlife,124,3.9,"adults, groups",3.6
AC-ICN-041,Seoul Live Music & Dinner Evening — Small Group Edition,Seoul,nightlife,109,4,"couples, adults",3.6
AC-PUS-001,Busan Street Food Walking Tour,Busan,food & drink,41,4.5,"couples, foodies",3.3
AC-PUS-002,Busan Cooking Class with Local Chef,Busan,food & drink,142,3.6,"couples, families",3.6
AC-PUS-003,Busan Night Market & Tapas Crawl,Busan,food & drink,53,4.2,"adults, groups",3.9
AC-PUS-004,Historic Busan City Walking Tour,Busan,culture,54,3.5,everyone,2.2
AC-PUS-005,Busan Museum & Gallery Pass,Busan,culture,53,3.6,everyone,5.1
AC-PUS-006,Busan Old Town Photography Tour,Busan,culture,86,3.8,"couples, solo travellers",2.1
AC-PUS-007,Busan Sunset Cruise,Busan,water,152,4.5,"couples, families",2.8
AC-PUS-008,Snorkelling Day Trip from Busan,Busan,water,84,4.2,"families, adventure seekers",6.9
AC-PUS-009,Busan Kayak & Coastline Tour,Busan,water,116,4.1,active travellers,3.8
AC-PUS-010,Busan Countryside Day Trip,Busan,day trip,222,3.7,everyone,9.6
AC-PUS-011,Wine & Vineyard Tour near Busan,Busan,day trip,221,3.8,adults,6.4
AC-PUS-012,Busan Hidden Villages Small-Group Tour,Busan,day trip,205,4.9,small groups,7.8
AC-PUS-013,Busan Mountain Hike & Viewpoints,Busan,adventure,77,4.8,active travellers,6.4
AC-PUS-014,Busan Bike Tour,Busan,adventure,77,5,"active travellers, families",3.6
AC-PUS-015,Busan Zipline & Ropes Adventure,Busan,adventure,131,3.9,adventure seekers,3.8
AC-PUS-016,Busan Rooftop Bar Crawl,Busan,nightlife,113,4.5,"adults, groups",3.3
AC-PUS-017,Busan Live Music & Dinner Evening,Busan,nightlife,164,4,"couples, adults",3.9
AC-PUS-018,Busan Craft & Artisan Workshop,Busan,class,122,4.7,everyone,2.6
AC-PUS-019,Busan Language & Culture Crash Course,Busan,class,78,3.8,solo travellers,2.2
AC-PUS-020,Busan Wellness & Spa Half-Day,Busan,wellness,168,3.5,couples,4.4
AC-PUS-021,Busan Sunrise Yoga Session,Busan,wellness,48,3.7,everyone,1.9
AC-PUS-022,Busan Hop-On Hop-Off Bus Pass,Busan,sightseeing,64,4.9,"families, everyone",4.2
AC-PUS-023,Busan River & Canal Cruise,Busan,sightseeing,60,4.7,everyone,1.4
AC-PUS-024,Busan Observation Deck Skip-the-Line,Busan,sightseeing,66,4.3,families,1.7
AC-PUS-025,Busan Street Food Walking Tour — Private Edition,Busan,food & drink,45,4.7,"couples, foodies",3.4
AC-PUS-026,Busan Cooking Class with Local Chef — Morning Edition,Busan,food & drink,105,4.3,"couples, families",3.2
AC-PUS-027,Busan Night Market & Tapas Crawl — Private Edition,Busan,food & drink,49,3.5,"adults, groups",3.7
AC-PUS-028,Historic Busan City Walking Tour — Private Edition,Busan,culture,26,4.3,everyone,2.4
AC-PUS-029,Busan Museum & Gallery Pass — Afternoon Edition,Busan,culture,28,4.8,everyone,5.1
AC-PUS-030,Busan Old Town Photography Tour — Private Edition,Busan,culture,115,5,"couples, solo travellers",3.9
AC-PUS-031,Busan Sunset Cruise — Private Edition,Busan,water,111,4,"couples, families",2.4
AC-PUS-032,Snorkelling Day Trip from Busan — Private Edition,Busan,water,218,3.6,"families, adventure seekers",8
AC-PUS-033,Busan Kayak & Coastline Tour — Small Group Edition,Busan,water,59,4.1,active travellers,3.4
AC-PUS-034,Busan Countryside Day Trip — Premium Edition,Busan,day trip,239,3.4,everyone,9.6
AC-PUS-035,Wine & Vineyard Tour near Busan — Private Edition,Busan,day trip,216,4.3,adults,6.4
AC-PUS-036,Busan Hidden Villages Small-Group Tour — Premium Edition,Busan,day trip,103,4.1,small groups,8.4
AC-PUS-037,Busan Mountain Hike & Viewpoints — Morning Edition,Busan,adventure,70,3.5,active travellers,7.3
AC-PUS-038,Busan Bike Tour — Afternoon Edition,Busan,adventure,41,3.9,"active travellers, families",3.7
AC-TPE-001,Taipei Street Food Walking Tour,Taipei,food & drink,105,4.9,"couples, foodies",2.6
AC-TPE-002,Taipei Cooking Class with Local Chef,Taipei,food & drink,86,4,"couples, families",3.7
AC-TPE-003,Taipei Night Market & Tapas Crawl,Taipei,food & drink,58,4.7,"adults, groups",3.3
AC-TPE-004,Historic Taipei City Walking Tour,Taipei,culture,58,3.6,everyone,2.2
AC-TPE-005,Taipei Museum & Gallery Pass,Taipei,culture,34,3.5,everyone,4.3
AC-TPE-006,Taipei Old Town Photography Tour,Taipei,culture,83,4.8,"couples, solo travellers",2.1
AC-TPE-007,Taipei Sunset Cruise,Taipei,water,67,4.5,"couples, families",2.6
AC-TPE-008,Snorkelling Day Trip from Taipei,Taipei,water,98,3.6,"families, adventure seekers",6.5
AC-TPE-009,Taipei Kayak & Coastline Tour,Taipei,water,89,4.3,active travellers,3.3
AC-TPE-010,Taipei Countryside Day Trip,Taipei,day trip,185,3.5,everyone,9.6
AC-TPE-011,Wine & Vineyard Tour near Taipei,Taipei,day trip,178,4.2,adults,7.1
AC-TPE-012,Taipei Hidden Villages Small-Group Tour,Taipei,day trip,175,4.5,small groups,8.6
AC-TPE-013,Taipei Mountain Hike & Viewpoints,Taipei,adventure,98,3.5,active travellers,7.3
AC-TPE-014,Taipei Bike Tour,Taipei,adventure,57,3.8,"active travellers, families",3.9
AC-TPE-015,Taipei Zipline & Ropes Adventure,Taipei,adventure,121,3.5,adventure seekers,3.2
AC-TPE-016,Taipei Rooftop Bar Crawl,Taipei,nightlife,111,3.8,"adults, groups",3.8
AC-TPE-017,Taipei Live Music & Dinner Evening,Taipei,nightlife,112,3.9,"couples, adults",3.2
AC-TPE-018,Taipei Craft & Artisan Workshop,Taipei,class,95,3.8,everyone,2.2
AC-TPE-019,Taipei Language & Culture Crash Course,Taipei,class,72,4,solo travellers,2.4
AC-TPE-020,Taipei Wellness & Spa Half-Day,Taipei,wellness,279,3.9,couples,3.2
AC-TPE-021,Taipei Sunrise Yoga Session,Taipei,wellness,30,3.6,everyone,1.9
AC-TPE-022,Taipei Hop-On Hop-Off Bus Pass,Taipei,sightseeing,60,4.7,"families, everyone",7
AC-TPE-023,Taipei River & Canal Cruise,Taipei,sightseeing,39,3.7,everyone,2.1
AC-TPE-024,Taipei Observation Deck Skip-the-Line,Taipei,sightseeing,67,3.9,families,1.5
AC-TPE-025,Taipei Street Food Walking Tour — Premium Edition,Taipei,food & drink,68,4.4,"couples, foodies",2.8
AC-TPE-026,Taipei Cooking Class with Local Chef — Evening Edition,Taipei,food & drink,136,4.6,"couples, families",3.8
AC-TPE-027,Taipei Night Market & Tapas Crawl — Premium Edition,Taipei,food & drink,48,3.6,"adults, groups",3.2
AC-TPE-028,Historic Taipei City Walking Tour — Premium Edition,Taipei,culture,38,4.1,everyone,2.8
AC-TPE-029,Taipei Museum & Gallery Pass — Premium Edition,Taipei,culture,37,4.1,everyone,3.5
AC-TPE-030,Taipei Old Town Photography Tour — Premium Edition,Taipei,culture,99,3.6,"couples, solo travellers",3.3
AC-TPE-031,Taipei Sunset Cruise — Small Group Edition,Taipei,water,143,4.9,"couples, families",2.7
AC-TPE-032,Snorkelling Day Trip from Taipei — Afternoon Edition,Taipei,water,116,4.9,"families, adventure seekers",6.2
AC-TPE-033,Taipei Kayak & Coastline Tour — Afternoon Edition,Taipei,water,127,4.4,active travellers,4
AC-TPE-034,Taipei Countryside Day Trip — Morning Edition,Taipei,day trip,144,3.7,everyone,8
AC-TPE-035,Wine & Vineyard Tour near Taipei — Small Group Edition,Taipei,day trip,148,3.5,adults,7.7
AC-TPE-036,Taipei Hidden Villages Small-Group Tour — Evening Edition,Taipei,day trip,197,4,small groups,7.5
AC-TPE-037,Taipei Mountain Hike & Viewpoints — Afternoon Edition,Taipei,adventure,94,3.7,active travellers,6
AC-TPE-038,Taipei Bike Tour — Private Edition,Taipei,adventure,75,4.8,"active travellers, families",3.9
AC-TPE-039,Taipei Zipline & Ropes Adventure — Small Group Edition,Taipei,adventure,176,3.9,adventure seekers,2.9
AC-TPE-040,Taipei Rooftop Bar Crawl — Morning Edition,Taipei,nightlife,105,3.7,"adults, groups",3.4
AC-TPE-041,Taipei Live Music & Dinner Evening — Evening Edition,Taipei,nightlife,130,5,"couples, adults",3.4
AC-TPE-042,Taipei Craft & Artisan Workshop — Private Edition,Taipei,class,103,3.6,everyone,2.9
AC-TPE-043,Taipei Language & Culture Crash Course — Premium Edition,Taipei,class,54,3.7,solo travellers,2.9
AC-TPE-044,Taipei Wellness & Spa Half-Day — Small Group Edition,Taipei,wellness,118,3.5,couples,4.7
AC-HKG-001,Hong Kong Street Food Walking Tour,Hong Kong,food & drink,122,4.5,"couples, foodies",3.3
AC-HKG-002,Hong Kong Cooking Class with Local Chef,Hong Kong,food & drink,153,4.3,"couples, families",3.5
AC-HKG-003,Hong Kong Night Market & Tapas Crawl,Hong Kong,food & drink,91,4.5,"adults, groups",3.8
AC-HKG-004,Historic Hong Kong City Walking Tour,Hong Kong,culture,82,4.3,everyone,2.2
AC-HKG-005,Hong Kong Museum & Gallery Pass,Hong Kong,culture,85,4.2,everyone,4.2
AC-HKG-006,Hong Kong Old Town Photography Tour,Hong Kong,culture,104,3.7,"couples, solo travellers",3.1
AC-HKG-007,Hong Kong Sunset Cruise,Hong Kong,water,181,4.2,"couples, families",2.7
AC-HKG-008,Snorkelling Day Trip from Hong Kong,Hong Kong,water,252,3.8,"families, adventure seekers",6.2
AC-HKG-009,Hong Kong Kayak & Coastline Tour,Hong Kong,water,87,4.5,active travellers,3.9
AC-HKG-010,Hong Kong Countryside Day Trip,Hong Kong,day trip,264,3.5,everyone,10
AC-HKG-011,Wine & Vineyard Tour near Hong Kong,Hong Kong,day trip,328,4.2,adults,7.9
AC-HKG-012,Hong Kong Hidden Villages Small-Group Tour,Hong Kong,day trip,309,3.9,small groups,8.6
AC-HKG-013,Hong Kong Mountain Hike & Viewpoints,Hong Kong,adventure,195,4.3,active travellers,5.8
AC-HKG-014,Hong Kong Bike Tour,Hong Kong,adventure,130,4.1,"active travellers, families",3.1
AC-HKG-015,Hong Kong Zipline & Ropes Adventure,Hong Kong,adventure,203,4.9,adventure seekers,2.1
AC-HKG-016,Hong Kong Rooftop Bar Crawl,Hong Kong,nightlife,109,4.2,"adults, groups",3.8
AC-HKG-017,Hong Kong Live Music & Dinner Evening,Hong Kong,nightlife,161,4.5,"couples, adults",3.8
AC-HKG-018,Hong Kong Craft & Artisan Workshop,Hong Kong,class,142,4.2,everyone,2.8
AC-HKG-019,Hong Kong Language & Culture Crash Course,Hong Kong,class,53,4.7,solo travellers,2.7
AC-HKG-020,Hong Kong Wellness & Spa Half-Day,Hong Kong,wellness,293,4.4,couples,3.3
AC-HKG-021,Hong Kong Sunrise Yoga Session,Hong Kong,wellness,42,4.5,everyone,1.2
AC-HKG-022,Hong Kong Hop-On Hop-Off Bus Pass,Hong Kong,sightseeing,95,3.6,"families, everyone",5
AC-HKG-023,Hong Kong River & Canal Cruise,Hong Kong,sightseeing,86,4.4,everyone,2.3
AC-HKG-024,Hong Kong Observation Deck Skip-the-Line,Hong Kong,sightseeing,91,4.9,families,1.6
AC-HKG-025,Hong Kong Street Food Walking Tour — Morning Edition,Hong Kong,food & drink,114,3.9,"couples, foodies",2.7
AC-HKG-026,Hong Kong Cooking Class with Local Chef — Afternoon Edition,Hong Kong,food & drink,200,3.8,"couples, families",3
AC-HKG-027,Hong Kong Night Market & Tapas Crawl — Evening Edition,Hong Kong,food & drink,92,4.5,"adults, groups",3.1
AC-HKG-028,Historic Hong Kong City Walking Tour — Morning Edition,Hong Kong,culture,65,4.7,everyone,3.1
AC-HKG-029,Hong Kong Museum & Gallery Pass — Private Edition,Hong Kong,culture,62,4.2,everyone,4.1
AC-HKG-030,Hong Kong Old Town Photography Tour — Small Group Edition,Hong Kong,culture,108,4.9,"couples, solo travellers",2.9
AC-HKG-031,Hong Kong Sunset Cruise — Small Group Edition,Hong Kong,water,176,4.7,"couples, families",2.3
AC-HKG-032,Snorkelling Day Trip from Hong Kong — Afternoon Edition,Hong Kong,water,281,3.8,"families, adventure seekers",7.6
AC-HKG-033,Hong Kong Kayak & Coastline Tour — Evening Edition,Hong Kong,water,144,4,active travellers,3.3
AC-HKG-034,Hong Kong Countryside Day Trip — Small Group Edition,Hong Kong,day trip,352,3.6,everyone,8.1
AC-HKG-035,Wine & Vineyard Tour near Hong Kong — Evening Edition,Hong Kong,day trip,307,4.1,adults,7.3
AC-HKG-036,Hong Kong Hidden Villages Small-Group Tour — Evening Edition,Hong Kong,day trip,316,4,small groups,7.3
AC-HKG-037,Hong Kong Mountain Hike & Viewpoints — Evening Edition,Hong Kong,adventure,163,3.8,active travellers,7.8
AC-HKG-038,Hong Kong Bike Tour — Evening Edition,Hong Kong,adventure,142,4.1,"active travellers, families",3.5
AC-HKG-039,Hong Kong Zipline & Ropes Adventure — Morning Edition,Hong Kong,adventure,207,4.1,adventure seekers,3.5
AC-HKG-040,Hong Kong Rooftop Bar Crawl — Afternoon Edition,Hong Kong,nightlife,88,4.2,"adults, groups",3.2
AC-HKG-041,Hong Kong Live Music & Dinner Evening — Private Edition,Hong Kong,nightlife,272,4.2,"couples, adults",3.6
AC-HKG-042,Hong Kong Craft & Artisan Workshop — Premium Edition,Hong Kong,class,147,4.7,everyone,2.8
AC-PVG-001,Shanghai Street Food Walking Tour,Shanghai,food & drink,116,4,"couples, foodies",3.7
AC-PVG-002,Shanghai Cooking Class with Local Chef,Shanghai,food & drink,111,4.8,"couples, families",3.7
AC-PVG-003,Shanghai Night Market & Tapas Crawl,Shanghai,food & drink,96,3.5,"adults, groups",3
AC-PVG-004,Historic Shanghai City Walking Tour,Shanghai,culture,68,4.5,everyone,2.6
AC-PVG-005,Shanghai Museum & Gallery Pass,Shanghai,culture,47,3.7,everyone,4.5
AC-PVG-006,Shanghai Old Town Photography Tour,Shanghai,culture,142,3.7,"couples, solo travellers",2.2
AC-PVG-007,Shanghai Sunset Cruise,Shanghai,water,187,4.7,"couples, families",2.2
AC-PVG-008,Snorkelling Day Trip from Shanghai,Shanghai,water,129,4.3,"families, adventure seekers",6.2
AC-PVG-009,Shanghai Kayak & Coastline Tour,Shanghai,water,113,3.6,active travellers,3.3
AC-PVG-010,Shanghai Countryside Day Trip,Shanghai,day trip,154,4.9,everyone,8.2
AC-PVG-011,Wine & Vineyard Tour near Shanghai,Shanghai,day trip,295,4.1,adults,6.7
AC-PVG-012,Shanghai Hidden Villages Small-Group Tour,Shanghai,day trip,144,3.7,small groups,8.7
AC-PVG-013,Shanghai Mountain Hike & Viewpoints,Shanghai,adventure,84,4.3,active travellers,7.4
AC-PVG-014,Shanghai Bike Tour,Shanghai,adventure,48,3.6,"active travellers, families",3.5
AC-PVG-015,Shanghai Zipline & Ropes Adventure,Shanghai,adventure,105,3.9,adventure seekers,3.3
AC-PVG-016,Shanghai Rooftop Bar Crawl,Shanghai,nightlife,109,3.8,"adults, groups",3.2
AC-PVG-017,Shanghai Live Music & Dinner Evening,Shanghai,nightlife,218,4.1,"couples, adults",3.6
AC-PVG-018,Shanghai Craft & Artisan Workshop,Shanghai,class,147,3.6,everyone,2.2
AC-PVG-019,Shanghai Language & Culture Crash Course,Shanghai,class,54,5,solo travellers,2
AC-PVG-020,Shanghai Wellness & Spa Half-Day,Shanghai,wellness,152,4,couples,4.1
AC-PVG-021,Shanghai Sunrise Yoga Session,Shanghai,wellness,51,3.9,everyone,1.6
AC-PVG-022,Shanghai Hop-On Hop-Off Bus Pass,Shanghai,sightseeing,71,4,"families, everyone",6.1
AC-PVG-023,Shanghai River & Canal Cruise,Shanghai,sightseeing,51,3.7,everyone,1.1
AC-PVG-024,Shanghai Observation Deck Skip-the-Line,Shanghai,sightseeing,48,3.6,families,1.2
AC-PVG-025,Shanghai Street Food Walking Tour — Small Group Edition,Shanghai,food & drink,47,3.8,"couples, foodies",3.7
AC-PVG-026,Shanghai Cooking Class with Local Chef — Evening Edition,Shanghai,food & drink,174,4.8,"couples, families",3.8
AC-PVG-027,Shanghai Night Market & Tapas Crawl — Private Edition,Shanghai,food & drink,111,4.9,"adults, groups",3.1
AC-PVG-028,Historic Shanghai City Walking Tour — Private Edition,Shanghai,culture,32,4.9,everyone,2.7
AC-PVG-029,Shanghai Museum & Gallery Pass — Evening Edition,Shanghai,culture,40,5,everyone,3.7
AC-PVG-030,Shanghai Old Town Photography Tour — Morning Edition,Shanghai,culture,77,4.1,"couples, solo travellers",2.3
AC-PVG-031,Shanghai Sunset Cruise — Morning Edition,Shanghai,water,173,4.8,"couples, families",2.1
AC-PVG-032,Snorkelling Day Trip from Shanghai — Afternoon Edition,Shanghai,water,226,4.8,"families, adventure seekers",6
AC-PVG-033,Shanghai Kayak & Coastline Tour — Evening Edition,Shanghai,water,121,4.3,active travellers,3.9
AC-PVG-034,Shanghai Countryside Day Trip — Private Edition,Shanghai,day trip,213,4.2,everyone,9.4
AC-PVG-035,Wine & Vineyard Tour near Shanghai — Evening Edition,Shanghai,day trip,244,4.9,adults,7.5
AC-PVG-036,Shanghai Hidden Villages Small-Group Tour — Small Group Edition,Shanghai,day trip,133,3.7,small groups,8.3
AC-PVG-037,Shanghai Mountain Hike & Viewpoints — Afternoon Edition,Shanghai,adventure,97,4.7,active travellers,7
AC-BKK-001,Bangkok Street Food Walking Tour,Bangkok,food & drink,63,4.2,"couples, foodies",3.8
AC-BKK-002,Bangkok Cooking Class with Local Chef,Bangkok,food & drink,97,3.7,"couples, families",3
AC-BKK-003,Bangkok Night Market & Tapas Crawl,Bangkok,food & drink,38,4.1,"adults, groups",4
AC-BKK-004,Historic Bangkok City Walking Tour,Bangkok,culture,34,4.7,everyone,2.4
AC-BKK-005,Bangkok Museum & Gallery Pass,Bangkok,culture,50,4.4,everyone,5.3
AC-BKK-006,Bangkok Old Town Photography Tour,Bangkok,culture,58,3.6,"couples, solo travellers",2.9
AC-BKK-007,Bangkok Sunset Cruise,Bangkok,water,86,4.8,"couples, families",2.2
AC-BKK-008,Snorkelling Day Trip from Bangkok,Bangkok,water,158,4.3,"families, adventure seekers",6.8
AC-BKK-009,Bangkok Kayak & Coastline Tour,Bangkok,water,69,3.6,active travellers,3
AC-BKK-010,Bangkok Countryside Day Trip,Bangkok,day trip,191,3.9,everyone,9.1
AC-BKK-011,Wine & Vineyard Tour near Bangkok,Bangkok,day trip,224,3.7,adults,7.8
AC-BKK-012,Bangkok Hidden Villages Small-Group Tour,Bangkok,day trip,173,4.6,small groups,7.1
AC-BKK-013,Bangkok Mountain Hike & Viewpoints,Bangkok,adventure,85,4,active travellers,6.5
AC-BKK-014,Bangkok Bike Tour,Bangkok,adventure,66,4.5,"active travellers, families",3.1
AC-BKK-015,Bangkok Zipline & Ropes Adventure,Bangkok,adventure,96,3.6,adventure seekers,2.2
AC-BKK-016,Bangkok Rooftop Bar Crawl,Bangkok,nightlife,52,4.2,"adults, groups",3.7
AC-BKK-017,Bangkok Live Music & Dinner Evening,Bangkok,nightlife,144,3.7,"couples, adults",3.4
AC-BKK-018,Bangkok Craft & Artisan Workshop,Bangkok,class,76,3.7,everyone,2.9
AC-BKK-019,Bangkok Language & Culture Crash Course,Bangkok,class,53,4.4,solo travellers,3
AC-BKK-020,Bangkok Wellness & Spa Half-Day,Bangkok,wellness,139,4.7,couples,3.1
AC-BKK-021,Bangkok Sunrise Yoga Session,Bangkok,wellness,31,4.9,everyone,1.6
AC-BKK-022,Bangkok Hop-On Hop-Off Bus Pass,Bangkok,sightseeing,41,4,"families, everyone",7.9
AC-BKK-023,Bangkok River & Canal Cruise,Bangkok,sightseeing,55,4.9,everyone,1.7
AC-BKK-024,Bangkok Observation Deck Skip-the-Line,Bangkok,sightseeing,29,4.3,families,1.2
AC-BKK-025,Bangkok Street Food Walking Tour — Afternoon Edition,Bangkok,food & drink,38,4.5,"couples, foodies",2.5
AC-BKK-026,Bangkok Cooking Class with Local Chef — Afternoon Edition,Bangkok,food & drink,122,4.7,"couples, families",3.3
AC-BKK-027,Bangkok Night Market & Tapas Crawl — Premium Edition,Bangkok,food & drink,41,4.9,"adults, groups",3.9
AC-BKK-028,Historic Bangkok City Walking Tour — Small Group Edition,Bangkok,culture,26,4.2,everyone,2.5
AC-BKK-029,Bangkok Museum & Gallery Pass — Evening Edition,Bangkok,culture,46,4.7,everyone,4.3
AC-BKK-030,Bangkok Old Town Photography Tour — Small Group Edition,Bangkok,culture,81,4.9,"couples, solo travellers",2.9
AC-BKK-031,Bangkok Sunset Cruise — Evening Edition,Bangkok,water,115,3.6,"couples, families",2.2
AC-BKK-032,Snorkelling Day Trip from Bangkok — Morning Edition,Bangkok,water,110,3.7,"families, adventure seekers",6.5
AC-BKK-033,Bangkok Kayak & Coastline Tour — Private Edition,Bangkok,water,53,4.7,active travellers,3.2
AC-BKK-034,Bangkok Countryside Day Trip — Afternoon Edition,Bangkok,day trip,192,3.6,everyone,9.8
AC-BKK-035,Wine & Vineyard Tour near Bangkok — Premium Edition,Bangkok,day trip,160,3.9,adults,6.9
AC-BKK-036,Bangkok Hidden Villages Small-Group Tour — Morning Edition,Bangkok,day trip,97,4.1,small groups,8.6
AC-BKK-037,Bangkok Mountain Hike & Viewpoints — Private Edition,Bangkok,adventure,104,4.8,active travellers,6.7
AC-CNX-001,Chiang Mai Street Food Walking Tour,Chiang Mai,food & drink,46,3.5,"couples, foodies",2.5
AC-CNX-002,Chiang Mai Cooking Class with Local Chef,Chiang Mai,food & drink,102,4.7,"couples, families",3.6
AC-CNX-003,Chiang Mai Night Market & Tapas Crawl,Chiang Mai,food & drink,49,4.5,"adults, groups",3.9
AC-CNX-004,Historic Chiang Mai City Walking Tour,Chiang Mai,culture,25,4.4,everyone,2
AC-CNX-005,Chiang Mai Museum & Gallery Pass,Chiang Mai,culture,42,3.9,everyone,4.9
AC-CNX-006,Chiang Mai Old Town Photography Tour,Chiang Mai,culture,51,4.3,"couples, solo travellers",3.4
AC-CNX-007,Chiang Mai Sunset Cruise,Chiang Mai,water,52,3.5,"couples, families",2.2
AC-CNX-008,Snorkelling Day Trip from Chiang Mai,Chiang Mai,water,94,3.9,"families, adventure seekers",6
AC-CNX-009,Chiang Mai Kayak & Coastline Tour,Chiang Mai,water,73,4.2,active travellers,3.6
AC-CNX-010,Chiang Mai Countryside Day Trip,Chiang Mai,day trip,131,4.7,everyone,8.1
AC-CNX-011,Wine & Vineyard Tour near Chiang Mai,Chiang Mai,day trip,163,3.6,adults,7
AC-CNX-012,Chiang Mai Hidden Villages Small-Group Tour,Chiang Mai,day trip,107,4.8,small groups,7.9
AC-CNX-013,Chiang Mai Mountain Hike & Viewpoints,Chiang Mai,adventure,76,4.7,active travellers,6.3
AC-CNX-014,Chiang Mai Bike Tour,Chiang Mai,adventure,44,4.4,"active travellers, families",3.2
AC-CNX-015,Chiang Mai Zipline & Ropes Adventure,Chiang Mai,adventure,106,4.8,adventure seekers,3.2
AC-CNX-016,Chiang Mai Rooftop Bar Crawl,Chiang Mai,nightlife,37,4.2,"adults, groups",3.2
AC-CNX-017,Chiang Mai Live Music & Dinner Evening,Chiang Mai,nightlife,95,4.2,"couples, adults",3.9
AC-CNX-018,Chiang Mai Craft & Artisan Workshop,Chiang Mai,class,89,3.8,everyone,2.5
AC-CNX-019,Chiang Mai Language & Culture Crash Course,Chiang Mai,class,24,3.7,solo travellers,2.8
AC-CNX-020,Chiang Mai Wellness & Spa Half-Day,Chiang Mai,wellness,176,4.1,couples,3.7
AC-CNX-021,Chiang Mai Sunrise Yoga Session,Chiang Mai,wellness,32,4.8,everyone,1.1
AC-CNX-022,Chiang Mai Hop-On Hop-Off Bus Pass,Chiang Mai,sightseeing,43,3.5,"families, everyone",5
AC-CNX-023,Chiang Mai River & Canal Cruise,Chiang Mai,sightseeing,35,4.1,everyone,1.2
AC-CNX-024,Chiang Mai Observation Deck Skip-the-Line,Chiang Mai,sightseeing,28,4.1,families,1.4
AC-CNX-025,Chiang Mai Street Food Walking Tour — Small Group Edition,Chiang Mai,food & drink,29,4.6,"couples, foodies",2.7
AC-CNX-026,Chiang Mai Cooking Class with Local Chef — Premium Edition,Chiang Mai,food & drink,97,4.2,"couples, families",3.4
AC-CNX-027,Chiang Mai Night Market & Tapas Crawl — Small Group Edition,Chiang Mai,food & drink,58,3.9,"adults, groups",3.6
AC-CNX-028,Historic Chiang Mai City Walking Tour — Morning Edition,Chiang Mai,culture,16,3.6,everyone,3.1
AC-CNX-029,Chiang Mai Museum & Gallery Pass — Premium Edition,Chiang Mai,culture,38,4.6,everyone,3.1
AC-CNX-030,Chiang Mai Old Town Photography Tour — Private Edition,Chiang Mai,culture,42,3.8,"couples, solo travellers",2.6
AC-CNX-031,Chiang Mai Sunset Cruise — Evening Edition,Chiang Mai,water,118,3.8,"couples, families",2
AC-CNX-032,Snorkelling Day Trip from Chiang Mai — Afternoon Edition,Chiang Mai,water,93,3.9,"families, adventure seekers",6.4
AC-CNX-033,Chiang Mai Kayak & Coastline Tour — Morning Edition,Chiang Mai,water,82,4.1,active travellers,3.6
AC-CNX-034,Chiang Mai Countryside Day Trip — Small Group Edition,Chiang Mai,day trip,127,3.8,everyone,9.8
AC-CNX-035,Wine & Vineyard Tour near Chiang Mai — Evening Edition,Chiang Mai,day trip,91,3.8,adults,7.4
AC-CNX-036,Chiang Mai Hidden Villages Small-Group Tour — Private Edition,Chiang Mai,day trip,91,3.8,small groups,8.2
AC-HKT-001,Phuket Street Food Walking Tour,Phuket,food & drink,86,3.8,"couples, foodies",3.3
AC-HKT-002,Phuket Cooking Class with Local Chef,Phuket,food & drink,89,3.5,"couples, families",3.8
AC-HKT-003,Phuket Night Market & Tapas Crawl,Phuket,food & drink,47,4.9,"adults, groups",3.7
AC-HKT-004,Historic Phuket City Walking Tour,Phuket,culture,51,4.3,everyone,2.9
AC-HKT-005,Phuket Museum & Gallery Pass,Phuket,culture,65,4,everyone,5
AC-HKT-006,Phuket Old Town Photography Tour,Phuket,culture,78,4.2,"couples, solo travellers",2.8
AC-HKT-007,Phuket Sunset Cruise,Phuket,water,92,4.5,"couples, families",2.6
AC-HKT-008,Snorkelling Day Trip from Phuket,Phuket,water,79,3.5,"families, adventure seekers",7.1
AC-HKT-009,Phuket Kayak & Coastline Tour,Phuket,water,58,4.3,active travellers,3.4
AC-HKT-010,Phuket Countryside Day Trip,Phuket,day trip,83,4.5,everyone,10
AC-HKT-011,Wine & Vineyard Tour near Phuket,Phuket,day trip,135,4.4,adults,7.3
AC-HKT-012,Phuket Hidden Villages Small-Group Tour,Phuket,day trip,110,4.1,small groups,8.9
AC-HKT-013,Phuket Mountain Hike & Viewpoints,Phuket,adventure,71,4,active travellers,4.5
AC-HKT-014,Phuket Bike Tour,Phuket,adventure,48,4,"active travellers, families",3.1
AC-HKT-015,Phuket Zipline & Ropes Adventure,Phuket,adventure,127,4.4,adventure seekers,3.2
AC-HKT-016,Phuket Rooftop Bar Crawl,Phuket,nightlife,45,5,"adults, groups",3.9
AC-HKT-017,Phuket Live Music & Dinner Evening,Phuket,nightlife,134,4.3,"couples, adults",3.6
AC-HKT-018,Phuket Craft & Artisan Workshop,Phuket,class,89,3.5,everyone,2.5
AC-HKT-019,Phuket Language & Culture Crash Course,Phuket,class,38,3.5,solo travellers,2.4
AC-HKT-020,Phuket Wellness & Spa Half-Day,Phuket,wellness,87,3.9,couples,5
AC-HKT-021,Phuket Sunrise Yoga Session,Phuket,wellness,34,4.8,everyone,1.4
AC-HKT-022,Phuket Hop-On Hop-Off Bus Pass,Phuket,sightseeing,60,4.5,"families, everyone",5
AC-HKT-023,Phuket River & Canal Cruise,Phuket,sightseeing,47,4.2,everyone,1.7
AC-HKT-024,Phuket Observation Deck Skip-the-Line,Phuket,sightseeing,60,4.4,families,1.9
AC-HKT-025,Phuket Street Food Walking Tour — Small Group Edition,Phuket,food & drink,62,4.1,"couples, foodies",3.5
AC-HKT-026,Phuket Cooking Class with Local Chef — Afternoon Edition,Phuket,food & drink,110,5,"couples, families",3.5
AC-HKT-027,Phuket Night Market & Tapas Crawl — Premium Edition,Phuket,food & drink,74,4,"adults, groups",3.4
AC-HKT-028,Historic Phuket City Walking Tour — Evening Edition,Phuket,culture,45,3.7,everyone,2.8
AC-HKT-029,Phuket Museum & Gallery Pass — Private Edition,Phuket,culture,65,3.9,everyone,3.8
AC-HKT-030,Phuket Old Town Photography Tour — Private Edition,Phuket,culture,90,3.8,"couples, solo travellers",2.4
AC-HKT-031,Phuket Sunset Cruise — Evening Edition,Phuket,water,134,3.5,"couples, families",2.2
AC-HKT-032,Snorkelling Day Trip from Phuket — Premium Edition,Phuket,water,88,4.2,"families, adventure seekers",7.5
AC-HKT-033,Phuket Kayak & Coastline Tour — Evening Edition,Phuket,water,86,3.5,active travellers,3.1
AC-HKT-034,Phuket Countryside Day Trip — Premium Edition,Phuket,day trip,176,5,everyone,9.3
AC-HKT-035,Wine & Vineyard Tour near Phuket — Afternoon Edition,Phuket,day trip,197,3.7,adults,6.6
AC-HKT-036,Phuket Hidden Villages Small-Group Tour — Private Edition,Phuket,day trip,86,3.4,small groups,7.1
AC-SIN-001,Singapore Street Food Walking Tour,Singapore,food & drink,66,3.9,"couples, foodies",3.5
AC-SIN-002,Singapore Cooking Class with Local Chef,Singapore,food & drink,194,4.5,"couples, families",3.6
AC-SIN-003,Singapore Night Market & Tapas Crawl,Singapore,food & drink,139,4.9,"adults, groups",3.7
AC-SIN-004,Historic Singapore City Walking Tour,Singapore,culture,85,3.9,everyone,2.8
AC-SIN-005,Singapore Museum & Gallery Pass,Singapore,culture,46,4.8,everyone,5.5
AC-SIN-006,Singapore Old Town Photography Tour,Singapore,culture,84,4.9,"couples, solo travellers",2.3
AC-SIN-007,Singapore Sunset Cruise,Singapore,water,143,4.7,"couples, families",2.8
AC-SIN-008,Snorkelling Day Trip from Singapore,Singapore,water,300,3.8,"families, adventure seekers",6.5
AC-SIN-009,Singapore Kayak & Coastline Tour,Singapore,water,203,4.9,active travellers,3.7
AC-SIN-010,Singapore Countryside Day Trip,Singapore,day trip,288,4.4,everyone,8.2
AC-SIN-011,Wine & Vineyard Tour near Singapore,Singapore,day trip,344,4.9,adults,7.3
AC-SIN-012,Singapore Hidden Villages Small-Group Tour,Singapore,day trip,170,4.6,small groups,8.3
AC-SIN-013,Singapore Mountain Hike & Viewpoints,Singapore,adventure,203,4.4,active travellers,6.5
AC-SIN-014,Singapore Bike Tour,Singapore,adventure,76,4.7,"active travellers, families",3.7
AC-SIN-015,Singapore Zipline & Ropes Adventure,Singapore,adventure,131,4.7,adventure seekers,3.9
AC-SIN-016,Singapore Rooftop Bar Crawl,Singapore,nightlife,100,4.6,"adults, groups",3.5
AC-SIN-017,Singapore Live Music & Dinner Evening,Singapore,nightlife,174,4.3,"couples, adults",3.4
AC-SIN-018,Singapore Craft & Artisan Workshop,Singapore,class,176,4.1,everyone,2.4
AC-SIN-019,Singapore Language & Culture Crash Course,Singapore,class,99,4.8,solo travellers,2.5
AC-SIN-020,Singapore Wellness & Spa Half-Day,Singapore,wellness,327,3.5,couples,4.9
AC-SIN-021,Singapore Sunrise Yoga Session,Singapore,wellness,59,4.1,everyone,1.8
AC-SIN-022,Singapore Hop-On Hop-Off Bus Pass,Singapore,sightseeing,85,4,"families, everyone",7.4
AC-SIN-023,Singapore River & Canal Cruise,Singapore,sightseeing,99,4.7,everyone,2.1
AC-SIN-024,Singapore Observation Deck Skip-the-Line,Singapore,sightseeing,68,3.9,families,1.5
AC-SIN-025,Singapore Street Food Walking Tour — Afternoon Edition,Singapore,food & drink,61,4.9,"couples, foodies",3.8
AC-SIN-026,Singapore Cooking Class with Local Chef — Afternoon Edition,Singapore,food & drink,188,4.6,"couples, families",3.4
AC-SIN-027,Singapore Night Market & Tapas Crawl — Afternoon Edition,Singapore,food & drink,100,5,"adults, groups",3.1
AC-SIN-028,Historic Singapore City Walking Tour — Private Edition,Singapore,culture,54,4.2,everyone,3.4
AC-SIN-029,Singapore Museum & Gallery Pass — Morning Edition,Singapore,culture,103,3.4,everyone,5.1
AC-SIN-030,Singapore Old Town Photography Tour — Private Edition,Singapore,culture,139,4.6,"couples, solo travellers",3.3
AC-SIN-031,Singapore Sunset Cruise — Small Group Edition,Singapore,water,177,3.6,"couples, families",2.7
AC-SIN-032,Snorkelling Day Trip from Singapore — Small Group Edition,Singapore,water,309,4.4,"families, adventure seekers",7.2
AC-SIN-033,Singapore Kayak & Coastline Tour — Evening Edition,Singapore,water,192,4.4,active travellers,3.4
AC-SIN-034,Singapore Countryside Day Trip — Afternoon Edition,Singapore,day trip,365,4.8,everyone,8.1
AC-SIN-035,Wine & Vineyard Tour near Singapore — Afternoon Edition,Singapore,day trip,204,3.5,adults,7.9
AC-SIN-036,Singapore Hidden Villages Small-Group Tour — Private Edition,Singapore,day trip,304,4.2,small groups,8.6
AC-SIN-037,Singapore Mountain Hike & Viewpoints — Evening Edition,Singapore,adventure,154,4.1,active travellers,5.4
AC-SIN-038,Singapore Bike Tour — Private Edition,Singapore,adventure,88,3.9,"active travellers, families",3.7
AC-SIN-039,Singapore Zipline & Ropes Adventure — Evening Edition,Singapore,adventure,205,4.7,adventure seekers,2.3
AC-KUL-001,Kuala Lumpur Street Food Walking Tour,Kuala Lumpur,food & drink,43,4.9,"couples, foodies",3
AC-KUL-002,Kuala Lumpur Cooking Class with Local Chef,Kuala Lumpur,food & drink,90,4.5,"couples, families",3.3
AC-KUL-003,Kuala Lumpur Night Market & Tapas Crawl,Kuala Lumpur,food & drink,54,3.8,"adults, groups",3.2
AC-KUL-004,Historic Kuala Lumpur City Walking Tour,Kuala Lumpur,culture,46,3.9,everyone,2.4
AC-KUL-005,Kuala Lumpur Museum & Gallery Pass,Kuala Lumpur,culture,51,3.4,everyone,5.8
AC-KUL-006,Kuala Lumpur Old Town Photography Tour,Kuala Lumpur,culture,48,4.2,"couples, solo travellers",2.9
AC-KUL-007,Kuala Lumpur Sunset Cruise,Kuala Lumpur,water,119,4.8,"couples, families",2.8
AC-KUL-008,Snorkelling Day Trip from Kuala Lumpur,Kuala Lumpur,water,70,4.8,"families, adventure seekers",6.4
AC-KUL-009,Kuala Lumpur Kayak & Coastline Tour,Kuala Lumpur,water,59,4,active travellers,3.7
AC-KUL-010,Kuala Lumpur Countryside Day Trip,Kuala Lumpur,day trip,146,3.9,everyone,9.5
AC-KUL-011,Wine & Vineyard Tour near Kuala Lumpur,Kuala Lumpur,day trip,104,4.7,adults,7.1
AC-KUL-012,Kuala Lumpur Hidden Villages Small-Group Tour,Kuala Lumpur,day trip,146,3.6,small groups,7.4
AC-KUL-013,Kuala Lumpur Mountain Hike & Viewpoints,Kuala Lumpur,adventure,71,4.3,active travellers,4.4
AC-KUL-014,Kuala Lumpur Bike Tour,Kuala Lumpur,adventure,76,4.9,"active travellers, families",3.5
AC-KUL-015,Kuala Lumpur Zipline & Ropes Adventure,Kuala Lumpur,adventure,93,4.9,adventure seekers,2.7
AC-KUL-016,Kuala Lumpur Rooftop Bar Crawl,Kuala Lumpur,nightlife,48,4.7,"adults, groups",3.6
AC-KUL-017,Kuala Lumpur Live Music & Dinner Evening,Kuala Lumpur,nightlife,90,4.2,"couples, adults",3.5
AC-KUL-018,Kuala Lumpur Craft & Artisan Workshop,Kuala Lumpur,class,55,3.5,everyone,3
AC-KUL-019,Kuala Lumpur Language & Culture Crash Course,Kuala Lumpur,class,63,4.2,solo travellers,2.5
AC-KUL-020,Kuala Lumpur Wellness & Spa Half-Day,Kuala Lumpur,wellness,210,3.8,couples,3.5
AC-KUL-021,Kuala Lumpur Sunrise Yoga Session,Kuala Lumpur,wellness,31,4.1,everyone,1.7
AC-KUL-022,Kuala Lumpur Hop-On Hop-Off Bus Pass,Kuala Lumpur,sightseeing,31,4.9,"families, everyone",5.9
AC-KUL-023,Kuala Lumpur River & Canal Cruise,Kuala Lumpur,sightseeing,57,3.9,everyone,1.7
AC-KUL-024,Kuala Lumpur Observation Deck Skip-the-Line,Kuala Lumpur,sightseeing,39,3.9,families,1.5
AC-KUL-025,Kuala Lumpur Street Food Walking Tour — Afternoon Edition,Kuala Lumpur,food & drink,65,4.2,"couples, foodies",2.7
AC-KUL-026,Kuala Lumpur Cooking Class with Local Chef — Premium Edition,Kuala Lumpur,food & drink,80,4.5,"couples, families",3.6
AC-KUL-027,Kuala Lumpur Night Market & Tapas Crawl — Premium Edition,Kuala Lumpur,food & drink,48,3.7,"adults, groups",3.3
AC-KUL-028,Historic Kuala Lumpur City Walking Tour — Morning Edition,Kuala Lumpur,culture,19,4.5,everyone,2.6
AC-KUL-029,Kuala Lumpur Museum & Gallery Pass — Morning Edition,Kuala Lumpur,culture,54,3.9,everyone,3.4
AC-KUL-030,Kuala Lumpur Old Town Photography Tour — Premium Edition,Kuala Lumpur,culture,78,4,"couples, solo travellers",3.9
AC-KUL-031,Kuala Lumpur Sunset Cruise — Private Edition,Kuala Lumpur,water,62,3.5,"couples, families",2.1
AC-KUL-032,Snorkelling Day Trip from Kuala Lumpur — Small Group Edition,Kuala Lumpur,water,121,3.4,"families, adventure seekers",7.2
AC-KUL-033,Kuala Lumpur Kayak & Coastline Tour — Evening Edition,Kuala Lumpur,water,51,3.5,active travellers,3.8
AC-KUL-034,Kuala Lumpur Countryside Day Trip — Afternoon Edition,Kuala Lumpur,day trip,141,5,everyone,9.2
AC-KUL-035,Wine & Vineyard Tour near Kuala Lumpur — Morning Edition,Kuala Lumpur,day trip,153,4,adults,6.4
AC-KUL-036,Kuala Lumpur Hidden Villages Small-Group Tour — Premium Edition,Kuala Lumpur,day trip,99,4.5,small groups,7.8
AC-KUL-037,Kuala Lumpur Mountain Hike & Viewpoints — Afternoon Edition,Kuala Lumpur,adventure,99,4,active travellers,7.7
AC-KUL-038,Kuala Lumpur Bike Tour — Afternoon Edition,Kuala Lumpur,adventure,62,3.7,"active travellers, families",3.9
AC-KUL-039,Kuala Lumpur Zipline & Ropes Adventure — Afternoon Edition,Kuala Lumpur,adventure,101,4.7,adventure seekers,2.1
AC-KUL-040,Kuala Lumpur Rooftop Bar Crawl — Private Edition,Kuala Lumpur,nightlife,85,4.6,"adults, groups",3.2
AC-KUL-041,Kuala Lumpur Live Music & Dinner Evening — Afternoon Edition,Kuala Lumpur,nightlife,80,5,"couples, adults",3.1
AC-DPS-001,Denpasar Street Food Walking Tour,Denpasar,food & drink,51,3.6,"couples, foodies",3.1
AC-DPS-002,Denpasar Cooking Class with Local Chef,Denpasar,food & drink,99,4.8,"couples, families",3.7
AC-DPS-003,Denpasar Night Market & Tapas Crawl,Denpasar,food & drink,72,4.3,"adults, groups",3.4
AC-DPS-004,Historic Denpasar City Walking Tour,Denpasar,culture,38,4.1,everyone,2.8
AC-DPS-005,Denpasar Museum & Gallery Pass,Denpasar,culture,25,5,everyone,4.4
AC-DPS-006,Denpasar Old Town Photography Tour,Denpasar,culture,70,4.2,"couples, solo travellers",3.9
AC-DPS-007,Denpasar Sunset Cruise,Denpasar,water,47,4.9,"couples, families",2.5
AC-DPS-008,Snorkelling Day Trip from Denpasar,Denpasar,water,71,4.2,"families, adventure seekers",7.3
AC-DPS-009,Denpasar Kayak & Coastline Tour,Denpasar,water,79,3.7,active travellers,3.6
AC-DPS-010,Denpasar Countryside Day Trip,Denpasar,day trip,167,4.1,everyone,9.1
AC-DPS-011,Wine & Vineyard Tour near Denpasar,Denpasar,day trip,160,3.9,adults,6.9
AC-DPS-012,Denpasar Hidden Villages Small-Group Tour,Denpasar,day trip,86,4.6,small groups,7.6
AC-DPS-013,Denpasar Mountain Hike & Viewpoints,Denpasar,adventure,91,3.7,active travellers,5.1
AC-DPS-014,Denpasar Bike Tour,Denpasar,adventure,67,4.5,"active travellers, families",3.1
AC-DPS-015,Denpasar Zipline & Ropes Adventure,Denpasar,adventure,114,4.9,adventure seekers,3.2
AC-DPS-016,Denpasar Rooftop Bar Crawl,Denpasar,nightlife,62,4.4,"adults, groups",3.9
AC-DPS-017,Denpasar Live Music & Dinner Evening,Denpasar,nightlife,111,4.9,"couples, adults",3.4
AC-DPS-018,Denpasar Craft & Artisan Workshop,Denpasar,class,55,4.5,everyone,2.6
AC-DPS-019,Denpasar Language & Culture Crash Course,Denpasar,class,38,3.5,solo travellers,2.9
AC-DPS-020,Denpasar Wellness & Spa Half-Day,Denpasar,wellness,126,4.1,couples,3.3
AC-DPS-021,Denpasar Sunrise Yoga Session,Denpasar,wellness,36,4.1,everyone,1.3
AC-DPS-022,Denpasar Hop-On Hop-Off Bus Pass,Denpasar,sightseeing,46,4.7,"families, everyone",5.7
AC-DPS-023,Denpasar River & Canal Cruise,Denpasar,sightseeing,49,3.5,everyone,2.2
AC-DPS-024,Denpasar Observation Deck Skip-the-Line,Denpasar,sightseeing,53,3.8,families,1.7
AC-DPS-025,Denpasar Street Food Walking Tour — Afternoon Edition,Denpasar,food & drink,67,4.1,"couples, foodies",3.5
AC-DPS-026,Denpasar Cooking Class with Local Chef — Private Edition,Denpasar,food & drink,112,4.9,"couples, families",3.9
AC-DPS-027,Denpasar Night Market & Tapas Crawl — Morning Edition,Denpasar,food & drink,49,3.8,"adults, groups",3
AC-DPS-028,Historic Denpasar City Walking Tour — Private Edition,Denpasar,culture,33,4.1,everyone,3.1
AC-DPS-029,Denpasar Museum & Gallery Pass — Afternoon Edition,Denpasar,culture,54,4.2,everyone,3.1
AC-DPS-030,Denpasar Old Town Photography Tour — Premium Edition,Denpasar,culture,80,4.9,"couples, solo travellers",2.9
AC-DPS-031,Denpasar Sunset Cruise — Evening Edition,Denpasar,water,114,4.6,"couples, families",2.4
AC-DPS-032,Snorkelling Day Trip from Denpasar — Afternoon Edition,Denpasar,water,69,4.8,"families, adventure seekers",7.3
AC-DPS-033,Denpasar Kayak & Coastline Tour — Small Group Edition,Denpasar,water,51,3.7,active travellers,3.5
AC-DPS-034,Denpasar Countryside Day Trip — Small Group Edition,Denpasar,day trip,160,4.7,everyone,9.1
AC-DPS-035,Wine & Vineyard Tour near Denpasar — Evening Edition,Denpasar,day trip,194,3.8,adults,7
AC-DPS-036,Denpasar Hidden Villages Small-Group Tour — Premium Edition,Denpasar,day trip,139,4,small groups,7.9
AC-DPS-037,Denpasar Mountain Hike & Viewpoints — Morning Edition,Denpasar,adventure,36,3.7,active travellers,6
AC-DPS-038,Denpasar Bike Tour — Small Group Edition,Denpasar,adventure,32,4,"active travellers, families",3.6
AC-DPS-039,Denpasar Zipline & Ropes Adventure — Small Group Edition,Denpasar,adventure,106,4.5,adventure seekers,3.3
AC-DPS-040,Denpasar Rooftop Bar Crawl — Afternoon Edition,Denpasar,nightlife,68,3.7,"adults, groups",3.6
AC-DPS-041,Denpasar Live Music & Dinner Evening — Premium Edition,Denpasar,nightlife,101,4.9,"couples, adults",3.1
AC-DPS-042,Denpasar Craft & Artisan Workshop — Morning Edition,Denpasar,class,97,4.3,everyone,3
AC-DPS-043,Denpasar Language & Culture Crash Course — Premium Edition,Denpasar,class,29,4,solo travellers,2.9
AC-DPS-044,Denpasar Wellness & Spa Half-Day — Evening Edition,Denpasar,wellness,135,4.2,couples,3.2
AC-CGK-001,Jakarta Street Food Walking Tour,Jakarta,food & drink,36,3.5,"couples, foodies",3.7
AC-CGK-002,Jakarta Cooking Class with Local Chef,Jakarta,food & drink,99,4,"couples, families",3.8
AC-CGK-003,Jakarta Night Market & Tapas Crawl,Jakarta,food & drink,48,3.5,"adults, groups",3.3
AC-CGK-004,Historic Jakarta City Walking Tour,Jakarta,culture,31,4.5,everyone,2.1
AC-CGK-005,Jakarta Museum & Gallery Pass,Jakarta,culture,25,3.9,everyone,4.2
AC-CGK-006,Jakarta Old Town Photography Tour,Jakarta,culture,72,4.1,"couples, solo travellers",2.4
AC-CGK-007,Jakarta Sunset Cruise,Jakarta,water,72,4,"couples, families",2.9
AC-CGK-008,Snorkelling Day Trip from Jakarta,Jakarta,water,100,3.6,"families, adventure seekers",6.4
AC-CGK-009,Jakarta Kayak & Coastline Tour,Jakarta,water,75,4.3,active travellers,3.9
AC-CGK-010,Jakarta Countryside Day Trip,Jakarta,day trip,77,5,everyone,9.4
AC-CGK-011,Wine & Vineyard Tour near Jakarta,Jakarta,day trip,111,3.5,adults,6.4
AC-CGK-012,Jakarta Hidden Villages Small-Group Tour,Jakarta,day trip,81,4.3,small groups,8.2
AC-CGK-013,Jakarta Mountain Hike & Viewpoints,Jakarta,adventure,56,4.9,active travellers,4.6
AC-CGK-014,Jakarta Bike Tour,Jakarta,adventure,39,4.8,"active travellers, families",3.1
AC-CGK-015,Jakarta Zipline & Ropes Adventure,Jakarta,adventure,124,4.8,adventure seekers,3.8
AC-CGK-016,Jakarta Rooftop Bar Crawl,Jakarta,nightlife,81,3.5,"adults, groups",3.8
AC-CGK-017,Jakarta Live Music & Dinner Evening,Jakarta,nightlife,140,4,"couples, adults",3.5
AC-CGK-018,Jakarta Craft & Artisan Workshop,Jakarta,class,87,4.8,everyone,2
AC-CGK-019,Jakarta Language & Culture Crash Course,Jakarta,class,42,4.2,solo travellers,2.4
AC-CGK-020,Jakarta Wellness & Spa Half-Day,Jakarta,wellness,157,4.7,couples,4.3
AC-CGK-021,Jakarta Sunrise Yoga Session,Jakarta,wellness,36,4.2,everyone,1.2
AC-CGK-022,Jakarta Hop-On Hop-Off Bus Pass,Jakarta,sightseeing,46,4.8,"families, everyone",5.7
AC-CGK-023,Jakarta River & Canal Cruise,Jakarta,sightseeing,43,3.7,everyone,2.4
AC-CGK-024,Jakarta Observation Deck Skip-the-Line,Jakarta,sightseeing,51,4.7,families,1.5
AC-CGK-025,Jakarta Street Food Walking Tour — Afternoon Edition,Jakarta,food & drink,55,4.3,"couples, foodies",2.7
AC-CGK-026,Jakarta Cooking Class with Local Chef — Small Group Edition,Jakarta,food & drink,68,4.5,"couples, families",3.4
AC-CGK-027,Jakarta Night Market & Tapas Crawl — Evening Edition,Jakarta,food & drink,60,4.5,"adults, groups",4
AC-CGK-028,Historic Jakarta City Walking Tour — Afternoon Edition,Jakarta,culture,33,3.7,everyone,2.6
AC-CGK-029,Jakarta Museum & Gallery Pass — Evening Edition,Jakarta,culture,46,3.6,everyone,3.5
AC-CGK-030,Jakarta Old Town Photography Tour — Afternoon Edition,Jakarta,culture,54,3.7,"couples, solo travellers",2.5
AC-CGK-031,Jakarta Sunset Cruise — Evening Edition,Jakarta,water,80,4.2,"couples, families",2.3
AC-CGK-032,Snorkelling Day Trip from Jakarta — Afternoon Edition,Jakarta,water,131,4.8,"families, adventure seekers",7.2
AC-CGK-033,Jakarta Kayak & Coastline Tour — Premium Edition,Jakarta,water,85,3.9,active travellers,4
AC-CGK-034,Jakarta Countryside Day Trip — Evening Edition,Jakarta,day trip,122,4.3,everyone,9.2
AC-CGK-035,Wine & Vineyard Tour near Jakarta — Private Edition,Jakarta,day trip,102,4.1,adults,6.1
AC-CGK-036,Jakarta Hidden Villages Small-Group Tour — Premium Edition,Jakarta,day trip,164,4.9,small groups,8
AC-CGK-037,Jakarta Mountain Hike & Viewpoints — Afternoon Edition,Jakarta,adventure,90,4.8,active travellers,4.7
AC-CGK-038,Jakarta Bike Tour — Evening Edition,Jakarta,adventure,53,4.6,"active travellers, families",3.1
AC-CGK-039,Jakarta Zipline & Ropes Adventure — Premium Edition,Jakarta,adventure,79,3.8,adventure seekers,3.6
AC-CGK-040,Jakarta Rooftop Bar Crawl — Evening Edition,Jakarta,nightlife,54,4.7,"adults, groups",3.8
AC-CGK-041,Jakarta Live Music & Dinner Evening — Private Edition,Jakarta,nightlife,68,4.1,"couples, adults",3.7
AC-HAN-001,Hanoi Street Food Walking Tour,Hanoi,food & drink,71,3.5,"couples, foodies",2.7
AC-HAN-002,Hanoi Cooking Class with Local Chef,Hanoi,food & drink,86,4.7,"couples, families",3.3
AC-HAN-003,Hanoi Night Market & Tapas Crawl,Hanoi,food & drink,61,4,"adults, groups",3.1
AC-HAN-004,Historic Hanoi City Walking Tour,Hanoi,culture,36,3.5,everyone,3.2
AC-HAN-005,Hanoi Museum & Gallery Pass,Hanoi,culture,44,4.1,everyone,5.6
AC-HAN-006,Hanoi Old Town Photography Tour,Hanoi,culture,73,3.9,"couples, solo travellers",3.2
AC-HAN-007,Hanoi Sunset Cruise,Hanoi,water,120,4.9,"couples, families",2.6
AC-HAN-008,Snorkelling Day Trip from Hanoi,Hanoi,water,93,3.8,"families, adventure seekers",6.3
AC-HAN-009,Hanoi Kayak & Coastline Tour,Hanoi,water,55,4.3,active travellers,3.7
AC-HAN-010,Hanoi Countryside Day Trip,Hanoi,day trip,133,3.5,everyone,8.6
AC-HAN-011,Wine & Vineyard Tour near Hanoi,Hanoi,day trip,192,3.6,adults,6.8
AC-HAN-012,Hanoi Hidden Villages Small-Group Tour,Hanoi,day trip,107,3.7,small groups,7.9
AC-HAN-013,Hanoi Mountain Hike & Viewpoints,Hanoi,adventure,41,4,active travellers,4.9
AC-HAN-014,Hanoi Bike Tour,Hanoi,adventure,44,3.5,"active travellers, families",3.1
AC-HAN-015,Hanoi Zipline & Ropes Adventure,Hanoi,adventure,100,3.9,adventure seekers,2.6
AC-HAN-016,Hanoi Rooftop Bar Crawl,Hanoi,nightlife,41,4.1,"adults, groups",3.7
AC-HAN-017,Hanoi Live Music & Dinner Evening,Hanoi,nightlife,73,4.2,"couples, adults",3.2
AC-HAN-018,Hanoi Craft & Artisan Workshop,Hanoi,class,92,3.7,everyone,2.4
AC-HAN-019,Hanoi Language & Culture Crash Course,Hanoi,class,28,3.5,solo travellers,2.3
AC-HAN-020,Hanoi Wellness & Spa Half-Day,Hanoi,wellness,110,3.8,couples,4.2
AC-HAN-021,Hanoi Sunrise Yoga Session,Hanoi,wellness,35,4.3,everyone,1.5
AC-HAN-022,Hanoi Hop-On Hop-Off Bus Pass,Hanoi,sightseeing,26,4.6,"families, everyone",5.9
AC-HAN-023,Hanoi River & Canal Cruise,Hanoi,sightseeing,42,3.5,everyone,1.1
AC-HAN-024,Hanoi Observation Deck Skip-the-Line,Hanoi,sightseeing,28,4.8,families,1
AC-HAN-025,Hanoi Street Food Walking Tour — Small Group Edition,Hanoi,food & drink,60,4.8,"couples, foodies",3.8
AC-HAN-026,Hanoi Cooking Class with Local Chef — Morning Edition,Hanoi,food & drink,49,4.3,"couples, families",3.6
AC-HAN-027,Hanoi Night Market & Tapas Crawl — Morning Edition,Hanoi,food & drink,65,4.5,"adults, groups",3.4
AC-HAN-028,Historic Hanoi City Walking Tour — Evening Edition,Hanoi,culture,27,3.9,everyone,3.4
AC-HAN-029,Hanoi Museum & Gallery Pass — Small Group Edition,Hanoi,culture,41,4.9,everyone,5.8
AC-HAN-030,Hanoi Old Town Photography Tour — Morning Edition,Hanoi,culture,76,3.5,"couples, solo travellers",3.3
AC-HAN-031,Hanoi Sunset Cruise — Morning Edition,Hanoi,water,65,3.8,"couples, families",3
AC-HAN-032,Snorkelling Day Trip from Hanoi — Small Group Edition,Hanoi,water,64,4.4,"families, adventure seekers",7.6
AC-HAN-033,Hanoi Kayak & Coastline Tour — Small Group Edition,Hanoi,water,50,3.4,active travellers,3.2
AC-HAN-034,Hanoi Countryside Day Trip — Evening Edition,Hanoi,day trip,104,4.2,everyone,8.7
AC-HAN-035,Wine & Vineyard Tour near Hanoi — Private Edition,Hanoi,day trip,126,3.5,adults,7.6
AC-HAN-036,Hanoi Hidden Villages Small-Group Tour — Afternoon Edition,Hanoi,day trip,134,3.8,small groups,8.7
AC-HAN-037,Hanoi Mountain Hike & Viewpoints — Evening Edition,Hanoi,adventure,40,3.9,active travellers,5
AC-HAN-038,Hanoi Bike Tour — Private Edition,Hanoi,adventure,38,4.3,"active travellers, families",3.8
AC-HAN-039,Hanoi Zipline & Ropes Adventure — Morning Edition,Hanoi,adventure,79,3.4,adventure seekers,3.3
AC-HAN-040,Hanoi Rooftop Bar Crawl — Premium Edition,Hanoi,nightlife,65,3.4,"adults, groups",3.5
AC-HAN-041,Hanoi Live Music & Dinner Evening — Afternoon Edition,Hanoi,nightlife,132,4.3,"couples, adults",3.8
AC-HAN-042,Hanoi Craft & Artisan Workshop — Premium Edition,Hanoi,class,72,4.4,everyone,2.5
AC-HAN-043,Hanoi Language & Culture Crash Course — Small Group Edition,Hanoi,class,42,4.5,solo travellers,2.7
AC-HAN-044,Hanoi Wellness & Spa Half-Day — Afternoon Edition,Hanoi,wellness,161,3.9,couples,4.8
AC-SGN-001,Ho Chi Minh City Street Food Walking Tour,Ho Chi Minh City,food & drink,68,4.4,"couples, foodies",3.7
AC-SGN-002,Ho Chi Minh City Cooking Class with Local Chef,Ho Chi Minh City,food & drink,70,4.4,"couples, families",3
AC-SGN-003,Ho Chi Minh City Night Market & Tapas Crawl,Ho Chi Minh City,food & drink,43,4,"adults, groups",3.2
AC-SGN-004,Historic Ho Chi Minh City City Walking Tour,Ho Chi Minh City,culture,20,4.1,everyone,3
AC-SGN-005,Ho Chi Minh City Museum & Gallery Pass,Ho Chi Minh City,culture,20,3.6,everyone,3.5
AC-SGN-006,Ho Chi Minh City Old Town Photography Tour,Ho Chi Minh City,culture,43,4.3,"couples, solo travellers",3.8
AC-SGN-007,Ho Chi Minh City Sunset Cruise,Ho Chi Minh City,water,112,4.9,"couples, families",2.1
AC-SGN-008,Snorkelling Day Trip from Ho Chi Minh City,Ho Chi Minh City,water,113,4.3,"families, adventure seekers",6.3
AC-SGN-009,Ho Chi Minh City Kayak & Coastline Tour,Ho Chi Minh City,water,69,4,active travellers,3.8
AC-SGN-010,Ho Chi Minh City Countryside Day Trip,Ho Chi Minh City,day trip,71,4.1,everyone,8.1
AC-SGN-011,Wine & Vineyard Tour near Ho Chi Minh City,Ho Chi Minh City,day trip,165,3.9,adults,7.2
AC-SGN-012,Ho Chi Minh City Hidden Villages Small-Group Tour,Ho Chi Minh City,day trip,125,4.5,small groups,7
AC-SGN-013,Ho Chi Minh City Mountain Hike & Viewpoints,Ho Chi Minh City,adventure,59,3.4,active travellers,7.9
AC-SGN-014,Ho Chi Minh City Bike Tour,Ho Chi Minh City,adventure,58,4.8,"active travellers, families",3.7
AC-SGN-015,Ho Chi Minh City Zipline & Ropes Adventure,Ho Chi Minh City,adventure,67,3.9,adventure seekers,2.8
AC-SGN-016,Ho Chi Minh City Rooftop Bar Crawl,Ho Chi Minh City,nightlife,45,4.8,"adults, groups",3.1
AC-SGN-017,Ho Chi Minh City Live Music & Dinner Evening,Ho Chi Minh City,nightlife,111,3.6,"couples, adults",3.8
AC-SGN-018,Ho Chi Minh City Craft & Artisan Workshop,Ho Chi Minh City,class,51,4.6,everyone,2.1
AC-SGN-019,Ho Chi Minh City Language & Culture Crash Course,Ho Chi Minh City,class,43,3.9,solo travellers,2.6
AC-SGN-020,Ho Chi Minh City Wellness & Spa Half-Day,Ho Chi Minh City,wellness,156,4.6,couples,4.1
AC-SGN-021,Ho Chi Minh City Sunrise Yoga Session,Ho Chi Minh City,wellness,29,3.6,everyone,1.8
AC-SGN-022,Ho Chi Minh City Hop-On Hop-Off Bus Pass,Ho Chi Minh City,sightseeing,35,4,"families, everyone",4.8
AC-SGN-023,Ho Chi Minh City River & Canal Cruise,Ho Chi Minh City,sightseeing,50,3.9,everyone,2.3
AC-SGN-024,Ho Chi Minh City Observation Deck Skip-the-Line,Ho Chi Minh City,sightseeing,38,4.5,families,1.3
AC-SGN-025,Ho Chi Minh City Street Food Walking Tour — Evening Edition,Ho Chi Minh City,food & drink,36,3.7,"couples, foodies",3.5
AC-SGN-026,Ho Chi Minh City Cooking Class with Local Chef — Private Edition,Ho Chi Minh City,food & drink,103,4.6,"couples, families",3.5
AC-SGN-027,Ho Chi Minh City Night Market & Tapas Crawl — Evening Edition,Ho Chi Minh City,food & drink,60,4,"adults, groups",3.9
AC-SGN-028,Historic Ho Chi Minh City City Walking Tour — Small Group Edition,Ho Chi Minh City,culture,42,4.5,everyone,2.7
AC-SGN-029,Ho Chi Minh City Museum & Gallery Pass — Evening Edition,Ho Chi Minh City,culture,29,4.7,everyone,3.5
AC-SGN-030,Ho Chi Minh City Old Town Photography Tour — Morning Edition,Ho Chi Minh City,culture,43,3.8,"couples, solo travellers",2.7
AC-SGN-031,Ho Chi Minh City Sunset Cruise — Premium Edition,Ho Chi Minh City,water,110,4.7,"couples, families",2
AC-SGN-032,Snorkelling Day Trip from Ho Chi Minh City — Evening Edition,Ho Chi Minh City,water,124,3.6,"families, adventure seekers",7.8
AC-SGN-033,Ho Chi Minh City Kayak & Coastline Tour — Private Edition,Ho Chi Minh City,water,59,4.2,active travellers,3.9
AC-SGN-034,Ho Chi Minh City Countryside Day Trip — Morning Edition,Ho Chi Minh City,day trip,166,3.5,everyone,8.8
AC-SGN-035,Wine & Vineyard Tour near Ho Chi Minh City — Private Edition,Ho Chi Minh City,day trip,127,3.5,adults,8
AC-SGN-036,Ho Chi Minh City Hidden Villages Small-Group Tour — Small Group Edition,Ho Chi Minh City,day trip,70,4.4,small groups,8.7
AC-SGN-037,Ho Chi Minh City Mountain Hike & Viewpoints — Private Edition,Ho Chi Minh City,adventure,46,4.7,active travellers,5.5
AC-SGN-038,Ho Chi Minh City Bike Tour — Premium Edition,Ho Chi Minh City,adventure,50,3.6,"active travellers, families",3.9
AC-SGN-039,Ho Chi Minh City Zipline & Ropes Adventure — Afternoon Edition,Ho Chi Minh City,adventure,97,4.1,adventure seekers,2.3
AC-SGN-040,Ho Chi Minh City Rooftop Bar Crawl — Small Group Edition,Ho Chi Minh City,nightlife,70,4,"adults, groups",3.9
AC-SGN-041,Ho Chi Minh City Live Music & Dinner Evening — Evening Edition,Ho Chi Minh City,nightlife,122,3.5,"couples, adults",3.5
AC-SGN-042,Ho Chi Minh City Craft & Artisan Workshop — Morning Edition,Ho Chi Minh City,class,74,4.6,everyone,2.1
AC-SGN-043,Ho Chi Minh City Language & Culture Crash Course — Morning Edition,Ho Chi Minh City,class,40,4.8,solo travellers,2.4
AC-DAD-001,Da Nang Street Food Walking Tour,Da Nang,food & drink,28,4.2,"couples, foodies",3.3
AC-DAD-002,Da Nang Cooking Class with Local Chef,Da Nang,food & drink,106,4.4,"couples, families",3.9
AC-DAD-003,Da Nang Night Market & Tapas Crawl,Da Nang,food & drink,30,3.4,"adults, groups",3.5
AC-DAD-004,Historic Da Nang City Walking Tour,Da Nang,culture,34,4.5,everyone,2.4
AC-DAD-005,Da Nang Museum & Gallery Pass,Da Nang,culture,24,4,everyone,5.7
AC-DAD-006,Da Nang Old Town Photography Tour,Da Nang,culture,83,4.5,"couples, solo travellers",3.2
AC-DAD-007,Da Nang Sunset Cruise,Da Nang,water,77,4.1,"couples, families",2.5
AC-DAD-008,Snorkelling Day Trip from Da Nang,Da Nang,water,141,4.7,"families, adventure seekers",6.5
AC-DAD-009,Da Nang Kayak & Coastline Tour,Da Nang,water,41,4.2,active travellers,3.5
AC-DAD-010,Da Nang Countryside Day Trip,Da Nang,day trip,123,4.6,everyone,8.1
AC-DAD-011,Wine & Vineyard Tour near Da Nang,Da Nang,day trip,91,3.6,adults,6.6
AC-DAD-012,Da Nang Hidden Villages Small-Group Tour,Da Nang,day trip,98,3.6,small groups,8.2
AC-DAD-013,Da Nang Mountain Hike & Viewpoints,Da Nang,adventure,70,4.4,active travellers,5
AC-DAD-014,Da Nang Bike Tour,Da Nang,adventure,55,3.6,"active travellers, families",3.5
AC-DAD-015,Da Nang Zipline & Ropes Adventure,Da Nang,adventure,56,4.9,adventure seekers,2.6
AC-DAD-016,Da Nang Rooftop Bar Crawl,Da Nang,nightlife,76,4.6,"adults, groups",3.7
AC-DAD-017,Da Nang Live Music & Dinner Evening,Da Nang,nightlife,67,4.6,"couples, adults",3.4
AC-DAD-018,Da Nang Craft & Artisan Workshop,Da Nang,class,67,3.7,everyone,2.5
AC-DAD-019,Da Nang Language & Culture Crash Course,Da Nang,class,47,4.3,solo travellers,2.4
AC-DAD-020,Da Nang Wellness & Spa Half-Day,Da Nang,wellness,164,4.7,couples,4
AC-DAD-021,Da Nang Sunrise Yoga Session,Da Nang,wellness,31,3.4,everyone,2
AC-DAD-022,Da Nang Hop-On Hop-Off Bus Pass,Da Nang,sightseeing,47,4.3,"families, everyone",6.1
AC-DAD-023,Da Nang River & Canal Cruise,Da Nang,sightseeing,38,4,everyone,1.8
AC-DAD-024,Da Nang Observation Deck Skip-the-Line,Da Nang,sightseeing,32,4.2,families,1.9
AC-DAD-025,Da Nang Street Food Walking Tour — Evening Edition,Da Nang,food & drink,67,4.7,"couples, foodies",3.6
AC-DAD-026,Da Nang Cooking Class with Local Chef — Morning Edition,Da Nang,food & drink,84,4.3,"couples, families",3.8
AC-DAD-027,Da Nang Night Market & Tapas Crawl — Morning Edition,Da Nang,food & drink,57,4.1,"adults, groups",3.3
AC-DAD-028,Historic Da Nang City Walking Tour — Private Edition,Da Nang,culture,26,4,everyone,2.4
AC-DAD-029,Da Nang Museum & Gallery Pass — Evening Edition,Da Nang,culture,46,5,everyone,5.7
AC-DAD-030,Da Nang Old Town Photography Tour — Morning Edition,Da Nang,culture,46,3.8,"couples, solo travellers",3.9
AC-DAD-031,Da Nang Sunset Cruise — Small Group Edition,Da Nang,water,50,4.6,"couples, families",3
AC-DAD-032,Snorkelling Day Trip from Da Nang — Premium Edition,Da Nang,water,71,4.1,"families, adventure seekers",6.8
AC-DAD-033,Da Nang Kayak & Coastline Tour — Small Group Edition,Da Nang,water,81,4.3,active travellers,3.6
AC-DAD-034,Da Nang Countryside Day Trip — Private Edition,Da Nang,day trip,149,4.7,everyone,8.9
AC-DAD-035,Wine & Vineyard Tour near Da Nang — Premium Edition,Da Nang,day trip,185,5,adults,8
AC-DAD-036,Da Nang Hidden Villages Small-Group Tour — Evening Edition,Da Nang,day trip,96,4.4,small groups,7.6
AC-DAD-037,Da Nang Mountain Hike & Viewpoints — Small Group Edition,Da Nang,adventure,61,3.8,active travellers,6.1
AC-DAD-038,Da Nang Bike Tour — Evening Edition,Da Nang,adventure,47,4.7,"active travellers, families",3.6
AC-DAD-039,Da Nang Zipline & Ropes Adventure — Small Group Edition,Da Nang,adventure,101,3.6,adventure seekers,3.5
AC-DAD-040,Da Nang Rooftop Bar Crawl — Small Group Edition,Da Nang,nightlife,53,4.5,"adults, groups",3.3
AC-MNL-001,Manila Street Food Walking Tour,Manila,food & drink,74,4.5,"couples, foodies",3.8
AC-MNL-002,Manila Cooking Class with Local Chef,Manila,food & drink,110,3.7,"couples, families",3.5
AC-MNL-003,Manila Night Market & Tapas Crawl,Manila,food & drink,72,4.4,"adults, groups",3.3
AC-MNL-004,Historic Manila City Walking Tour,Manila,culture,38,3.5,everyone,3.2
AC-MNL-005,Manila Museum & Gallery Pass,Manila,culture,40,4.5,everyone,4.5
AC-MNL-006,Manila Old Town Photography Tour,Manila,culture,60,3.6,"couples, solo travellers",3.1
AC-MNL-007,Manila Sunset Cruise,Manila,water,81,5,"couples, families",2.2
AC-MNL-008,Snorkelling Day Trip from Manila,Manila,water,101,4.2,"families, adventure seekers",7.8
AC-MNL-009,Manila Kayak & Coastline Tour,Manila,water,87,4.8,active travellers,3.2
AC-MNL-010,Manila Countryside Day Trip,Manila,day trip,168,4.1,everyone,9.7
AC-MNL-011,Wine & Vineyard Tour near Manila,Manila,day trip,196,4.1,adults,6.3
AC-MNL-012,Manila Hidden Villages Small-Group Tour,Manila,day trip,85,4.7,small groups,7.5
AC-MNL-013,Manila Mountain Hike & Viewpoints,Manila,adventure,64,4.8,active travellers,5.6
AC-MNL-014,Manila Bike Tour,Manila,adventure,71,3.8,"active travellers, families",3.9
AC-MNL-015,Manila Zipline & Ropes Adventure,Manila,adventure,121,4.7,adventure seekers,3.1
AC-MNL-016,Manila Rooftop Bar Crawl,Manila,nightlife,59,3.7,"adults, groups",3.2
AC-MNL-017,Manila Live Music & Dinner Evening,Manila,nightlife,138,4.4,"couples, adults",3.8
AC-MNL-018,Manila Craft & Artisan Workshop,Manila,class,52,4.7,everyone,2.6
AC-MNL-019,Manila Language & Culture Crash Course,Manila,class,49,4,solo travellers,2.4
AC-MNL-020,Manila Wellness & Spa Half-Day,Manila,wellness,162,3.5,couples,3.6
AC-MNL-021,Manila Sunrise Yoga Session,Manila,wellness,20,4.8,everyone,1.6
AC-MNL-022,Manila Hop-On Hop-Off Bus Pass,Manila,sightseeing,33,3.5,"families, everyone",6.5
AC-MNL-023,Manila River & Canal Cruise,Manila,sightseeing,35,4.1,everyone,1
AC-MNL-024,Manila Observation Deck Skip-the-Line,Manila,sightseeing,36,3.6,families,1.9
AC-MNL-025,Manila Street Food Walking Tour — Small Group Edition,Manila,food & drink,68,4.2,"couples, foodies",3.3
AC-MNL-026,Manila Cooking Class with Local Chef — Morning Edition,Manila,food & drink,70,4.9,"couples, families",3.9
AC-MNL-027,Manila Night Market & Tapas Crawl — Premium Edition,Manila,food & drink,45,4.7,"adults, groups",4
AC-MNL-028,Historic Manila City Walking Tour — Afternoon Edition,Manila,culture,23,4.2,everyone,3.3
AC-MNL-029,Manila Museum & Gallery Pass — Morning Edition,Manila,culture,28,3.8,everyone,3.1
AC-MNL-030,Manila Old Town Photography Tour — Morning Edition,Manila,culture,64,3.6,"couples, solo travellers",2.3
AC-MNL-031,Manila Sunset Cruise — Premium Edition,Manila,water,57,4.6,"couples, families",2.5
AC-MNL-032,Snorkelling Day Trip from Manila — Afternoon Edition,Manila,water,99,4.6,"families, adventure seekers",7.2
AC-MNL-033,Manila Kayak & Coastline Tour — Morning Edition,Manila,water,51,3.4,active travellers,3.4
AC-MNL-034,Manila Countryside Day Trip — Morning Edition,Manila,day trip,144,4.4,everyone,9.2
AC-MNL-035,Wine & Vineyard Tour near Manila — Small Group Edition,Manila,day trip,122,4.2,adults,7.4
AC-MNL-036,Manila Hidden Villages Small-Group Tour — Morning Edition,Manila,day trip,148,4.2,small groups,8
AC-MNL-037,Manila Mountain Hike & Viewpoints — Small Group Edition,Manila,adventure,83,3.6,active travellers,4.3
AC-MNL-038,Manila Bike Tour — Evening Edition,Manila,adventure,71,3.5,"active travellers, families",3.7
AC-MNL-039,Manila Zipline & Ropes Adventure — Small Group Edition,Manila,adventure,103,4.4,adventure seekers,2.4
AC-MNL-040,Manila Rooftop Bar Crawl — Small Group Edition,Manila,nightlife,55,4,"adults, groups",3.2
AC-DEL-001,Delhi Street Food Walking Tour,Delhi,food & drink,26,4.6,"couples, foodies",3.8
AC-DEL-002,Delhi Cooking Class with Local Chef,Delhi,food & drink,85,4.4,"couples, families",3.5
AC-DEL-003,Delhi Night Market & Tapas Crawl,Delhi,food & drink,57,3.8,"adults, groups",3.5
AC-DEL-004,Historic Delhi City Walking Tour,Delhi,culture,14,3.5,everyone,2.6
AC-DEL-005,Delhi Museum & Gallery Pass,Delhi,culture,35,4.2,everyone,5
AC-DEL-006,Delhi Old Town Photography Tour,Delhi,culture,64,3.8,"couples, solo travellers",2.3
AC-DEL-007,Delhi Sunset Cruise,Delhi,water,78,4.4,"couples, families",2.2
AC-DEL-008,Snorkelling Day Trip from Delhi,Delhi,water,117,4.2,"families, adventure seekers",7.4
AC-DEL-009,Delhi Kayak & Coastline Tour,Delhi,water,41,3.5,active travellers,3.9
AC-DEL-010,Delhi Countryside Day Trip,Delhi,day trip,139,4.6,everyone,9.7
AC-DEL-011,Wine & Vineyard Tour near Delhi,Delhi,day trip,165,4.9,adults,7.4
AC-DEL-012,Delhi Hidden Villages Small-Group Tour,Delhi,day trip,67,3.9,small groups,8.2
AC-DEL-013,Delhi Mountain Hike & Viewpoints,Delhi,adventure,84,3.9,active travellers,5.9
AC-DEL-014,Delhi Bike Tour,Delhi,adventure,50,3.8,"active travellers, families",3.1
AC-DEL-015,Delhi Zipline & Ropes Adventure,Delhi,adventure,49,3.7,adventure seekers,3.9
AC-DEL-016,Delhi Rooftop Bar Crawl,Delhi,nightlife,34,4.5,"adults, groups",3.3
AC-DEL-017,Delhi Live Music & Dinner Evening,Delhi,nightlife,62,4.8,"couples, adults",3.8
AC-DEL-018,Delhi Craft & Artisan Workshop,Delhi,class,82,3.5,everyone,2.6
AC-DEL-019,Delhi Language & Culture Crash Course,Delhi,class,30,4.1,solo travellers,2.9
AC-DEL-020,Delhi Wellness & Spa Half-Day,Delhi,wellness,70,4.4,couples,4.6
AC-DEL-021,Delhi Sunrise Yoga Session,Delhi,wellness,38,3.9,everyone,1.2
AC-DEL-022,Delhi Hop-On Hop-Off Bus Pass,Delhi,sightseeing,38,4.6,"families, everyone",6.3
AC-DEL-023,Delhi River & Canal Cruise,Delhi,sightseeing,23,3.4,everyone,1.2
AC-DEL-024,Delhi Observation Deck Skip-the-Line,Delhi,sightseeing,30,5,families,1.5
AC-DEL-025,Delhi Street Food Walking Tour — Private Edition,Delhi,food & drink,64,3.8,"couples, foodies",2.9
AC-DEL-026,Delhi Cooking Class with Local Chef — Private Edition,Delhi,food & drink,51,4.2,"couples, families",3.8
AC-DEL-027,Delhi Night Market & Tapas Crawl — Morning Edition,Delhi,food & drink,58,4.2,"adults, groups",3.9
AC-DEL-028,Historic Delhi City Walking Tour — Premium Edition,Delhi,culture,26,4.5,everyone,2.7
AC-DEL-029,Delhi Museum & Gallery Pass — Premium Edition,Delhi,culture,43,4.9,everyone,6
AC-DEL-030,Delhi Old Town Photography Tour — Evening Edition,Delhi,culture,57,4.7,"couples, solo travellers",2.4
AC-DEL-031,Delhi Sunset Cruise — Morning Edition,Delhi,water,42,4.8,"couples, families",2.1
AC-DEL-032,Snorkelling Day Trip from Delhi — Evening Edition,Delhi,water,124,4.6,"families, adventure seekers",6.3
AC-DEL-033,Delhi Kayak & Coastline Tour — Premium Edition,Delhi,water,48,4.1,active travellers,3.4
AC-DEL-034,Delhi Countryside Day Trip — Evening Edition,Delhi,day trip,147,4.4,everyone,9
AC-DEL-035,Wine & Vineyard Tour near Delhi — Small Group Edition,Delhi,day trip,89,4.8,adults,6.4
AC-DEL-036,Delhi Hidden Villages Small-Group Tour — Morning Edition,Delhi,day trip,137,4,small groups,7.6
AC-DEL-037,Delhi Mountain Hike & Viewpoints — Small Group Edition,Delhi,adventure,69,3.8,active travellers,7.5
AC-DEL-038,Delhi Bike Tour — Evening Edition,Delhi,adventure,57,3.5,"active travellers, families",3.9
AC-DEL-039,Delhi Zipline & Ropes Adventure — Morning Edition,Delhi,adventure,97,4.1,adventure seekers,2.4
AC-DEL-040,Delhi Rooftop Bar Crawl — Evening Edition,Delhi,nightlife,57,3.8,"adults, groups",3.2
AC-BOM-001,Mumbai Street Food Walking Tour,Mumbai,food & drink,36,3.8,"couples, foodies",2.9
AC-BOM-002,Mumbai Cooking Class with Local Chef,Mumbai,food & drink,61,3.8,"couples, families",4
AC-BOM-003,Mumbai Night Market & Tapas Crawl,Mumbai,food & drink,53,4.6,"adults, groups",3.2
AC-BOM-004,Historic Mumbai City Walking Tour,Mumbai,culture,20,3.9,everyone,2.8
AC-BOM-005,Mumbai Museum & Gallery Pass,Mumbai,culture,53,3.4,everyone,3.6
AC-BOM-006,Mumbai Old Town Photography Tour,Mumbai,culture,62,4,"couples, solo travellers",3.9
AC-BOM-007,Mumbai Sunset Cruise,Mumbai,water,62,5,"couples, families",2.2
AC-BOM-008,Snorkelling Day Trip from Mumbai,Mumbai,water,82,3.7,"families, adventure seekers",7.6
AC-BOM-009,Mumbai Kayak & Coastline Tour,Mumbai,water,82,4.4,active travellers,3.9
AC-BOM-010,Mumbai Countryside Day Trip,Mumbai,day trip,113,3.6,everyone,9.1
AC-BOM-011,Wine & Vineyard Tour near Mumbai,Mumbai,day trip,82,4.4,adults,7.8
AC-BOM-012,Mumbai Hidden Villages Small-Group Tour,Mumbai,day trip,112,3.9,small groups,7.6
AC-BOM-013,Mumbai Mountain Hike & Viewpoints,Mumbai,adventure,85,4.9,active travellers,6.6
AC-BOM-014,Mumbai Bike Tour,Mumbai,adventure,47,4.1,"active travellers, families",3.6
AC-BOM-015,Mumbai Zipline & Ropes Adventure,Mumbai,adventure,52,4.3,adventure seekers,3.2
AC-BOM-016,Mumbai Rooftop Bar Crawl,Mumbai,nightlife,72,3.5,"adults, groups",3.5
AC-BOM-017,Mumbai Live Music & Dinner Evening,Mumbai,nightlife,92,4,"couples, adults",3.4
AC-BOM-018,Mumbai Craft & Artisan Workshop,Mumbai,class,87,3.4,everyone,2.4
AC-BOM-019,Mumbai Language & Culture Crash Course,Mumbai,class,37,3.6,solo travellers,2.1
AC-BOM-020,Mumbai Wellness & Spa Half-Day,Mumbai,wellness,157,3.4,couples,4.2
AC-BOM-021,Mumbai Sunrise Yoga Session,Mumbai,wellness,28,4.4,everyone,1.8
AC-BOM-022,Mumbai Hop-On Hop-Off Bus Pass,Mumbai,sightseeing,34,3.5,"families, everyone",5.9
AC-BOM-023,Mumbai River & Canal Cruise,Mumbai,sightseeing,34,3.4,everyone,1.2
AC-BOM-024,Mumbai Observation Deck Skip-the-Line,Mumbai,sightseeing,39,3.7,families,1.6
AC-BOM-025,Mumbai Street Food Walking Tour — Afternoon Edition,Mumbai,food & drink,48,3.4,"couples, foodies",2.5
AC-BOM-026,Mumbai Cooking Class with Local Chef — Afternoon Edition,Mumbai,food & drink,69,4.2,"couples, families",3.6
AC-BOM-027,Mumbai Night Market & Tapas Crawl — Morning Edition,Mumbai,food & drink,58,4.9,"adults, groups",3.3
AC-BOM-028,Historic Mumbai City Walking Tour — Small Group Edition,Mumbai,culture,21,4.5,everyone,3.5
AC-BOM-029,Mumbai Museum & Gallery Pass — Afternoon Edition,Mumbai,culture,34,4.1,everyone,4
AC-BOM-030,Mumbai Old Town Photography Tour — Premium Edition,Mumbai,culture,64,3.6,"couples, solo travellers",3.7
AC-BOM-031,Mumbai Sunset Cruise — Evening Edition,Mumbai,water,74,4.8,"couples, families",2.1
AC-BOM-032,Snorkelling Day Trip from Mumbai — Afternoon Edition,Mumbai,water,89,3.4,"families, adventure seekers",7.7
AC-BOM-033,Mumbai Kayak & Coastline Tour — Small Group Edition,Mumbai,water,66,3.8,active travellers,3.8
AC-BOM-034,Mumbai Countryside Day Trip — Small Group Edition,Mumbai,day trip,148,4.2,everyone,9.6
AC-BOM-035,Wine & Vineyard Tour near Mumbai — Afternoon Edition,Mumbai,day trip,149,3.8,adults,7.6
AC-BOM-036,Mumbai Hidden Villages Small-Group Tour — Evening Edition,Mumbai,day trip,125,4.8,small groups,7.8
AC-CMB-001,Colombo Street Food Walking Tour,Colombo,food & drink,47,4.3,"couples, foodies",2.6
AC-CMB-002,Colombo Cooking Class with Local Chef,Colombo,food & drink,52,4.7,"couples, families",3.2
AC-CMB-003,Colombo Night Market & Tapas Crawl,Colombo,food & drink,55,4.4,"adults, groups",3.4
AC-CMB-004,Historic Colombo City Walking Tour,Colombo,culture,17,3.5,everyone,3.3
AC-CMB-005,Colombo Museum & Gallery Pass,Colombo,culture,42,4.8,everyone,3.4
AC-CMB-006,Colombo Old Town Photography Tour,Colombo,culture,77,3.5,"couples, solo travellers",2.4
AC-CMB-007,Colombo Sunset Cruise,Colombo,water,67,4.1,"couples, families",2.6
AC-CMB-008,Snorkelling Day Trip from Colombo,Colombo,water,127,3.4,"families, adventure seekers",7.8
AC-CMB-009,Colombo Kayak & Coastline Tour,Colombo,water,60,3.9,active travellers,3.9
AC-CMB-010,Colombo Countryside Day Trip,Colombo,day trip,97,4.2,everyone,9.2
AC-CMB-011,Wine & Vineyard Tour near Colombo,Colombo,day trip,153,3.8,adults,7.4
AC-CMB-012,Colombo Hidden Villages Small-Group Tour,Colombo,day trip,121,3.7,small groups,7.5
AC-CMB-013,Colombo Mountain Hike & Viewpoints,Colombo,adventure,67,3.6,active travellers,4.8
AC-CMB-014,Colombo Bike Tour,Colombo,adventure,64,3.9,"active travellers, families",3.8
AC-CMB-015,Colombo Zipline & Ropes Adventure,Colombo,adventure,79,4.3,adventure seekers,2.8
AC-CMB-016,Colombo Rooftop Bar Crawl,Colombo,nightlife,72,4.7,"adults, groups",3.2
AC-CMB-017,Colombo Live Music & Dinner Evening,Colombo,nightlife,74,3.6,"couples, adults",3.4
AC-CMB-018,Colombo Craft & Artisan Workshop,Colombo,class,79,3.8,everyone,2.2
AC-CMB-019,Colombo Language & Culture Crash Course,Colombo,class,28,4.6,solo travellers,2.7
AC-CMB-020,Colombo Wellness & Spa Half-Day,Colombo,wellness,124,4,couples,4
AC-CMB-021,Colombo Sunrise Yoga Session,Colombo,wellness,19,3.6,everyone,1.1
AC-CMB-022,Colombo Hop-On Hop-Off Bus Pass,Colombo,sightseeing,47,3.8,"families, everyone",4.1
AC-CMB-023,Colombo River & Canal Cruise,Colombo,sightseeing,25,3.4,everyone,2.1
AC-CMB-024,Colombo Observation Deck Skip-the-Line,Colombo,sightseeing,35,3.6,families,1.6
AC-CMB-025,Colombo Street Food Walking Tour — Afternoon Edition,Colombo,food & drink,34,4.5,"couples, foodies",2.8
AC-CMB-026,Colombo Cooking Class with Local Chef — Morning Edition,Colombo,food & drink,88,4.4,"couples, families",3.3
AC-CMB-027,Colombo Night Market & Tapas Crawl — Evening Edition,Colombo,food & drink,31,3.9,"adults, groups",3.4
AC-CMB-028,Historic Colombo City Walking Tour — Private Edition,Colombo,culture,22,4.6,everyone,2.6
AC-CMB-029,Colombo Museum & Gallery Pass — Afternoon Edition,Colombo,culture,41,4.3,everyone,5.2
AC-CMB-030,Colombo Old Town Photography Tour — Afternoon Edition,Colombo,culture,71,4.2,"couples, solo travellers",2.8
AC-CMB-031,Colombo Sunset Cruise — Premium Edition,Colombo,water,94,4.8,"couples, families",2
AC-CMB-032,Snorkelling Day Trip from Colombo — Small Group Edition,Colombo,water,139,4.2,"families, adventure seekers",6.6
AC-CMB-033,Colombo Kayak & Coastline Tour — Private Edition,Colombo,water,56,4.4,active travellers,3.1
AC-CMB-034,Colombo Countryside Day Trip — Private Edition,Colombo,day trip,68,4.9,everyone,9
AC-CMB-035,Wine & Vineyard Tour near Colombo — Evening Edition,Colombo,day trip,79,3.9,adults,6.6
AC-CMB-036,Colombo Hidden Villages Small-Group Tour — Morning Edition,Colombo,day trip,129,4.9,small groups,8.9
AC-CMB-037,Colombo Mountain Hike & Viewpoints — Evening Edition,Colombo,adventure,49,4.6,active travellers,7.9
AC-CMB-038,Colombo Bike Tour — Afternoon Edition,Colombo,adventure,66,4.7,"active travellers, families",3.4
AC-CMB-039,Colombo Zipline & Ropes Adventure — Evening Edition,Colombo,adventure,74,4.1,adventure seekers,3.8
AC-CMB-040,Colombo Rooftop Bar Crawl — Premium Edition,Colombo,nightlife,53,3.6,"adults, groups",4
AC-CMB-041,Colombo Live Music & Dinner Evening — Evening Edition,Colombo,nightlife,100,4.3,"couples, adults",3.5
AC-CMB-042,Colombo Craft & Artisan Workshop — Afternoon Edition,Colombo,class,51,4.3,everyone,2.4
AC-DXB-001,Dubai Street Food Walking Tour,Dubai,food & drink,133,3.7,"couples, foodies",3.9
AC-DXB-002,Dubai Cooking Class with Local Chef,Dubai,food & drink,142,3.6,"couples, families",3.2
AC-DXB-003,Dubai Night Market & Tapas Crawl,Dubai,food & drink,124,4.5,"adults, groups",3.6
AC-DXB-004,Historic Dubai City Walking Tour,Dubai,culture,51,4.9,everyone,2.6
AC-DXB-005,Dubai Museum & Gallery Pass,Dubai,culture,108,4,everyone,3.9
AC-DXB-006,Dubai Old Town Photography Tour,Dubai,culture,165,3.8,"couples, solo travellers",3.4
AC-DXB-007,Dubai Sunset Cruise,Dubai,water,222,4.5,"couples, families",2.2
AC-DXB-008,Snorkelling Day Trip from Dubai,Dubai,water,325,3.8,"families, adventure seekers",6.9
AC-DXB-009,Dubai Kayak & Coastline Tour,Dubai,water,186,4.3,active travellers,3.8
AC-DXB-010,Dubai Countryside Day Trip,Dubai,day trip,313,3.4,everyone,8.8
AC-DXB-011,Wine & Vineyard Tour near Dubai,Dubai,day trip,354,4.1,adults,7.2
AC-DXB-012,Dubai Hidden Villages Small-Group Tour,Dubai,day trip,239,4.1,small groups,8.4
AC-DXB-013,Dubai Mountain Hike & Viewpoints,Dubai,adventure,148,3.6,active travellers,7
AC-DXB-014,Dubai Bike Tour,Dubai,adventure,130,3.7,"active travellers, families",3.3
AC-DXB-015,Dubai Zipline & Ropes Adventure,Dubai,adventure,199,3.6,adventure seekers,2.2
AC-DXB-016,Dubai Rooftop Bar Crawl,Dubai,nightlife,96,4,"adults, groups",3.3
AC-DXB-017,Dubai Live Music & Dinner Evening,Dubai,nightlife,156,4.7,"couples, adults",3.2
AC-DXB-018,Dubai Craft & Artisan Workshop,Dubai,class,96,3.7,everyone,2.2
AC-DXB-019,Dubai Language & Culture Crash Course,Dubai,class,52,3.5,solo travellers,2.4
AC-DXB-020,Dubai Wellness & Spa Half-Day,Dubai,wellness,170,4.2,couples,4.8
AC-DXB-021,Dubai Sunrise Yoga Session,Dubai,wellness,55,4.2,everyone,1.3
AC-DXB-022,Dubai Hop-On Hop-Off Bus Pass,Dubai,sightseeing,103,4,"families, everyone",6.3
AC-DXB-023,Dubai River & Canal Cruise,Dubai,sightseeing,96,4.7,everyone,1.4
AC-DXB-024,Dubai Observation Deck Skip-the-Line,Dubai,sightseeing,62,4.5,families,1.3
AC-DXB-025,Dubai Street Food Walking Tour — Afternoon Edition,Dubai,food & drink,65,3.7,"couples, foodies",3.6
AC-DXB-026,Dubai Cooking Class with Local Chef — Private Edition,Dubai,food & drink,170,3.9,"couples, families",3.7
AC-DXB-027,Dubai Night Market & Tapas Crawl — Small Group Edition,Dubai,food & drink,139,3.5,"adults, groups",3.9
AC-DXB-028,Historic Dubai City Walking Tour — Small Group Edition,Dubai,culture,36,4.2,everyone,3.1
AC-DXB-029,Dubai Museum & Gallery Pass — Private Edition,Dubai,culture,53,4.3,everyone,5.1
AC-DXB-030,Dubai Old Town Photography Tour — Morning Edition,Dubai,culture,134,3.7,"couples, solo travellers",2.5
AC-DXB-031,Dubai Sunset Cruise — Morning Edition,Dubai,water,112,4.5,"couples, families",2.2
AC-DXB-032,Snorkelling Day Trip from Dubai — Private Edition,Dubai,water,207,3.7,"families, adventure seekers",7.7
AC-DXB-033,Dubai Kayak & Coastline Tour — Morning Edition,Dubai,water,170,3.9,active travellers,3.1
AC-DXB-034,Dubai Countryside Day Trip — Small Group Edition,Dubai,day trip,159,3.6,everyone,8.6
AC-DXB-035,Wine & Vineyard Tour near Dubai — Morning Edition,Dubai,day trip,230,4,adults,7.3
AC-DXB-036,Dubai Hidden Villages Small-Group Tour — Premium Edition,Dubai,day trip,151,4.1,small groups,8.4
AC-DXB-037,Dubai Mountain Hike & Viewpoints — Small Group Edition,Dubai,adventure,122,4.4,active travellers,6.8
AC-DXB-038,Dubai Bike Tour — Afternoon Edition,Dubai,adventure,72,4.6,"active travellers, families",3.1
AC-DXB-039,Dubai Zipline & Ropes Adventure — Premium Edition,Dubai,adventure,131,4.6,adventure seekers,3.9
AC-DXB-040,Dubai Rooftop Bar Crawl — Small Group Edition,Dubai,nightlife,78,3.9,"adults, groups",3.2
AC-DXB-041,Dubai Live Music & Dinner Evening — Private Edition,Dubai,nightlife,246,4.4,"couples, adults",3.8
AC-DXB-042,Dubai Craft & Artisan Workshop — Afternoon Edition,Dubai,class,186,4.5,everyone,2.5
AC-DXB-043,Dubai Language & Culture Crash Course — Morning Edition,Dubai,class,113,3.5,solo travellers,2.4
AC-DOH-001,Doha Street Food Walking Tour,Doha,food & drink,73,3.9,"couples, foodies",2.5
AC-DOH-002,Doha Cooking Class with Local Chef,Doha,food & drink,191,3.5,"couples, families",3.6
AC-DOH-003,Doha Night Market & Tapas Crawl,Doha,food & drink,108,4.1,"adults, groups",3
AC-DOH-004,Historic Doha City Walking Tour,Doha,culture,74,3.4,everyone,3
AC-DOH-005,Doha Museum & Gallery Pass,Doha,culture,56,3.5,everyone,3.3
AC-DOH-006,Doha Old Town Photography Tour,Doha,culture,103,5,"couples, solo travellers",3.2
AC-DOH-007,Doha Sunset Cruise,Doha,water,248,4,"couples, families",3
AC-DOH-008,Snorkelling Day Trip from Doha,Doha,water,251,4.7,"families, adventure seekers",7.9
AC-DOH-009,Doha Kayak & Coastline Tour,Doha,water,113,4.8,active travellers,3.7
AC-DOH-010,Doha Countryside Day Trip,Doha,day trip,174,3.7,everyone,9.1
AC-DOH-011,Wine & Vineyard Tour near Doha,Doha,day trip,299,4.8,adults,6.6
AC-DOH-012,Doha Hidden Villages Small-Group Tour,Doha,day trip,226,3.7,small groups,8.8
AC-DOH-013,Doha Mountain Hike & Viewpoints,Doha,adventure,84,4.9,active travellers,5.3
AC-DOH-014,Doha Bike Tour,Doha,adventure,105,3.7,"active travellers, families",3.7
AC-DOH-015,Doha Zipline & Ropes Adventure,Doha,adventure,221,4.1,adventure seekers,2.7
AC-DOH-016,Doha Rooftop Bar Crawl,Doha,nightlife,79,4.7,"adults, groups",3.1
AC-DOH-017,Doha Live Music & Dinner Evening,Doha,nightlife,229,4.6,"couples, adults",3.5
AC-DOH-018,Doha Craft & Artisan Workshop,Doha,class,160,4.4,everyone,2.2
AC-DOH-019,Doha Language & Culture Crash Course,Doha,class,105,4.8,solo travellers,2.7
AC-DOH-020,Doha Wellness & Spa Half-Day,Doha,wellness,330,3.6,couples,4.2
AC-DOH-021,Doha Sunrise Yoga Session,Doha,wellness,58,4,everyone,1.1
AC-DOH-022,Doha Hop-On Hop-Off Bus Pass,Doha,sightseeing,74,4,"families, everyone",6.2
AC-DOH-023,Doha River & Canal Cruise,Doha,sightseeing,85,3.9,everyone,1.5
AC-DOH-024,Doha Observation Deck Skip-the-Line,Doha,sightseeing,106,4.3,families,1.5
AC-DOH-025,Doha Street Food Walking Tour — Morning Edition,Doha,food & drink,76,3.9,"couples, foodies",3.4
AC-DOH-026,Doha Cooking Class with Local Chef — Morning Edition,Doha,food & drink,205,3.8,"couples, families",3.6
AC-DOH-027,Doha Night Market & Tapas Crawl — Afternoon Edition,Doha,food & drink,116,4.5,"adults, groups",3.1
AC-DOH-028,Historic Doha City Walking Tour — Small Group Edition,Doha,culture,71,3.9,everyone,2.3
AC-DOH-029,Doha Museum & Gallery Pass — Small Group Edition,Doha,culture,54,4.9,everyone,3.6
AC-DOH-030,Doha Old Town Photography Tour — Afternoon Edition,Doha,culture,113,4.7,"couples, solo travellers",2.4
AC-DOH-031,Doha Sunset Cruise — Small Group Edition,Doha,water,94,4.2,"couples, families",3
AC-DOH-032,Snorkelling Day Trip from Doha — Afternoon Edition,Doha,water,306,4.1,"families, adventure seekers",6.9
AC-DOH-033,Doha Kayak & Coastline Tour — Premium Edition,Doha,water,139,3.6,active travellers,3.6
AC-DOH-034,Doha Countryside Day Trip — Private Edition,Doha,day trip,263,3.5,everyone,9
AC-IST-001,Istanbul Street Food Walking Tour,Istanbul,food & drink,36,3.8,"couples, foodies",3
AC-IST-002,Istanbul Cooking Class with Local Chef,Istanbul,food & drink,143,4.3,"couples, families",3.5
AC-IST-003,Istanbul Night Market & Tapas Crawl,Istanbul,food & drink,70,4.3,"adults, groups",4
AC-IST-004,Historic Istanbul City Walking Tour,Istanbul,culture,23,4.3,everyone,3.3
AC-IST-005,Istanbul Museum & Gallery Pass,Istanbul,culture,50,4.8,everyone,4.5
AC-IST-006,Istanbul Old Town Photography Tour,Istanbul,culture,52,4.9,"couples, solo travellers",3.5
AC-IST-007,Istanbul Sunset Cruise,Istanbul,water,99,4.5,"couples, families",2.3
AC-IST-008,Snorkelling Day Trip from Istanbul,Istanbul,water,98,4.1,"families, adventure seekers",6.7
AC-IST-009,Istanbul Kayak & Coastline Tour,Istanbul,water,94,4.9,active travellers,4
AC-IST-010,Istanbul Countryside Day Trip,Istanbul,day trip,179,4.8,everyone,8.4
AC-IST-011,Wine & Vineyard Tour near Istanbul,Istanbul,day trip,242,4.8,adults,7.3
AC-IST-012,Istanbul Hidden Villages Small-Group Tour,Istanbul,day trip,167,5,small groups,8
AC-IST-013,Istanbul Mountain Hike & Viewpoints,Istanbul,adventure,101,3.5,active travellers,6.8
AC-IST-014,Istanbul Bike Tour,Istanbul,adventure,86,3.7,"active travellers, families",3.6
AC-IST-015,Istanbul Zipline & Ropes Adventure,Istanbul,adventure,149,4.8,adventure seekers,2.8
AC-IST-016,Istanbul Rooftop Bar Crawl,Istanbul,nightlife,85,4.1,"adults, groups",3.1
AC-IST-017,Istanbul Live Music & Dinner Evening,Istanbul,nightlife,82,3.6,"couples, adults",3.3
AC-IST-018,Istanbul Craft & Artisan Workshop,Istanbul,class,72,4.9,everyone,2.1
AC-IST-019,Istanbul Language & Culture Crash Course,Istanbul,class,34,3.7,solo travellers,2.8
AC-IST-020,Istanbul Wellness & Spa Half-Day,Istanbul,wellness,147,4.7,couples,3.8
AC-IST-021,Istanbul Sunrise Yoga Session,Istanbul,wellness,49,3.8,everyone,1.9
AC-IST-022,Istanbul Hop-On Hop-Off Bus Pass,Istanbul,sightseeing,48,4.1,"families, everyone",4.3
AC-IST-023,Istanbul River & Canal Cruise,Istanbul,sightseeing,39,3.6,everyone,2.4
AC-IST-024,Istanbul Observation Deck Skip-the-Line,Istanbul,sightseeing,39,4,families,1.6
AC-IST-025,Istanbul Street Food Walking Tour — Private Edition,Istanbul,food & drink,70,3.9,"couples, foodies",2.9
AC-IST-026,Istanbul Cooking Class with Local Chef — Morning Edition,Istanbul,food & drink,142,4.4,"couples, families",3.2
AC-IST-027,Istanbul Night Market & Tapas Crawl — Private Edition,Istanbul,food & drink,54,4.8,"adults, groups",3.5
AC-IST-028,Historic Istanbul City Walking Tour — Morning Edition,Istanbul,culture,34,4.4,everyone,2.9
AC-IST-029,Istanbul Museum & Gallery Pass — Premium Edition,Istanbul,culture,50,4.5,everyone,3.6
AC-IST-030,Istanbul Old Town Photography Tour — Small Group Edition,Istanbul,culture,110,3.6,"couples, solo travellers",3
AC-IST-031,Istanbul Sunset Cruise — Evening Edition,Istanbul,water,109,3.4,"couples, families",2.7
AC-IST-032,Snorkelling Day Trip from Istanbul — Premium Edition,Istanbul,water,113,3.6,"families, adventure seekers",7.3
AC-IST-033,Istanbul Kayak & Coastline Tour — Small Group Edition,Istanbul,water,89,4.3,active travellers,3.1
AC-IST-034,Istanbul Countryside Day Trip — Small Group Edition,Istanbul,day trip,115,4.3,everyone,8.4
AC-IST-035,Wine & Vineyard Tour near Istanbul — Morning Edition,Istanbul,day trip,237,4.9,adults,6.2
AC-IST-036,Istanbul Hidden Villages Small-Group Tour — Private Edition,Istanbul,day trip,131,4.2,small groups,8
AC-IST-037,Istanbul Mountain Hike & Viewpoints — Small Group Edition,Istanbul,adventure,74,4.4,active travellers,4.8
AC-IST-038,Istanbul Bike Tour — Morning Edition,Istanbul,adventure,74,4.2,"active travellers, families",3.9
AC-IST-039,Istanbul Zipline & Ropes Adventure — Evening Edition,Istanbul,adventure,150,4.5,adventure seekers,3.7
AC-IST-040,Istanbul Rooftop Bar Crawl — Afternoon Edition,Istanbul,nightlife,53,4.4,"adults, groups",3.7
AC-IST-041,Istanbul Live Music & Dinner Evening — Private Edition,Istanbul,nightlife,84,3.9,"couples, adults",3.8
AC-IST-042,Istanbul Craft & Artisan Workshop — Evening Edition,Istanbul,class,108,4.3,everyone,2.6
AC-IST-043,Istanbul Language & Culture Crash Course — Premium Edition,Istanbul,class,55,3.5,solo travellers,2.5
AC-CAI-001,Cairo Street Food Walking Tour,Cairo,food & drink,39,4,"couples, foodies",3.3
AC-CAI-002,Cairo Cooking Class with Local Chef,Cairo,food & drink,68,3.4,"couples, families",3.9
AC-CAI-003,Cairo Night Market & Tapas Crawl,Cairo,food & drink,39,4.4,"adults, groups",3.5
AC-CAI-004,Historic Cairo City Walking Tour,Cairo,culture,20,3.5,everyone,2.2
AC-CAI-005,Cairo Museum & Gallery Pass,Cairo,culture,29,3.7,everyone,5.3
AC-CAI-006,Cairo Old Town Photography Tour,Cairo,culture,45,4.7,"couples, solo travellers",2.6
AC-CAI-007,Cairo Sunset Cruise,Cairo,water,58,4.4,"couples, families",2.6
AC-CAI-008,Snorkelling Day Trip from Cairo,Cairo,water,55,3.9,"families, adventure seekers",7
AC-CAI-009,Cairo Kayak & Coastline Tour,Cairo,water,62,5,active travellers,3.1
AC-CAI-010,Cairo Countryside Day Trip,Cairo,day trip,105,3.6,everyone,8.2
AC-CAI-011,Wine & Vineyard Tour near Cairo,Cairo,day trip,77,3.4,adults,7.5
AC-CAI-012,Cairo Hidden Villages Small-Group Tour,Cairo,day trip,75,4.8,small groups,8.3
AC-CAI-013,Cairo Mountain Hike & Viewpoints,Cairo,adventure,34,3.9,active travellers,7.3
AC-CAI-014,Cairo Bike Tour,Cairo,adventure,29,3.8,"active travellers, families",3.2
AC-CAI-015,Cairo Zipline & Ropes Adventure,Cairo,adventure,105,3.5,adventure seekers,2.1
AC-CAI-016,Cairo Rooftop Bar Crawl,Cairo,nightlife,63,4.6,"adults, groups",3.8
AC-CAI-017,Cairo Live Music & Dinner Evening,Cairo,nightlife,111,4.3,"couples, adults",3.1
AC-CAI-018,Cairo Craft & Artisan Workshop,Cairo,class,69,4,everyone,2.8
AC-CAI-019,Cairo Language & Culture Crash Course,Cairo,class,44,4.7,solo travellers,2
AC-CAI-020,Cairo Wellness & Spa Half-Day,Cairo,wellness,154,4.2,couples,3.7
AC-CAI-021,Cairo Sunrise Yoga Session,Cairo,wellness,37,4.7,everyone,1.4
AC-CAI-022,Cairo Hop-On Hop-Off Bus Pass,Cairo,sightseeing,32,4.9,"families, everyone",4.8
AC-CAI-023,Cairo River & Canal Cruise,Cairo,sightseeing,40,4.2,everyone,2.4
AC-CAI-024,Cairo Observation Deck Skip-the-Line,Cairo,sightseeing,41,4.6,families,1.5
AC-CAI-025,Cairo Street Food Walking Tour — Morning Edition,Cairo,food & drink,39,4.1,"couples, foodies",3.1
AC-CAI-026,Cairo Cooking Class with Local Chef — Afternoon Edition,Cairo,food & drink,81,4.5,"couples, families",3.6
AC-CAI-027,Cairo Night Market & Tapas Crawl — Evening Edition,Cairo,food & drink,43,4.7,"adults, groups",3.4
AC-CAI-028,Historic Cairo City Walking Tour — Evening Edition,Cairo,culture,36,3.8,everyone,2.1
AC-CAI-029,Cairo Museum & Gallery Pass — Small Group Edition,Cairo,culture,24,4.1,everyone,4.6
AC-CAI-030,Cairo Old Town Photography Tour — Evening Edition,Cairo,culture,67,4.3,"couples, solo travellers",2.9
AC-CAI-031,Cairo Sunset Cruise — Evening Edition,Cairo,water,108,5,"couples, families",2.2
AC-CAI-032,Snorkelling Day Trip from Cairo — Small Group Edition,Cairo,water,86,3.4,"families, adventure seekers",7.2
AC-CAI-033,Cairo Kayak & Coastline Tour — Premium Edition,Cairo,water,79,4.6,active travellers,3.1
AC-CAI-034,Cairo Countryside Day Trip — Small Group Edition,Cairo,day trip,134,4.1,everyone,9.1
AC-CAI-035,Wine & Vineyard Tour near Cairo — Morning Edition,Cairo,day trip,81,4.9,adults,6.1
AC-CAI-036,Cairo Hidden Villages Small-Group Tour — Private Edition,Cairo,day trip,129,4.9,small groups,7.6
AC-RAK-001,Marrakech Street Food Walking Tour,Marrakech,food & drink,32,4.8,"couples, foodies",3.2
AC-RAK-002,Marrakech Cooking Class with Local Chef,Marrakech,food & drink,53,4,"couples, families",3.2
AC-RAK-003,Marrakech Night Market & Tapas Crawl,Marrakech,food & drink,59,4.8,"adults, groups",3.2
AC-RAK-004,Historic Marrakech City Walking Tour,Marrakech,culture,22,4.7,everyone,3
AC-RAK-005,Marrakech Museum & Gallery Pass,Marrakech,culture,24,3.6,everyone,4.2
AC-RAK-006,Marrakech Old Town Photography Tour,Marrakech,culture,53,4.7,"couples, solo travellers",2.6
AC-RAK-007,Marrakech Sunset Cruise,Marrakech,water,72,4.6,"couples, families",2.5
AC-RAK-008,Snorkelling Day Trip from Marrakech,Marrakech,water,117,4.3,"families, adventure seekers",7.3
AC-RAK-009,Marrakech Kayak & Coastline Tour,Marrakech,water,89,4.2,active travellers,3.3
AC-RAK-010,Marrakech Countryside Day Trip,Marrakech,day trip,153,4.2,everyone,8.8
AC-RAK-011,Wine & Vineyard Tour near Marrakech,Marrakech,day trip,183,3.8,adults,7.7
AC-RAK-012,Marrakech Hidden Villages Small-Group Tour,Marrakech,day trip,66,3.9,small groups,8.2
AC-RAK-013,Marrakech Mountain Hike & Viewpoints,Marrakech,adventure,39,4.3,active travellers,4.6
AC-RAK-014,Marrakech Bike Tour,Marrakech,adventure,59,3.6,"active travellers, families",3.3
AC-RAK-015,Marrakech Zipline & Ropes Adventure,Marrakech,adventure,98,4.6,adventure seekers,2.3
AC-RAK-016,Marrakech Rooftop Bar Crawl,Marrakech,nightlife,79,4.8,"adults, groups",3.4
AC-RAK-017,Marrakech Live Music & Dinner Evening,Marrakech,nightlife,117,3.5,"couples, adults",3.9
AC-RAK-018,Marrakech Craft & Artisan Workshop,Marrakech,class,73,3.8,everyone,2.8
AC-RAK-019,Marrakech Language & Culture Crash Course,Marrakech,class,57,3.4,solo travellers,2.4
AC-RAK-020,Marrakech Wellness & Spa Half-Day,Marrakech,wellness,112,4.7,couples,4.9
AC-RAK-021,Marrakech Sunrise Yoga Session,Marrakech,wellness,39,3.5,everyone,1.5
AC-RAK-022,Marrakech Hop-On Hop-Off Bus Pass,Marrakech,sightseeing,43,4.6,"families, everyone",7
AC-RAK-023,Marrakech River & Canal Cruise,Marrakech,sightseeing,36,4.5,everyone,2.4
AC-RAK-024,Marrakech Observation Deck Skip-the-Line,Marrakech,sightseeing,29,3.8,families,1.5
AC-RAK-025,Marrakech Street Food Walking Tour — Afternoon Edition,Marrakech,food & drink,36,4.7,"couples, foodies",3.3
AC-RAK-026,Marrakech Cooking Class with Local Chef — Premium Edition,Marrakech,food & drink,75,4.7,"couples, families",3.5
AC-RAK-027,Marrakech Night Market & Tapas Crawl — Small Group Edition,Marrakech,food & drink,48,3.7,"adults, groups",3.3
AC-RAK-028,Historic Marrakech City Walking Tour — Morning Edition,Marrakech,culture,18,3.8,everyone,3.5
AC-RAK-029,Marrakech Museum & Gallery Pass — Afternoon Edition,Marrakech,culture,34,4.1,everyone,5.5
AC-RAK-030,Marrakech Old Town Photography Tour — Small Group Edition,Marrakech,culture,53,4.1,"couples, solo travellers",3.2
AC-RAK-031,Marrakech Sunset Cruise — Small Group Edition,Marrakech,water,88,4.3,"couples, families",2.6
AC-RAK-032,Snorkelling Day Trip from Marrakech — Morning Edition,Marrakech,water,155,4.8,"families, adventure seekers",7
AC-RAK-033,Marrakech Kayak & Coastline Tour — Small Group Edition,Marrakech,water,46,4.4,active travellers,3.4
AC-RAK-034,Marrakech Countryside Day Trip — Afternoon Edition,Marrakech,day trip,90,4.9,everyone,8.1
AC-RAK-035,Wine & Vineyard Tour near Marrakech — Morning Edition,Marrakech,day trip,144,4.1,adults,6.6
AC-RAK-036,Marrakech Hidden Villages Small-Group Tour — Small Group Edition,Marrakech,day trip,85,3.9,small groups,7.5
AC-RAK-037,Marrakech Mountain Hike & Viewpoints — Private Edition,Marrakech,adventure,70,4.8,active travellers,4.4
AC-RAK-038,Marrakech Bike Tour — Morning Edition,Marrakech,adventure,41,4.6,"active travellers, families",3.7
AC-CPT-001,Cape Town Street Food Walking Tour,Cape Town,food & drink,86,5,"couples, foodies",3.3
AC-CPT-002,Cape Town Cooking Class with Local Chef,Cape Town,food & drink,61,3.6,"couples, families",3.5
AC-CPT-003,Cape Town Night Market & Tapas Crawl,Cape Town,food & drink,77,4.3,"adults, groups",3.2
AC-CPT-004,Historic Cape Town City Walking Tour,Cape Town,culture,37,3.5,everyone,2.7
AC-CPT-005,Cape Town Museum & Gallery Pass,Cape Town,culture,42,4.7,everyone,4.8
AC-CPT-006,Cape Town Old Town Photography Tour,Cape Town,culture,85,4.3,"couples, solo travellers",3.3
AC-CPT-007,Cape Town Sunset Cruise,Cape Town,water,83,4.7,"couples, families",3
AC-CPT-008,Snorkelling Day Trip from Cape Town,Cape Town,water,157,4.4,"families, adventure seekers",6.9
AC-CPT-009,Cape Town Kayak & Coastline Tour,Cape Town,water,54,3.8,active travellers,4
AC-CPT-010,Cape Town Countryside Day Trip,Cape Town,day trip,136,4.3,everyone,8.1
AC-CPT-011,Wine & Vineyard Tour near Cape Town,Cape Town,day trip,148,3.6,adults,6.4
AC-CPT-012,Cape Town Hidden Villages Small-Group Tour,Cape Town,day trip,140,3.6,small groups,8.8
AC-CPT-013,Cape Town Mountain Hike & Viewpoints,Cape Town,adventure,86,4.8,active travellers,4.2
AC-CPT-014,Cape Town Bike Tour,Cape Town,adventure,77,4,"active travellers, families",3.5
AC-CPT-015,Cape Town Zipline & Ropes Adventure,Cape Town,adventure,74,3.7,adventure seekers,2.3
AC-CPT-016,Cape Town Rooftop Bar Crawl,Cape Town,nightlife,95,4.7,"adults, groups",3.3
AC-CPT-017,Cape Town Live Music & Dinner Evening,Cape Town,nightlife,108,4.4,"couples, adults",3.1
AC-CPT-018,Cape Town Craft & Artisan Workshop,Cape Town,class,104,3.7,everyone,2.1
AC-CPT-019,Cape Town Language & Culture Crash Course,Cape Town,class,38,5,solo travellers,2
AC-CPT-020,Cape Town Wellness & Spa Half-Day,Cape Town,wellness,187,3.9,couples,3
AC-CPT-021,Cape Town Sunrise Yoga Session,Cape Town,wellness,23,3.5,everyone,1.2
AC-CPT-022,Cape Town Hop-On Hop-Off Bus Pass,Cape Town,sightseeing,31,3.6,"families, everyone",4.1
AC-CPT-023,Cape Town River & Canal Cruise,Cape Town,sightseeing,41,3.9,everyone,1.6
AC-CPT-024,Cape Town Observation Deck Skip-the-Line,Cape Town,sightseeing,56,4.7,families,1.9
AC-CPT-025,Cape Town Street Food Walking Tour — Small Group Edition,Cape Town,food & drink,37,4.7,"couples, foodies",2.5
AC-CPT-026,Cape Town Cooking Class with Local Chef — Premium Edition,Cape Town,food & drink,119,3.5,"couples, families",3.8
AC-CPT-027,Cape Town Night Market & Tapas Crawl — Morning Edition,Cape Town,food & drink,80,3.4,"adults, groups",3.4
AC-CPT-028,Historic Cape Town City Walking Tour — Small Group Edition,Cape Town,culture,36,4,everyone,3.3
AC-CPT-029,Cape Town Museum & Gallery Pass — Morning Edition,Cape Town,culture,31,4,everyone,4.8
AC-CPT-030,Cape Town Old Town Photography Tour — Evening Edition,Cape Town,culture,90,4.3,"couples, solo travellers",3.5
AC-CPT-031,Cape Town Sunset Cruise — Premium Edition,Cape Town,water,53,3.7,"couples, families",2.3
AC-CPT-032,Snorkelling Day Trip from Cape Town — Premium Edition,Cape Town,water,173,4.4,"families, adventure seekers",6.7
AC-CPT-033,Cape Town Kayak & Coastline Tour — Private Edition,Cape Town,water,92,4.2,active travellers,3.6
AC-CPT-034,Cape Town Countryside Day Trip — Premium Edition,Cape Town,day trip,130,4.3,everyone,8.1
AC-CPT-035,Wine & Vineyard Tour near Cape Town — Evening Edition,Cape Town,day trip,200,4.7,adults,6.5
AC-CPT-036,Cape Town Hidden Villages Small-Group Tour — Afternoon Edition,Cape Town,day trip,167,4,small groups,7.2
AC-CPT-037,Cape Town Mountain Hike & Viewpoints — Premium Edition,Cape Town,adventure,86,4.9,active travellers,6.2
AC-CPT-038,Cape Town Bike Tour — Morning Edition,Cape Town,adventure,52,4.2,"active travellers, families",3.5
AC-CPT-039,Cape Town Zipline & Ropes Adventure — Afternoon Edition,Cape Town,adventure,105,4.2,adventure seekers,2.4
AC-NBO-001,Nairobi Street Food Walking Tour,Nairobi,food & drink,34,4,"couples, foodies",3.7
AC-NBO-002,Nairobi Cooking Class with Local Chef,Nairobi,food & drink,85,4,"couples, families",3.2
AC-NBO-003,Nairobi Night Market & Tapas Crawl,Nairobi,food & drink,74,4.9,"adults, groups",3.4
AC-NBO-004,Historic Nairobi City Walking Tour,Nairobi,culture,40,4.5,everyone,3.1
AC-NBO-005,Nairobi Museum & Gallery Pass,Nairobi,culture,55,3.8,everyone,4.7
AC-NBO-006,Nairobi Old Town Photography Tour,Nairobi,culture,67,4.1,"couples, solo travellers",2.5
AC-NBO-007,Nairobi Sunset Cruise,Nairobi,water,67,4.7,"couples, families",2.4
AC-NBO-008,Snorkelling Day Trip from Nairobi,Nairobi,water,128,3.8,"families, adventure seekers",6
AC-NBO-009,Nairobi Kayak & Coastline Tour,Nairobi,water,59,4.8,active travellers,3.3
AC-NBO-010,Nairobi Countryside Day Trip,Nairobi,day trip,139,4.2,everyone,9
AC-NBO-011,Wine & Vineyard Tour near Nairobi,Nairobi,day trip,142,4.4,adults,6.2
AC-NBO-012,Nairobi Hidden Villages Small-Group Tour,Nairobi,day trip,181,4.1,small groups,8.2
AC-NBO-013,Nairobi Mountain Hike & Viewpoints,Nairobi,adventure,110,4.3,active travellers,4.6
AC-NBO-014,Nairobi Bike Tour,Nairobi,adventure,37,4.4,"active travellers, families",3.4
AC-NBO-015,Nairobi Zipline & Ropes Adventure,Nairobi,adventure,83,3.7,adventure seekers,3.6
AC-NBO-016,Nairobi Rooftop Bar Crawl,Nairobi,nightlife,74,4.8,"adults, groups",3.5
AC-NBO-017,Nairobi Live Music & Dinner Evening,Nairobi,nightlife,111,4.5,"couples, adults",3.2
AC-NBO-018,Nairobi Craft & Artisan Workshop,Nairobi,class,111,4.7,everyone,2.8
AC-NBO-019,Nairobi Language & Culture Crash Course,Nairobi,class,44,5,solo travellers,2.4
AC-NBO-020,Nairobi Wellness & Spa Half-Day,Nairobi,wellness,102,3.8,couples,4.3
AC-NBO-021,Nairobi Sunrise Yoga Session,Nairobi,wellness,46,4.6,everyone,1.6
AC-NBO-022,Nairobi Hop-On Hop-Off Bus Pass,Nairobi,sightseeing,31,3.4,"families, everyone",6.4
AC-NBO-023,Nairobi River & Canal Cruise,Nairobi,sightseeing,35,4.5,everyone,1.6
AC-NBO-024,Nairobi Observation Deck Skip-the-Line,Nairobi,sightseeing,27,3.5,families,1.4
AC-NBO-025,Nairobi Street Food Walking Tour — Evening Edition,Nairobi,food & drink,75,3.9,"couples, foodies",2.5
AC-NBO-026,Nairobi Cooking Class with Local Chef — Morning Edition,Nairobi,food & drink,77,4.8,"couples, families",3.7
AC-NBO-027,Nairobi Night Market & Tapas Crawl — Small Group Edition,Nairobi,food & drink,76,4.4,"adults, groups",3.7
AC-NBO-028,Historic Nairobi City Walking Tour — Private Edition,Nairobi,culture,27,4.4,everyone,2.9
AC-NBO-029,Nairobi Museum & Gallery Pass — Morning Edition,Nairobi,culture,40,3.6,everyone,3.3
AC-NBO-030,Nairobi Old Town Photography Tour — Private Edition,Nairobi,culture,89,4.9,"couples, solo travellers",2.6
AC-NBO-031,Nairobi Sunset Cruise — Private Edition,Nairobi,water,139,4.1,"couples, families",2.6
AC-NBO-032,Snorkelling Day Trip from Nairobi — Private Edition,Nairobi,water,71,4.3,"families, adventure seekers",6.6
AC-NBO-033,Nairobi Kayak & Coastline Tour — Evening Edition,Nairobi,water,69,4.1,active travellers,3
AC-NBO-034,Nairobi Countryside Day Trip — Afternoon Edition,Nairobi,day trip,168,4.9,everyone,8.1
AC-NBO-035,Wine & Vineyard Tour near Nairobi — Morning Edition,Nairobi,day trip,144,4,adults,6.5
AC-NBO-036,Nairobi Hidden Villages Small-Group Tour — Evening Edition,Nairobi,day trip,77,4.2,small groups,8.5
AC-NBO-037,Nairobi Mountain Hike & Viewpoints — Premium Edition,Nairobi,adventure,73,5,active travellers,5.7
AC-NBO-038,Nairobi Bike Tour — Premium Edition,Nairobi,adventure,45,3.4,"active travellers, families",3.4
AC-NBO-039,Nairobi Zipline & Ropes Adventure — Premium Edition,Nairobi,adventure,110,4.1,adventure seekers,3.8
AC-NBO-040,Nairobi Rooftop Bar Crawl — Evening Edition,Nairobi,nightlife,85,4.6,"adults, groups",3.5
AC-NBO-041,Nairobi Live Music & Dinner Evening — Small Group Edition,Nairobi,nightlife,110,4.8,"couples, adults",3.5
AC-NBO-042,Nairobi Craft & Artisan Workshop — Private Edition,Nairobi,class,76,3.8,everyone,2.9
AC-NBO-043,Nairobi Language & Culture Crash Course — Small Group Edition,Nairobi,class,42,3.6,solo travellers,2
AC-NBO-044,Nairobi Wellness & Spa Half-Day — Morning Edition,Nairobi,wellness,173,3.4,couples,4.3
AC-LHR-001,London Street Food Walking Tour,London,food & drink,97,3.8,"couples, foodies",3.6
AC-LHR-002,London Cooking Class with Local Chef,London,food & drink,180,3.7,"couples, families",3.5
AC-LHR-003,London Night Market & Tapas Crawl,London,food & drink,88,4.2,"adults, groups",3.9
AC-LHR-004,Historic London City Walking Tour,London,culture,86,3.8,everyone,2.7
AC-LHR-005,London Museum & Gallery Pass,London,culture,91,3.5,everyone,3.8
AC-LHR-006,London Old Town Photography Tour,London,culture,133,4.3,"couples, solo travellers",3
AC-LHR-007,London Sunset Cruise,London,water,128,4.2,"couples, families",2.6
AC-LHR-008,Snorkelling Day Trip from London,London,water,329,5,"families, adventure seekers",7.4
AC-LHR-009,London Kayak & Coastline Tour,London,water,190,4.1,active travellers,3.9
AC-LHR-010,London Countryside Day Trip,London,day trip,161,4.5,everyone,9.6
AC-LHR-011,Wine & Vineyard Tour near London,London,day trip,220,4.9,adults,6.6
AC-LHR-012,London Hidden Villages Small-Group Tour,London,day trip,291,4.9,small groups,7.3
AC-LHR-013,London Mountain Hike & Viewpoints,London,adventure,109,4.1,active travellers,4.8
AC-LHR-014,London Bike Tour,London,adventure,91,3.7,"active travellers, families",3.3
AC-LHR-015,London Zipline & Ropes Adventure,London,adventure,260,3.6,adventure seekers,2.8
AC-LHR-016,London Rooftop Bar Crawl,London,nightlife,186,4.5,"adults, groups",3.4
AC-LHR-017,London Live Music & Dinner Evening,London,nightlife,168,4.4,"couples, adults",3.5
AC-LHR-018,London Craft & Artisan Workshop,London,class,138,4,everyone,2
AC-LHR-019,London Language & Culture Crash Course,London,class,122,4.6,solo travellers,2.6
AC-LHR-020,London Wellness & Spa Half-Day,London,wellness,312,4.2,couples,4.1
AC-LHR-021,London Sunrise Yoga Session,London,wellness,54,4.5,everyone,1.4
AC-LHR-022,London Hop-On Hop-Off Bus Pass,London,sightseeing,116,4.6,"families, everyone",6.5
AC-LHR-023,London River & Canal Cruise,London,sightseeing,103,4.4,everyone,1.2
AC-LHR-024,London Observation Deck Skip-the-Line,London,sightseeing,68,3.5,families,2
AC-LHR-025,London Street Food Walking Tour — Afternoon Edition,London,food & drink,75,4.1,"couples, foodies",3
AC-LHR-026,London Cooking Class with Local Chef — Small Group Edition,London,food & drink,222,4.3,"couples, families",3.4
AC-LHR-027,London Night Market & Tapas Crawl — Afternoon Edition,London,food & drink,139,4.7,"adults, groups",3.5
AC-LHR-028,Historic London City Walking Tour — Morning Edition,London,culture,86,4.1,everyone,3.2
AC-LHR-029,London Museum & Gallery Pass — Morning Edition,London,culture,52,4.3,everyone,3.8
AC-LHR-030,London Old Town Photography Tour — Small Group Edition,London,culture,102,3.4,"couples, solo travellers",2.6
AC-LHR-031,London Sunset Cruise — Premium Edition,London,water,261,3.4,"couples, families",2.4
AC-LHR-032,Snorkelling Day Trip from London — Small Group Edition,London,water,358,4.2,"families, adventure seekers",7.4
AC-LHR-033,London Kayak & Coastline Tour — Small Group Edition,London,water,142,4.2,active travellers,3.4
AC-LHR-034,London Countryside Day Trip — Morning Edition,London,day trip,160,4.1,everyone,9.7
AC-LHR-035,Wine & Vineyard Tour near London — Evening Edition,London,day trip,406,4.4,adults,6.2
AC-LHR-036,London Hidden Villages Small-Group Tour — Small Group Edition,London,day trip,158,3.7,small groups,7.6
AC-LHR-037,London Mountain Hike & Viewpoints — Premium Edition,London,adventure,131,4.7,active travellers,6.7
AC-EDI-001,Edinburgh Street Food Walking Tour,Edinburgh,food & drink,57,3.9,"couples, foodies",3.5
AC-EDI-002,Edinburgh Cooking Class with Local Chef,Edinburgh,food & drink,199,3.7,"couples, families",3.6
AC-EDI-003,Edinburgh Night Market & Tapas Crawl,Edinburgh,food & drink,122,3.9,"adults, groups",3.6
AC-EDI-004,Historic Edinburgh City Walking Tour,Edinburgh,culture,52,4.7,everyone,2.3
AC-EDI-005,Edinburgh Museum & Gallery Pass,Edinburgh,culture,100,4.4,everyone,4
AC-EDI-006,Edinburgh Old Town Photography Tour,Edinburgh,culture,123,4.1,"couples, solo travellers",3.3
AC-EDI-007,Edinburgh Sunset Cruise,Edinburgh,water,131,4,"couples, families",2.7
AC-EDI-008,Snorkelling Day Trip from Edinburgh,Edinburgh,water,123,4.3,"families, adventure seekers",6.7
AC-EDI-009,Edinburgh Kayak & Coastline Tour,Edinburgh,water,124,4.6,active travellers,3.3
AC-EDI-010,Edinburgh Countryside Day Trip,Edinburgh,day trip,212,4.6,everyone,9.3
AC-EDI-011,Wine & Vineyard Tour near Edinburgh,Edinburgh,day trip,241,4.5,adults,7.6
AC-EDI-012,Edinburgh Hidden Villages Small-Group Tour,Edinburgh,day trip,168,4.2,small groups,8.6
AC-EDI-013,Edinburgh Mountain Hike & Viewpoints,Edinburgh,adventure,109,4,active travellers,6.4
AC-EDI-014,Edinburgh Bike Tour,Edinburgh,adventure,118,3.9,"active travellers, families",3.1
AC-EDI-015,Edinburgh Zipline & Ropes Adventure,Edinburgh,adventure,139,3.5,adventure seekers,2.2
AC-EDI-016,Edinburgh Rooftop Bar Crawl,Edinburgh,nightlife,92,4.8,"adults, groups",3.5
AC-EDI-017,Edinburgh Live Music & Dinner Evening,Edinburgh,nightlife,237,4.6,"couples, adults",3.7
AC-EDI-018,Edinburgh Craft & Artisan Workshop,Edinburgh,class,140,3.8,everyone,2.6
AC-EDI-019,Edinburgh Language & Culture Crash Course,Edinburgh,class,78,4.6,solo travellers,2.7
AC-EDI-020,Edinburgh Wellness & Spa Half-Day,Edinburgh,wellness,178,3.9,couples,4.7
AC-EDI-021,Edinburgh Sunrise Yoga Session,Edinburgh,wellness,62,3.9,everyone,1.8
AC-EDI-022,Edinburgh Hop-On Hop-Off Bus Pass,Edinburgh,sightseeing,92,3.5,"families, everyone",4.7
AC-EDI-023,Edinburgh River & Canal Cruise,Edinburgh,sightseeing,109,4.2,everyone,2.2
AC-EDI-024,Edinburgh Observation Deck Skip-the-Line,Edinburgh,sightseeing,60,3.5,families,2
AC-EDI-025,Edinburgh Street Food Walking Tour — Small Group Edition,Edinburgh,food & drink,121,4.1,"couples, foodies",2.6
AC-EDI-026,Edinburgh Cooking Class with Local Chef — Private Edition,Edinburgh,food & drink,186,4.2,"couples, families",3.8
AC-EDI-027,Edinburgh Night Market & Tapas Crawl — Premium Edition,Edinburgh,food & drink,76,3.8,"adults, groups",3.2
AC-EDI-028,Historic Edinburgh City Walking Tour — Afternoon Edition,Edinburgh,culture,52,4.4,everyone,3.3
AC-EDI-029,Edinburgh Museum & Gallery Pass — Afternoon Edition,Edinburgh,culture,83,3.8,everyone,3.5
AC-EDI-030,Edinburgh Old Town Photography Tour — Small Group Edition,Edinburgh,culture,72,4.7,"couples, solo travellers",4
AC-EDI-031,Edinburgh Sunset Cruise — Evening Edition,Edinburgh,water,109,3.7,"couples, families",2.3
AC-EDI-032,Snorkelling Day Trip from Edinburgh — Evening Edition,Edinburgh,water,228,4.4,"families, adventure seekers",7.3
AC-EDI-033,Edinburgh Kayak & Coastline Tour — Afternoon Edition,Edinburgh,water,95,3.7,active travellers,3.4
AC-EDI-034,Edinburgh Countryside Day Trip — Afternoon Edition,Edinburgh,day trip,193,3.5,everyone,8.4
AC-EDI-035,Wine & Vineyard Tour near Edinburgh — Evening Edition,Edinburgh,day trip,283,5,adults,6.7
AC-EDI-036,Edinburgh Hidden Villages Small-Group Tour — Small Group Edition,Edinburgh,day trip,259,4.2,small groups,7.9
AC-EDI-037,Edinburgh Mountain Hike & Viewpoints — Morning Edition,Edinburgh,adventure,99,3.9,active travellers,5.1
AC-EDI-038,Edinburgh Bike Tour — Private Edition,Edinburgh,adventure,122,4,"active travellers, families",3.6
AC-EDI-039,Edinburgh Zipline & Ropes Adventure — Morning Edition,Edinburgh,adventure,156,4.9,adventure seekers,2.6
AC-CDG-001,Paris Street Food Walking Tour,Paris,food & drink,112,4.7,"couples, foodies",2.7
AC-CDG-002,Paris Cooking Class with Local Chef,Paris,food & drink,182,5,"couples, families",3.1
AC-CDG-003,Paris Night Market & Tapas Crawl,Paris,food & drink,136,3.9,"adults, groups",3.8
AC-CDG-004,Historic Paris City Walking Tour,Paris,culture,56,4.2,everyone,2.3
AC-CDG-005,Paris Museum & Gallery Pass,Paris,culture,105,4.3,everyone,5.2
AC-CDG-006,Paris Old Town Photography Tour,Paris,culture,181,4.4,"couples, solo travellers",3.3
AC-CDG-007,Paris Sunset Cruise,Paris,water,244,4,"couples, families",2.1
AC-CDG-008,Snorkelling Day Trip from Paris,Paris,water,136,3.5,"families, adventure seekers",7.9
AC-CDG-009,Paris Kayak & Coastline Tour,Paris,water,161,4.4,active travellers,3.9
AC-CDG-010,Paris Countryside Day Trip,Paris,day trip,291,4.7,everyone,9
AC-CDG-011,Wine & Vineyard Tour near Paris,Paris,day trip,396,3.6,adults,7.1
AC-CDG-012,Paris Hidden Villages Small-Group Tour,Paris,day trip,358,4.6,small groups,7.5
AC-CDG-013,Paris Mountain Hike & Viewpoints,Paris,adventure,139,3.4,active travellers,6.1
AC-CDG-014,Paris Bike Tour,Paris,adventure,92,4.7,"active travellers, families",3.3
AC-CDG-015,Paris Zipline & Ropes Adventure,Paris,adventure,245,3.4,adventure seekers,2
AC-CDG-016,Paris Rooftop Bar Crawl,Paris,nightlife,143,4.4,"adults, groups",3.8
AC-CDG-017,Paris Live Music & Dinner Evening,Paris,nightlife,155,4.6,"couples, adults",3.8
AC-CDG-018,Paris Craft & Artisan Workshop,Paris,class,151,3.5,everyone,2.3
AC-CDG-019,Paris Language & Culture Crash Course,Paris,class,99,3.5,solo travellers,2.1
AC-CDG-020,Paris Wellness & Spa Half-Day,Paris,wellness,155,3.7,couples,4.2
AC-CDG-021,Paris Sunrise Yoga Session,Paris,wellness,84,4.9,everyone,1.6
AC-CDG-022,Paris Hop-On Hop-Off Bus Pass,Paris,sightseeing,92,4.8,"families, everyone",4.6
AC-CDG-023,Paris River & Canal Cruise,Paris,sightseeing,129,4.5,everyone,2.1
AC-CDG-024,Paris Observation Deck Skip-the-Line,Paris,sightseeing,98,5,families,1
AC-CDG-025,Paris Street Food Walking Tour — Morning Edition,Paris,food & drink,157,4.9,"couples, foodies",3.2
AC-CDG-026,Paris Cooking Class with Local Chef — Evening Edition,Paris,food & drink,148,4.6,"couples, families",3.5
AC-CDG-027,Paris Night Market & Tapas Crawl — Afternoon Edition,Paris,food & drink,92,3.4,"adults, groups",3.7
AC-CDG-028,Historic Paris City Walking Tour — Small Group Edition,Paris,culture,36,4.1,everyone,2.1
AC-CDG-029,Paris Museum & Gallery Pass — Premium Edition,Paris,culture,53,4.4,everyone,5.8
AC-CDG-030,Paris Old Town Photography Tour — Premium Edition,Paris,culture,137,3.8,"couples, solo travellers",2.7
AC-CDG-031,Paris Sunset Cruise — Private Edition,Paris,water,160,3.9,"couples, families",2.7
AC-CDG-032,Snorkelling Day Trip from Paris — Premium Edition,Paris,water,332,3.5,"families, adventure seekers",7.6
AC-CDG-033,Paris Kayak & Coastline Tour — Evening Edition,Paris,water,168,4.2,active travellers,3.7
AC-CDG-034,Paris Countryside Day Trip — Evening Edition,Paris,day trip,211,4.4,everyone,9.4
AC-CDG-035,Wine & Vineyard Tour near Paris — Premium Edition,Paris,day trip,347,5,adults,7.3
AC-CDG-036,Paris Hidden Villages Small-Group Tour — Morning Edition,Paris,day trip,238,4,small groups,7.4
AC-CDG-037,Paris Mountain Hike & Viewpoints — Evening Edition,Paris,adventure,99,3.7,active travellers,4.2
AC-CDG-038,Paris Bike Tour — Premium Edition,Paris,adventure,95,3.8,"active travellers, families",3.7
AC-CDG-039,Paris Zipline & Ropes Adventure — Small Group Edition,Paris,adventure,210,4.4,adventure seekers,2.9
AC-CDG-040,Paris Rooftop Bar Crawl — Private Edition,Paris,nightlife,129,3.5,"adults, groups",3.6
AC-CDG-041,Paris Live Music & Dinner Evening — Evening Edition,Paris,nightlife,265,3.5,"couples, adults",3.5
AC-NCE-001,Nice Street Food Walking Tour,Nice,food & drink,72,4.4,"couples, foodies",3
AC-NCE-002,Nice Cooking Class with Local Chef,Nice,food & drink,133,3.6,"couples, families",3.6
AC-NCE-003,Nice Night Market & Tapas Crawl,Nice,food & drink,140,4,"adults, groups",3.2
AC-NCE-004,Historic Nice City Walking Tour,Nice,culture,88,4.1,everyone,2.9
AC-NCE-005,Nice Museum & Gallery Pass,Nice,culture,116,4.2,everyone,5.6
AC-NCE-006,Nice Old Town Photography Tour,Nice,culture,143,4.5,"couples, solo travellers",3.8
AC-NCE-007,Nice Sunset Cruise,Nice,water,138,4.4,"couples, families",2.8
AC-NCE-008,Snorkelling Day Trip from Nice,Nice,water,265,4.9,"families, adventure seekers",7.2
AC-NCE-009,Nice Kayak & Coastline Tour,Nice,water,125,4.1,active travellers,3.6
AC-NCE-010,Nice Countryside Day Trip,Nice,day trip,185,4.5,everyone,9.8
AC-NCE-011,Wine & Vineyard Tour near Nice,Nice,day trip,238,3.6,adults,6.6
AC-NCE-012,Nice Hidden Villages Small-Group Tour,Nice,day trip,177,3.9,small groups,7.1
AC-NCE-013,Nice Mountain Hike & Viewpoints,Nice,adventure,81,4.3,active travellers,6.5
AC-NCE-014,Nice Bike Tour,Nice,adventure,140,4.9,"active travellers, families",3.7
AC-NCE-015,Nice Zipline & Ropes Adventure,Nice,adventure,152,4.6,adventure seekers,3.1
AC-NCE-016,Nice Rooftop Bar Crawl,Nice,nightlife,87,4.9,"adults, groups",3.4
AC-NCE-017,Nice Live Music & Dinner Evening,Nice,nightlife,230,4.8,"couples, adults",3.3
AC-NCE-018,Nice Craft & Artisan Workshop,Nice,class,98,3.6,everyone,2.6
AC-NCE-019,Nice Language & Culture Crash Course,Nice,class,101,4.8,solo travellers,2
AC-NCE-020,Nice Wellness & Spa Half-Day,Nice,wellness,168,4.3,couples,4.8
AC-NCE-021,Nice Sunrise Yoga Session,Nice,wellness,87,4.5,everyone,1
AC-NCE-022,Nice Hop-On Hop-Off Bus Pass,Nice,sightseeing,72,3.6,"families, everyone",7.8
AC-NCE-023,Nice River & Canal Cruise,Nice,sightseeing,78,3.5,everyone,2.3
AC-NCE-024,Nice Observation Deck Skip-the-Line,Nice,sightseeing,74,3.7,families,1.8
AC-NCE-025,Nice Street Food Walking Tour — Private Edition,Nice,food & drink,121,3.8,"couples, foodies",3.9
AC-NCE-026,Nice Cooking Class with Local Chef — Afternoon Edition,Nice,food & drink,164,4.9,"couples, families",3.3
AC-NCE-027,Nice Night Market & Tapas Crawl — Small Group Edition,Nice,food & drink,99,3.9,"adults, groups",3.6
AC-NCE-028,Historic Nice City Walking Tour — Morning Edition,Nice,culture,73,4.4,everyone,3.4
AC-NCE-029,Nice Museum & Gallery Pass — Afternoon Edition,Nice,culture,96,3.5,everyone,5.8
AC-NCE-030,Nice Old Town Photography Tour — Private Edition,Nice,culture,144,4.9,"couples, solo travellers",2.4
AC-NCE-031,Nice Sunset Cruise — Afternoon Edition,Nice,water,100,4.8,"couples, families",2.4
AC-NCE-032,Snorkelling Day Trip from Nice — Premium Edition,Nice,water,213,4.4,"families, adventure seekers",7
AC-NCE-033,Nice Kayak & Coastline Tour — Premium Edition,Nice,water,108,3.9,active travellers,3.8
AC-NCE-034,Nice Countryside Day Trip — Evening Edition,Nice,day trip,287,4.5,everyone,8.6
AC-NCE-035,Wine & Vineyard Tour near Nice — Private Edition,Nice,day trip,312,4.1,adults,7.9
AC-NCE-036,Nice Hidden Villages Small-Group Tour — Evening Edition,Nice,day trip,213,4.8,small groups,8.4
AC-NCE-037,Nice Mountain Hike & Viewpoints — Premium Edition,Nice,adventure,178,3.4,active travellers,6.4
AC-NCE-038,Nice Bike Tour — Morning Edition,Nice,adventure,94,3.6,"active travellers, families",3.2
AC-FCO-001,Rome Street Food Walking Tour,Rome,food & drink,117,3.4,"couples, foodies",3.1
AC-FCO-002,Rome Cooking Class with Local Chef,Rome,food & drink,126,4.8,"couples, families",3.2
AC-FCO-003,Rome Night Market & Tapas Crawl,Rome,food & drink,120,3.9,"adults, groups",3.4
AC-FCO-004,Historic Rome City Walking Tour,Rome,culture,55,3.7,everyone,3.2
AC-FCO-005,Rome Museum & Gallery Pass,Rome,culture,77,4.2,everyone,5.9
AC-FCO-006,Rome Old Town Photography Tour,Rome,culture,156,4.9,"couples, solo travellers",3.2
AC-FCO-007,Rome Sunset Cruise,Rome,water,148,4.1,"couples, families",2.8
AC-FCO-008,Snorkelling Day Trip from Rome,Rome,water,132,4.4,"families, adventure seekers",7.9
AC-FCO-009,Rome Kayak & Coastline Tour,Rome,water,91,4.5,active travellers,3.3
AC-FCO-010,Rome Countryside Day Trip,Rome,day trip,153,4.3,everyone,9.7
AC-FCO-011,Wine & Vineyard Tour near Rome,Rome,day trip,302,3.9,adults,7.9
AC-FCO-012,Rome Hidden Villages Small-Group Tour,Rome,day trip,251,4.2,small groups,8.5
AC-FCO-013,Rome Mountain Hike & Viewpoints,Rome,adventure,91,4,active travellers,6.7
AC-FCO-014,Rome Bike Tour,Rome,adventure,76,4.7,"active travellers, families",3.4
AC-FCO-015,Rome Zipline & Ropes Adventure,Rome,adventure,202,4.4,adventure seekers,2.8
AC-FCO-016,Rome Rooftop Bar Crawl,Rome,nightlife,141,4.2,"adults, groups",3.9
AC-FCO-017,Rome Live Music & Dinner Evening,Rome,nightlife,181,4.6,"couples, adults",3.7
AC-FCO-018,Rome Craft & Artisan Workshop,Rome,class,154,4.5,everyone,2.5
AC-FCO-019,Rome Language & Culture Crash Course,Rome,class,86,3.5,solo travellers,2
AC-FCO-020,Rome Wellness & Spa Half-Day,Rome,wellness,302,4.2,couples,4.2
AC-FCO-021,Rome Sunrise Yoga Session,Rome,wellness,60,4.2,everyone,1.1
AC-FCO-022,Rome Hop-On Hop-Off Bus Pass,Rome,sightseeing,89,4.1,"families, everyone",5.9
AC-FCO-023,Rome River & Canal Cruise,Rome,sightseeing,81,4.7,everyone,1
AC-FCO-024,Rome Observation Deck Skip-the-Line,Rome,sightseeing,82,4.9,families,1.5
AC-FCO-025,Rome Street Food Walking Tour — Small Group Edition,Rome,food & drink,107,4.1,"couples, foodies",2.8
AC-FCO-026,Rome Cooking Class with Local Chef — Evening Edition,Rome,food & drink,169,4.2,"couples, families",3.9
AC-FCO-027,Rome Night Market & Tapas Crawl — Private Edition,Rome,food & drink,75,4,"adults, groups",3.2
AC-FCO-028,Historic Rome City Walking Tour — Premium Edition,Rome,culture,74,4.7,everyone,2.9
AC-FCO-029,Rome Museum & Gallery Pass — Premium Edition,Rome,culture,82,4.8,everyone,3.6
AC-FCO-030,Rome Old Town Photography Tour — Small Group Edition,Rome,culture,69,3.7,"couples, solo travellers",2.4
AC-FCO-031,Rome Sunset Cruise — Morning Edition,Rome,water,168,3.5,"couples, families",2.4
AC-FCO-032,Snorkelling Day Trip from Rome — Morning Edition,Rome,water,109,4.3,"families, adventure seekers",6.3
AC-FCO-033,Rome Kayak & Coastline Tour — Premium Edition,Rome,water,116,3.8,active travellers,3
AC-FCO-034,Rome Countryside Day Trip — Small Group Edition,Rome,day trip,256,4.2,everyone,9.1
AC-FCO-035,Wine & Vineyard Tour near Rome — Evening Edition,Rome,day trip,245,4.2,adults,6.9
AC-FCO-036,Rome Hidden Villages Small-Group Tour — Small Group Edition,Rome,day trip,206,4.1,small groups,7.3
AC-FCO-037,Rome Mountain Hike & Viewpoints — Small Group Edition,Rome,adventure,94,4.4,active travellers,6.3
AC-FCO-038,Rome Bike Tour — Small Group Edition,Rome,adventure,117,4.7,"active travellers, families",3.2
AC-FCO-039,Rome Zipline & Ropes Adventure — Afternoon Edition,Rome,adventure,135,4.6,adventure seekers,2.9
AC-FCO-040,Rome Rooftop Bar Crawl — Private Edition,Rome,nightlife,147,4.4,"adults, groups",3.4
AC-FCO-041,Rome Live Music & Dinner Evening — Small Group Edition,Rome,nightlife,217,4.3,"couples, adults",3.1
AC-FCO-042,Rome Craft & Artisan Workshop — Private Edition,Rome,class,158,4,everyone,2.4
AC-VCE-001,Venice Street Food Walking Tour,Venice,food & drink,135,3.5,"couples, foodies",3.6
AC-VCE-002,Venice Cooking Class with Local Chef,Venice,food & drink,161,3.6,"couples, families",3.3
AC-VCE-003,Venice Night Market & Tapas Crawl,Venice,food & drink,105,4.1,"adults, groups",3.6
AC-VCE-004,Historic Venice City Walking Tour,Venice,culture,33,3.4,everyone,2.1
AC-VCE-005,Venice Museum & Gallery Pass,Venice,culture,114,4.2,everyone,5.3
AC-VCE-006,Venice Old Town Photography Tour,Venice,culture,165,4.6,"couples, solo travellers",2.3
AC-VCE-007,Venice Sunset Cruise,Venice,water,200,4.4,"couples, families",2.9
AC-VCE-008,Snorkelling Day Trip from Venice,Venice,water,125,4.6,"families, adventure seekers",7.6
AC-VCE-009,Venice Kayak & Coastline Tour,Venice,water,147,4.4,active travellers,3.3
AC-VCE-010,Venice Countryside Day Trip,Venice,day trip,234,3.5,everyone,9.3
AC-VCE-011,Wine & Vineyard Tour near Venice,Venice,day trip,413,3.4,adults,7.6
AC-VCE-012,Venice Hidden Villages Small-Group Tour,Venice,day trip,216,4.1,small groups,7.8
AC-VCE-013,Venice Mountain Hike & Viewpoints,Venice,adventure,94,4,active travellers,6.1
AC-VCE-014,Venice Bike Tour,Venice,adventure,69,4,"active travellers, families",3.7
AC-VCE-015,Venice Zipline & Ropes Adventure,Venice,adventure,116,4.8,adventure seekers,2.6
AC-VCE-016,Venice Rooftop Bar Crawl,Venice,nightlife,95,4.6,"adults, groups",3.5
AC-VCE-017,Venice Live Music & Dinner Evening,Venice,nightlife,252,4.8,"couples, adults",3.5
AC-VCE-018,Venice Craft & Artisan Workshop,Venice,class,133,3.7,everyone,2.4
AC-VCE-019,Venice Language & Culture Crash Course,Venice,class,73,4,solo travellers,2.9
AC-VCE-020,Venice Wellness & Spa Half-Day,Venice,wellness,269,3.8,couples,3.7
AC-VCE-021,Venice Sunrise Yoga Session,Venice,wellness,88,3.8,everyone,1.6
AC-VCE-022,Venice Hop-On Hop-Off Bus Pass,Venice,sightseeing,95,4.1,"families, everyone",5.4
AC-VCE-023,Venice River & Canal Cruise,Venice,sightseeing,64,4.3,everyone,2.2
AC-VCE-024,Venice Observation Deck Skip-the-Line,Venice,sightseeing,107,4.6,families,1
AC-VCE-025,Venice Street Food Walking Tour — Small Group Edition,Venice,food & drink,96,3.7,"couples, foodies",3.4
AC-VCE-026,Venice Cooking Class with Local Chef — Premium Edition,Venice,food & drink,148,4.7,"couples, families",3.5
AC-VCE-027,Venice Night Market & Tapas Crawl — Private Edition,Venice,food & drink,131,3.5,"adults, groups",3.2
AC-VCE-028,Historic Venice City Walking Tour — Afternoon Edition,Venice,culture,51,4.9,everyone,2.1
AC-VCE-029,Venice Museum & Gallery Pass — Private Edition,Venice,culture,39,4.8,everyone,3.5
AC-VCE-030,Venice Old Town Photography Tour — Private Edition,Venice,culture,121,4.6,"couples, solo travellers",2.4
AC-VCE-031,Venice Sunset Cruise — Morning Edition,Venice,water,178,4.7,"couples, families",3
AC-VCE-032,Snorkelling Day Trip from Venice — Afternoon Edition,Venice,water,289,5,"families, adventure seekers",7.3
AC-VCE-033,Venice Kayak & Coastline Tour — Small Group Edition,Venice,water,194,4.1,active travellers,3.8
AC-VCE-034,Venice Countryside Day Trip — Premium Edition,Venice,day trip,168,4.2,everyone,8.4
AC-VCE-035,Wine & Vineyard Tour near Venice — Private Edition,Venice,day trip,356,4.9,adults,6.4
AC-VCE-036,Venice Hidden Villages Small-Group Tour — Morning Edition,Venice,day trip,299,3.5,small groups,7
AC-VCE-037,Venice Mountain Hike & Viewpoints — Morning Edition,Venice,adventure,161,4.9,active travellers,7.6
AC-VCE-038,Venice Bike Tour — Premium Edition,Venice,adventure,143,4.5,"active travellers, families",3.7
AC-VCE-039,Venice Zipline & Ropes Adventure — Evening Edition,Venice,adventure,217,4,adventure seekers,2.4
AC-VCE-040,Venice Rooftop Bar Crawl — Small Group Edition,Venice,nightlife,151,3.6,"adults, groups",3.8
AC-VCE-041,Venice Live Music & Dinner Evening — Private Edition,Venice,nightlife,267,4.9,"couples, adults",3.3
AC-VCE-042,Venice Craft & Artisan Workshop — Morning Edition,Venice,class,94,4.7,everyone,2.9
AC-VCE-043,Venice Language & Culture Crash Course — Afternoon Edition,Venice,class,79,4.6,solo travellers,2.4
AC-FLR-001,Florence Street Food Walking Tour,Florence,food & drink,55,4.4,"couples, foodies",2.6
AC-FLR-002,Florence Cooking Class with Local Chef,Florence,food & drink,113,4.5,"couples, families",3.3
AC-FLR-003,Florence Night Market & Tapas Crawl,Florence,food & drink,68,4.9,"adults, groups",3.8
AC-FLR-004,Historic Florence City Walking Tour,Florence,culture,42,4,everyone,2.3
AC-FLR-005,Florence Museum & Gallery Pass,Florence,culture,88,4.3,everyone,3.7
AC-FLR-006,Florence Old Town Photography Tour,Florence,culture,78,5,"couples, solo travellers",2.4
AC-FLR-007,Florence Sunset Cruise,Florence,water,109,4.8,"couples, families",2.7
AC-FLR-008,Snorkelling Day Trip from Florence,Florence,water,157,4,"families, adventure seekers",7.2
AC-FLR-009,Florence Kayak & Coastline Tour,Florence,water,156,4.6,active travellers,3.7
AC-FLR-010,Florence Countryside Day Trip,Florence,day trip,139,4.8,everyone,9.6
AC-FLR-011,Wine & Vineyard Tour near Florence,Florence,day trip,370,4.9,adults,6.8
AC-FLR-012,Florence Hidden Villages Small-Group Tour,Florence,day trip,209,4,small groups,7.7
AC-FLR-013,Florence Mountain Hike & Viewpoints,Florence,adventure,100,4,active travellers,7.3
AC-FLR-014,Florence Bike Tour,Florence,adventure,65,3.8,"active travellers, families",3.8
AC-FLR-015,Florence Zipline & Ropes Adventure,Florence,adventure,116,4.3,adventure seekers,2.2
AC-FLR-016,Florence Rooftop Bar Crawl,Florence,nightlife,89,3.5,"adults, groups",3.4
AC-FLR-017,Florence Live Music & Dinner Evening,Florence,nightlife,185,4.8,"couples, adults",3.7
AC-FLR-018,Florence Craft & Artisan Workshop,Florence,class,186,4,everyone,2.5
AC-FLR-019,Florence Language & Culture Crash Course,Florence,class,71,4.9,solo travellers,2.6
AC-FLR-020,Florence Wellness & Spa Half-Day,Florence,wellness,332,3.5,couples,4.8
AC-FLR-021,Florence Sunrise Yoga Session,Florence,wellness,61,3.6,everyone,1.7
AC-FLR-022,Florence Hop-On Hop-Off Bus Pass,Florence,sightseeing,83,3.9,"families, everyone",7.2
AC-FLR-023,Florence River & Canal Cruise,Florence,sightseeing,64,5,everyone,1.2
AC-FLR-024,Florence Observation Deck Skip-the-Line,Florence,sightseeing,78,3.7,families,1.4
AC-FLR-025,Florence Street Food Walking Tour — Morning Edition,Florence,food & drink,109,4.1,"couples, foodies",3.3
AC-FLR-026,Florence Cooking Class with Local Chef — Premium Edition,Florence,food & drink,187,4.6,"couples, families",3.8
AC-FLR-027,Florence Night Market & Tapas Crawl — Morning Edition,Florence,food & drink,102,4,"adults, groups",3.5
AC-FLR-028,Historic Florence City Walking Tour — Private Edition,Florence,culture,40,4,everyone,3.3
AC-FLR-029,Florence Museum & Gallery Pass — Small Group Edition,Florence,culture,108,4.2,everyone,3.1
AC-FLR-030,Florence Old Town Photography Tour — Evening Edition,Florence,culture,130,3.5,"couples, solo travellers",2.5
AC-FLR-031,Florence Sunset Cruise — Morning Edition,Florence,water,148,4.1,"couples, families",2.4
AC-FLR-032,Snorkelling Day Trip from Florence — Private Edition,Florence,water,265,4.1,"families, adventure seekers",7.7
AC-FLR-033,Florence Kayak & Coastline Tour — Premium Edition,Florence,water,115,5,active travellers,4
AC-FLR-034,Florence Countryside Day Trip — Morning Edition,Florence,day trip,275,3.8,everyone,9.3
AC-FLR-035,Wine & Vineyard Tour near Florence — Morning Edition,Florence,day trip,366,4.3,adults,6.7
AC-FLR-036,Florence Hidden Villages Small-Group Tour — Small Group Edition,Florence,day trip,229,4.9,small groups,7.6
AC-FLR-037,Florence Mountain Hike & Viewpoints — Morning Edition,Florence,adventure,82,4.5,active travellers,5.4
AC-FLR-038,Florence Bike Tour — Morning Edition,Florence,adventure,70,4.5,"active travellers, families",3.3
AC-FLR-039,Florence Zipline & Ropes Adventure — Premium Edition,Florence,adventure,198,4.6,adventure seekers,3.9
AC-FLR-040,Florence Rooftop Bar Crawl — Private Edition,Florence,nightlife,156,4.4,"adults, groups",3.5
AC-FLR-041,Florence Live Music & Dinner Evening — Premium Edition,Florence,nightlife,184,4.1,"couples, adults",3.1
AC-FLR-042,Florence Craft & Artisan Workshop — Afternoon Edition,Florence,class,119,4.5,everyone,2.5
AC-FLR-043,Florence Language & Culture Crash Course — Afternoon Edition,Florence,class,84,4.4,solo travellers,2.9
AC-FLR-044,Florence Wellness & Spa Half-Day — Evening Edition,Florence,wellness,226,4.2,couples,3.6
AC-BCN-001,Barcelona Street Food Walking Tour,Barcelona,food & drink,90,3.8,"couples, foodies",3.4
AC-BCN-002,Barcelona Cooking Class with Local Chef,Barcelona,food & drink,163,4.9,"couples, families",3.3
AC-BCN-003,Barcelona Night Market & Tapas Crawl,Barcelona,food & drink,55,4.9,"adults, groups",3.9
AC-BCN-004,Historic Barcelona City Walking Tour,Barcelona,culture,34,4.9,everyone,2.2
AC-BCN-005,Barcelona Museum & Gallery Pass,Barcelona,culture,72,4,everyone,4.4
AC-BCN-006,Barcelona Old Town Photography Tour,Barcelona,culture,135,3.5,"couples, solo travellers",3.6
AC-BCN-007,Barcelona Sunset Cruise,Barcelona,water,177,4.8,"couples, families",2.1
AC-BCN-008,Snorkelling Day Trip from Barcelona,Barcelona,water,251,3.6,"families, adventure seekers",6.4
AC-BCN-009,Barcelona Kayak & Coastline Tour,Barcelona,water,162,4.1,active travellers,3.2
AC-BCN-010,Barcelona Countryside Day Trip,Barcelona,day trip,164,3.8,everyone,9.4
AC-BCN-011,Wine & Vineyard Tour near Barcelona,Barcelona,day trip,275,4.4,adults,7.6
AC-BCN-012,Barcelona Hidden Villages Small-Group Tour,Barcelona,day trip,123,3.5,small groups,8.5
AC-BCN-013,Barcelona Mountain Hike & Viewpoints,Barcelona,adventure,144,3.8,active travellers,4.9
AC-BCN-014,Barcelona Bike Tour,Barcelona,adventure,121,4.5,"active travellers, families",3
AC-BCN-015,Barcelona Zipline & Ropes Adventure,Barcelona,adventure,123,4.4,adventure seekers,3.4
AC-BCN-016,Barcelona Rooftop Bar Crawl,Barcelona,nightlife,101,3.8,"adults, groups",3
AC-BCN-017,Barcelona Live Music & Dinner Evening,Barcelona,nightlife,179,4.5,"couples, adults",3.7
AC-BCN-018,Barcelona Craft & Artisan Workshop,Barcelona,class,127,4.3,everyone,2.7
AC-BCN-019,Barcelona Language & Culture Crash Course,Barcelona,class,91,3.5,solo travellers,2.3
AC-BCN-020,Barcelona Wellness & Spa Half-Day,Barcelona,wellness,200,4.1,couples,4.3
AC-BCN-021,Barcelona Sunrise Yoga Session,Barcelona,wellness,58,3.8,everyone,1.3
AC-BCN-022,Barcelona Hop-On Hop-Off Bus Pass,Barcelona,sightseeing,81,5,"families, everyone",7.8
AC-BCN-023,Barcelona River & Canal Cruise,Barcelona,sightseeing,69,4.2,everyone,2.1
AC-BCN-024,Barcelona Observation Deck Skip-the-Line,Barcelona,sightseeing,69,4.4,families,2
AC-BCN-025,Barcelona Street Food Walking Tour — Small Group Edition,Barcelona,food & drink,113,4.4,"couples, foodies",3.8
AC-BCN-026,Barcelona Cooking Class with Local Chef — Afternoon Edition,Barcelona,food & drink,128,3.7,"couples, families",3.1
AC-BCN-027,Barcelona Night Market & Tapas Crawl — Small Group Edition,Barcelona,food & drink,61,3.6,"adults, groups",3.1
AC-BCN-028,Historic Barcelona City Walking Tour — Morning Edition,Barcelona,culture,73,4.5,everyone,3.4
AC-BCN-029,Barcelona Museum & Gallery Pass — Private Edition,Barcelona,culture,55,4.6,everyone,4.3
AC-BCN-030,Barcelona Old Town Photography Tour — Private Edition,Barcelona,culture,108,3.8,"couples, solo travellers",2.1
AC-BCN-031,Barcelona Sunset Cruise — Small Group Edition,Barcelona,water,211,4.6,"couples, families",2.6
AC-BCN-032,Snorkelling Day Trip from Barcelona — Small Group Edition,Barcelona,water,213,3.9,"families, adventure seekers",6.1
AC-BCN-033,Barcelona Kayak & Coastline Tour — Private Edition,Barcelona,water,108,3.6,active travellers,3.9
AC-BCN-034,Barcelona Countryside Day Trip — Small Group Edition,Barcelona,day trip,141,4.1,everyone,9.5
AC-BCN-035,Wine & Vineyard Tour near Barcelona — Premium Edition,Barcelona,day trip,166,4.7,adults,6.7
AC-BCN-036,Barcelona Hidden Villages Small-Group Tour — Small Group Edition,Barcelona,day trip,240,4.3,small groups,8.6
AC-BCN-037,Barcelona Mountain Hike & Viewpoints — Morning Edition,Barcelona,adventure,116,4.8,active travellers,5.6
AC-BCN-038,Barcelona Bike Tour — Afternoon Edition,Barcelona,adventure,54,4.2,"active travellers, families",3.2
AC-MAD-001,Madrid Street Food Walking Tour,Madrid,food & drink,71,4.4,"couples, foodies",3.4
AC-MAD-002,Madrid Cooking Class with Local Chef,Madrid,food & drink,85,3.4,"couples, families",3.8
AC-MAD-003,Madrid Night Market & Tapas Crawl,Madrid,food & drink,71,3.9,"adults, groups",3.3
AC-MAD-004,Historic Madrid City Walking Tour,Madrid,culture,65,5,everyone,3
AC-MAD-005,Madrid Museum & Gallery Pass,Madrid,culture,61,4.6,everyone,3.4
AC-MAD-006,Madrid Old Town Photography Tour,Madrid,culture,141,4.3,"couples, solo travellers",4
AC-MAD-007,Madrid Sunset Cruise,Madrid,water,114,4.3,"couples, families",2.6
AC-MAD-008,Snorkelling Day Trip from Madrid,Madrid,water,180,4.9,"families, adventure seekers",7.4
AC-MAD-009,Madrid Kayak & Coastline Tour,Madrid,water,153,4.4,active travellers,3.7
AC-MAD-010,Madrid Countryside Day Trip,Madrid,day trip,130,4.8,everyone,9
AC-MAD-011,Wine & Vineyard Tour near Madrid,Madrid,day trip,183,3.5,adults,7.3
AC-MAD-012,Madrid Hidden Villages Small-Group Tour,Madrid,day trip,142,3.5,small groups,8.7
AC-MAD-013,Madrid Mountain Hike & Viewpoints,Madrid,adventure,105,4.9,active travellers,4.6
AC-MAD-014,Madrid Bike Tour,Madrid,adventure,55,5,"active travellers, families",3.5
AC-MAD-015,Madrid Zipline & Ropes Adventure,Madrid,adventure,200,4.8,adventure seekers,3.4
AC-MAD-016,Madrid Rooftop Bar Crawl,Madrid,nightlife,118,4.4,"adults, groups",3.5
AC-MAD-017,Madrid Live Music & Dinner Evening,Madrid,nightlife,109,4.6,"couples, adults",3.5
AC-MAD-018,Madrid Craft & Artisan Workshop,Madrid,class,109,4.9,everyone,2.4
AC-MAD-019,Madrid Language & Culture Crash Course,Madrid,class,83,3.7,solo travellers,2.8
AC-MAD-020,Madrid Wellness & Spa Half-Day,Madrid,wellness,300,4.1,couples,3.4
AC-MAD-021,Madrid Sunrise Yoga Session,Madrid,wellness,65,4.6,everyone,1.3
AC-MAD-022,Madrid Hop-On Hop-Off Bus Pass,Madrid,sightseeing,54,4.5,"families, everyone",8
AC-MAD-023,Madrid River & Canal Cruise,Madrid,sightseeing,53,3.8,everyone,1
AC-MAD-024,Madrid Observation Deck Skip-the-Line,Madrid,sightseeing,44,4.7,families,2
AC-MAD-025,Madrid Street Food Walking Tour — Premium Edition,Madrid,food & drink,92,4.3,"couples, foodies",3.9
AC-MAD-026,Madrid Cooking Class with Local Chef — Small Group Edition,Madrid,food & drink,91,3.7,"couples, families",3.4
AC-MAD-027,Madrid Night Market & Tapas Crawl — Private Edition,Madrid,food & drink,91,4.5,"adults, groups",3.8
AC-MAD-028,Historic Madrid City Walking Tour — Small Group Edition,Madrid,culture,54,4.5,everyone,3.5
AC-MAD-029,Madrid Museum & Gallery Pass — Evening Edition,Madrid,culture,76,3.8,everyone,4.4
AC-MAD-030,Madrid Old Town Photography Tour — Private Edition,Madrid,culture,68,3.8,"couples, solo travellers",2.9
AC-MAD-031,Madrid Sunset Cruise — Evening Edition,Madrid,water,88,5,"couples, families",2.4
AC-MAD-032,Snorkelling Day Trip from Madrid — Evening Edition,Madrid,water,106,3.9,"families, adventure seekers",7
AC-MAD-033,Madrid Kayak & Coastline Tour — Morning Edition,Madrid,water,91,4.3,active travellers,3.2
AC-MAD-034,Madrid Countryside Day Trip — Small Group Edition,Madrid,day trip,194,4.8,everyone,9.3
AC-MAD-035,Wine & Vineyard Tour near Madrid — Premium Edition,Madrid,day trip,276,4.3,adults,7.2
AC-MAD-036,Madrid Hidden Villages Small-Group Tour — Evening Edition,Madrid,day trip,227,3.8,small groups,7.1
AC-MAD-037,Madrid Mountain Hike & Viewpoints — Evening Edition,Madrid,adventure,101,5,active travellers,7.2
AC-MAD-038,Madrid Bike Tour — Premium Edition,Madrid,adventure,93,4.2,"active travellers, families",3.7
AC-MAD-039,Madrid Zipline & Ropes Adventure — Afternoon Edition,Madrid,adventure,175,4.7,adventure seekers,2.6
AC-VLC-001,Valencia Street Food Walking Tour,Valencia,food & drink,50,4,"couples, foodies",2.7
AC-VLC-002,Valencia Cooking Class with Local Chef,Valencia,food & drink,119,3.6,"couples, families",3.6
AC-VLC-003,Valencia Night Market & Tapas Crawl,Valencia,food & drink,64,4.7,"adults, groups",3.4
AC-VLC-004,Historic Valencia City Walking Tour,Valencia,culture,28,5,everyone,3.1
AC-VLC-005,Valencia Museum & Gallery Pass,Valencia,culture,38,4.5,everyone,3.4
AC-VLC-006,Valencia Old Town Photography Tour,Valencia,culture,77,4.7,"couples, solo travellers",3.5
AC-VLC-007,Valencia Sunset Cruise,Valencia,water,140,3.4,"couples, families",2.1
AC-VLC-008,Snorkelling Day Trip from Valencia,Valencia,water,97,4.4,"families, adventure seekers",6.9
AC-VLC-009,Valencia Kayak & Coastline Tour,Valencia,water,98,4,active travellers,4
AC-VLC-010,Valencia Countryside Day Trip,Valencia,day trip,212,4.2,everyone,9.7
AC-VLC-011,Wine & Vineyard Tour near Valencia,Valencia,day trip,222,4.3,adults,6.6
AC-VLC-012,Valencia Hidden Villages Small-Group Tour,Valencia,day trip,229,3.4,small groups,8.6
AC-VLC-013,Valencia Mountain Hike & Viewpoints,Valencia,adventure,59,3.7,active travellers,5.6
AC-VLC-014,Valencia Bike Tour,Valencia,adventure,56,4.8,"active travellers, families",3.5
AC-VLC-015,Valencia Zipline & Ropes Adventure,Valencia,adventure,126,4,adventure seekers,3.8
AC-VLC-016,Valencia Rooftop Bar Crawl,Valencia,nightlife,78,5,"adults, groups",3.8
AC-VLC-017,Valencia Live Music & Dinner Evening,Valencia,nightlife,114,3.8,"couples, adults",3.2
AC-VLC-018,Valencia Craft & Artisan Workshop,Valencia,class,104,3.9,everyone,2.4
AC-VLC-019,Valencia Language & Culture Crash Course,Valencia,class,78,3.7,solo travellers,2.9
AC-VLC-020,Valencia Wellness & Spa Half-Day,Valencia,wellness,210,4.9,couples,3.8
AC-VLC-021,Valencia Sunrise Yoga Session,Valencia,wellness,27,3.5,everyone,1.9
AC-VLC-022,Valencia Hop-On Hop-Off Bus Pass,Valencia,sightseeing,41,4.9,"families, everyone",7.2
AC-VLC-023,Valencia River & Canal Cruise,Valencia,sightseeing,68,3.9,everyone,2
AC-VLC-024,Valencia Observation Deck Skip-the-Line,Valencia,sightseeing,68,4.2,families,1.7
AC-VLC-025,Valencia Street Food Walking Tour — Evening Edition,Valencia,food & drink,86,3.5,"couples, foodies",3
AC-VLC-026,Valencia Cooking Class with Local Chef — Evening Edition,Valencia,food & drink,83,4.1,"couples, families",3.3
AC-VLC-027,Valencia Night Market & Tapas Crawl — Morning Edition,Valencia,food & drink,50,4.3,"adults, groups",3.3
AC-VLC-028,Historic Valencia City Walking Tour — Morning Edition,Valencia,culture,23,4,everyone,3.3
AC-VLC-029,Valencia Museum & Gallery Pass — Private Edition,Valencia,culture,33,4.8,everyone,3.7
AC-VLC-030,Valencia Old Town Photography Tour — Morning Edition,Valencia,culture,94,3.8,"couples, solo travellers",4
AC-VLC-031,Valencia Sunset Cruise — Afternoon Edition,Valencia,water,128,4.2,"couples, families",2.3
AC-VLC-032,Snorkelling Day Trip from Valencia — Premium Edition,Valencia,water,150,3.6,"families, adventure seekers",6.8
AC-VLC-033,Valencia Kayak & Coastline Tour — Premium Edition,Valencia,water,74,4.8,active travellers,4
AC-VLC-034,Valencia Countryside Day Trip — Small Group Edition,Valencia,day trip,185,3.9,everyone,9.6
AC-VLC-035,Wine & Vineyard Tour near Valencia — Evening Edition,Valencia,day trip,137,4.9,adults,6.1
AC-VLC-036,Valencia Hidden Villages Small-Group Tour — Premium Edition,Valencia,day trip,220,4.3,small groups,7.4
AC-VLC-037,Valencia Mountain Hike & Viewpoints — Morning Edition,Valencia,adventure,123,4.2,active travellers,6.4
AC-VLC-038,Valencia Bike Tour — Evening Edition,Valencia,adventure,84,4.5,"active travellers, families",3.4
AC-VLC-039,Valencia Zipline & Ropes Adventure — Morning Edition,Valencia,adventure,138,3.9,adventure seekers,3.7
AC-VLC-040,Valencia Rooftop Bar Crawl — Morning Edition,Valencia,nightlife,59,4.6,"adults, groups",3.9
AC-VLC-041,Valencia Live Music & Dinner Evening — Premium Edition,Valencia,nightlife,151,5,"couples, adults",3.2
AC-VLC-042,Valencia Craft & Artisan Workshop — Afternoon Edition,Valencia,class,94,4.1,everyone,2
AC-VLC-043,Valencia Language & Culture Crash Course — Premium Edition,Valencia,class,40,4.3,solo travellers,2.8
AC-LIS-001,Lisbon Street Food Walking Tour,Lisbon,food & drink,92,4.6,"couples, foodies",2.5
AC-LIS-002,Lisbon Cooking Class with Local Chef,Lisbon,food & drink,83,3.9,"couples, families",3.3
AC-LIS-003,Lisbon Night Market & Tapas Crawl,Lisbon,food & drink,64,3.8,"adults, groups",3.6
AC-LIS-004,Historic Lisbon City Walking Tour,Lisbon,culture,29,3.5,everyone,2.2
AC-LIS-005,Lisbon Museum & Gallery Pass,Lisbon,culture,42,4.5,everyone,5.5
AC-LIS-006,Lisbon Old Town Photography Tour,Lisbon,culture,81,3.7,"couples, solo travellers",2.3
AC-LIS-007,Lisbon Sunset Cruise,Lisbon,water,167,3.6,"couples, families",2.4
AC-LIS-008,Snorkelling Day Trip from Lisbon,Lisbon,water,204,3.7,"families, adventure seekers",6.8
AC-LIS-009,Lisbon Kayak & Coastline Tour,Lisbon,water,117,3.6,active travellers,3.3
AC-LIS-010,Lisbon Countryside Day Trip,Lisbon,day trip,257,4.2,everyone,9.6
AC-LIS-011,Wine & Vineyard Tour near Lisbon,Lisbon,day trip,135,4.6,adults,6.3
AC-LIS-012,Lisbon Hidden Villages Small-Group Tour,Lisbon,day trip,186,3.7,small groups,8.9
AC-LIS-013,Lisbon Mountain Hike & Viewpoints,Lisbon,adventure,120,3.8,active travellers,7.3
AC-LIS-014,Lisbon Bike Tour,Lisbon,adventure,92,4.2,"active travellers, families",3.3
AC-LIS-015,Lisbon Zipline & Ropes Adventure,Lisbon,adventure,102,4.6,adventure seekers,2.1
AC-LIS-016,Lisbon Rooftop Bar Crawl,Lisbon,nightlife,88,4.6,"adults, groups",3.1
AC-LIS-017,Lisbon Live Music & Dinner Evening,Lisbon,nightlife,165,4.8,"couples, adults",3.3
AC-LIS-018,Lisbon Craft & Artisan Workshop,Lisbon,class,99,4.7,everyone,2.2
AC-LIS-019,Lisbon Language & Culture Crash Course,Lisbon,class,52,4,solo travellers,2.7
AC-LIS-020,Lisbon Wellness & Spa Half-Day,Lisbon,wellness,254,4.1,couples,3.7
AC-LIS-021,Lisbon Sunrise Yoga Session,Lisbon,wellness,42,4.9,everyone,1.5
AC-LIS-022,Lisbon Hop-On Hop-Off Bus Pass,Lisbon,sightseeing,49,3.7,"families, everyone",4.5
AC-LIS-023,Lisbon River & Canal Cruise,Lisbon,sightseeing,64,4,everyone,2.2
AC-LIS-024,Lisbon Observation Deck Skip-the-Line,Lisbon,sightseeing,71,4.7,families,1.2
AC-LIS-025,Lisbon Street Food Walking Tour — Premium Edition,Lisbon,food & drink,68,4.4,"couples, foodies",3.4
AC-LIS-026,Lisbon Cooking Class with Local Chef — Afternoon Edition,Lisbon,food & drink,137,4.7,"couples, families",3.9
AC-LIS-027,Lisbon Night Market & Tapas Crawl — Morning Edition,Lisbon,food & drink,96,3.6,"adults, groups",4
AC-LIS-028,Historic Lisbon City Walking Tour — Private Edition,Lisbon,culture,66,3.7,everyone,2.7
AC-LIS-029,Lisbon Museum & Gallery Pass — Small Group Edition,Lisbon,culture,66,4.3,everyone,3.2
AC-LIS-030,Lisbon Old Town Photography Tour — Evening Edition,Lisbon,culture,103,3.9,"couples, solo travellers",3.1
AC-LIS-031,Lisbon Sunset Cruise — Afternoon Edition,Lisbon,water,130,3.5,"couples, families",2.6
AC-LIS-032,Snorkelling Day Trip from Lisbon — Morning Edition,Lisbon,water,235,3.7,"families, adventure seekers",7.4
AC-LIS-033,Lisbon Kayak & Coastline Tour — Evening Edition,Lisbon,water,97,4,active travellers,3.7
AC-LIS-034,Lisbon Countryside Day Trip — Afternoon Edition,Lisbon,day trip,232,4.5,everyone,8.3
AC-LIS-035,Wine & Vineyard Tour near Lisbon — Evening Edition,Lisbon,day trip,276,3.5,adults,7.7
AC-LIS-036,Lisbon Hidden Villages Small-Group Tour — Evening Edition,Lisbon,day trip,145,4.4,small groups,7.4
AC-LIS-037,Lisbon Mountain Hike & Viewpoints — Private Edition,Lisbon,adventure,105,3.9,active travellers,4.3
AC-LIS-038,Lisbon Bike Tour — Afternoon Edition,Lisbon,adventure,104,3.8,"active travellers, families",3.1
AC-OPO-001,Porto Street Food Walking Tour,Porto,food & drink,84,3.9,"couples, foodies",3.6
AC-OPO-002,Porto Cooking Class with Local Chef,Porto,food & drink,122,4.8,"couples, families",3.6
AC-OPO-003,Porto Night Market & Tapas Crawl,Porto,food & drink,82,4.3,"adults, groups",3.3
AC-OPO-004,Historic Porto City Walking Tour,Porto,culture,47,3.9,everyone,2.8
AC-OPO-005,Porto Museum & Gallery Pass,Porto,culture,48,4.9,everyone,5.4
AC-OPO-006,Porto Old Town Photography Tour,Porto,culture,105,4.1,"couples, solo travellers",3.1
AC-OPO-007,Porto Sunset Cruise,Porto,water,131,3.8,"couples, families",2.8
AC-OPO-008,Snorkelling Day Trip from Porto,Porto,water,120,4,"families, adventure seekers",7.8
AC-OPO-009,Porto Kayak & Coastline Tour,Porto,water,104,4.4,active travellers,3.3
AC-OPO-010,Porto Countryside Day Trip,Porto,day trip,230,4.5,everyone,9.5
AC-OPO-011,Wine & Vineyard Tour near Porto,Porto,day trip,153,4.2,adults,7.2
AC-OPO-012,Porto Hidden Villages Small-Group Tour,Porto,day trip,116,4.6,small groups,8.8
AC-OPO-013,Porto Mountain Hike & Viewpoints,Porto,adventure,77,4.9,active travellers,6.7
AC-OPO-014,Porto Bike Tour,Porto,adventure,86,3.6,"active travellers, families",3.5
AC-OPO-015,Porto Zipline & Ropes Adventure,Porto,adventure,154,3.4,adventure seekers,3.5
AC-OPO-016,Porto Rooftop Bar Crawl,Porto,nightlife,71,3.5,"adults, groups",3.2
AC-OPO-017,Porto Live Music & Dinner Evening,Porto,nightlife,158,3.5,"couples, adults",3.1
AC-OPO-018,Porto Craft & Artisan Workshop,Porto,class,97,4.3,everyone,2.6
AC-OPO-019,Porto Language & Culture Crash Course,Porto,class,41,4.3,solo travellers,2.9
AC-OPO-020,Porto Wellness & Spa Half-Day,Porto,wellness,145,4.3,couples,4.3
AC-OPO-021,Porto Sunrise Yoga Session,Porto,wellness,32,3.9,everyone,1.3
AC-OPO-022,Porto Hop-On Hop-Off Bus Pass,Porto,sightseeing,37,3.7,"families, everyone",7.9
AC-OPO-023,Porto River & Canal Cruise,Porto,sightseeing,70,3.6,everyone,1.4
AC-OPO-024,Porto Observation Deck Skip-the-Line,Porto,sightseeing,46,3.8,families,1
AC-OPO-025,Porto Street Food Walking Tour — Morning Edition,Porto,food & drink,96,4.3,"couples, foodies",3
AC-OPO-026,Porto Cooking Class with Local Chef — Private Edition,Porto,food & drink,102,4.2,"couples, families",3.4
AC-OPO-027,Porto Night Market & Tapas Crawl — Evening Edition,Porto,food & drink,93,4.7,"adults, groups",3.5
AC-OPO-028,Historic Porto City Walking Tour — Small Group Edition,Porto,culture,28,4.7,everyone,3.3
AC-OPO-029,Porto Museum & Gallery Pass — Morning Edition,Porto,culture,65,3.5,everyone,3.4
AC-OPO-030,Porto Old Town Photography Tour — Evening Edition,Porto,culture,62,4.6,"couples, solo travellers",2.9
AC-OPO-031,Porto Sunset Cruise — Premium Edition,Porto,water,84,4.2,"couples, families",2.1
AC-OPO-032,Snorkelling Day Trip from Porto — Morning Edition,Porto,water,162,3.7,"families, adventure seekers",7.2
AC-OPO-033,Porto Kayak & Coastline Tour — Afternoon Edition,Porto,water,110,3.8,active travellers,3.4
AC-OPO-034,Porto Countryside Day Trip — Evening Edition,Porto,day trip,150,4.1,everyone,10
AC-OPO-035,Wine & Vineyard Tour near Porto — Afternoon Edition,Porto,day trip,196,3.9,adults,6.5
AC-OPO-036,Porto Hidden Villages Small-Group Tour — Morning Edition,Porto,day trip,180,4.8,small groups,7.5
AC-OPO-037,Porto Mountain Hike & Viewpoints — Afternoon Edition,Porto,adventure,56,4.7,active travellers,6.8
AC-OPO-038,Porto Bike Tour — Afternoon Edition,Porto,adventure,71,4.6,"active travellers, families",3.9
AC-OPO-039,Porto Zipline & Ropes Adventure — Afternoon Edition,Porto,adventure,126,4.9,adventure seekers,3.6
AC-OPO-040,Porto Rooftop Bar Crawl — Evening Edition,Porto,nightlife,79,4.2,"adults, groups",3.3
AC-OPO-041,Porto Live Music & Dinner Evening — Private Edition,Porto,nightlife,116,5,"couples, adults",4
AC-OPO-042,Porto Craft & Artisan Workshop — Premium Edition,Porto,class,66,4.1,everyone,2.2
AC-OPO-043,Porto Language & Culture Crash Course — Premium Edition,Porto,class,69,3.4,solo travellers,2.3
AC-AMS-001,Amsterdam Street Food Walking Tour,Amsterdam,food & drink,123,3.6,"couples, foodies",2.7
AC-AMS-002,Amsterdam Cooking Class with Local Chef,Amsterdam,food & drink,169,3.8,"couples, families",3.7
AC-AMS-003,Amsterdam Night Market & Tapas Crawl,Amsterdam,food & drink,86,4.5,"adults, groups",3.4
AC-AMS-004,Historic Amsterdam City Walking Tour,Amsterdam,culture,55,4.1,everyone,3.2
AC-AMS-005,Amsterdam Museum & Gallery Pass,Amsterdam,culture,104,4.6,everyone,4.2
AC-AMS-006,Amsterdam Old Town Photography Tour,Amsterdam,culture,169,3.5,"couples, solo travellers",3.7
AC-AMS-007,Amsterdam Sunset Cruise,Amsterdam,water,111,4.3,"couples, families",2.7
AC-AMS-008,Snorkelling Day Trip from Amsterdam,Amsterdam,water,149,3.9,"families, adventure seekers",7.7
AC-AMS-009,Amsterdam Kayak & Coastline Tour,Amsterdam,water,97,4.2,active travellers,4
AC-AMS-010,Amsterdam Countryside Day Trip,Amsterdam,day trip,316,4.3,everyone,8.4
AC-AMS-011,Wine & Vineyard Tour near Amsterdam,Amsterdam,day trip,201,4.2,adults,6.5
AC-AMS-012,Amsterdam Hidden Villages Small-Group Tour,Amsterdam,day trip,225,4.7,small groups,7.4
AC-AMS-013,Amsterdam Mountain Hike & Viewpoints,Amsterdam,adventure,135,3.9,active travellers,7.6
AC-AMS-014,Amsterdam Bike Tour,Amsterdam,adventure,88,4,"active travellers, families",4
AC-AMS-015,Amsterdam Zipline & Ropes Adventure,Amsterdam,adventure,147,4.7,adventure seekers,2
AC-AMS-016,Amsterdam Rooftop Bar Crawl,Amsterdam,nightlife,111,4.3,"adults, groups",3.4
AC-AMS-017,Amsterdam Live Music & Dinner Evening,Amsterdam,nightlife,200,3.4,"couples, adults",3.1
AC-AMS-018,Amsterdam Craft & Artisan Workshop,Amsterdam,class,146,4,everyone,2.4
AC-AMS-019,Amsterdam Language & Culture Crash Course,Amsterdam,class,120,4.5,solo travellers,2.4
AC-AMS-020,Amsterdam Wellness & Spa Half-Day,Amsterdam,wellness,188,3.9,couples,4.2
AC-AMS-021,Amsterdam Sunrise Yoga Session,Amsterdam,wellness,70,4.9,everyone,1.3
AC-AMS-022,Amsterdam Hop-On Hop-Off Bus Pass,Amsterdam,sightseeing,55,4.3,"families, everyone",6.5
AC-AMS-023,Amsterdam River & Canal Cruise,Amsterdam,sightseeing,81,4.1,everyone,1.5
AC-AMS-024,Amsterdam Observation Deck Skip-the-Line,Amsterdam,sightseeing,108,4.5,families,1.3
AC-AMS-025,Amsterdam Street Food Walking Tour — Morning Edition,Amsterdam,food & drink,95,4.5,"couples, foodies",2.8
AC-AMS-026,Amsterdam Cooking Class with Local Chef — Evening Edition,Amsterdam,food & drink,169,4.2,"couples, families",3.9
AC-AMS-027,Amsterdam Night Market & Tapas Crawl — Premium Edition,Amsterdam,food & drink,74,4.5,"adults, groups",3.2
AC-AMS-028,Historic Amsterdam City Walking Tour — Morning Edition,Amsterdam,culture,55,4.3,everyone,3.5
AC-AMS-029,Amsterdam Museum & Gallery Pass — Premium Edition,Amsterdam,culture,55,3.9,everyone,4.8
AC-AMS-030,Amsterdam Old Town Photography Tour — Afternoon Edition,Amsterdam,culture,154,4,"couples, solo travellers",3.6
AC-AMS-031,Amsterdam Sunset Cruise — Private Edition,Amsterdam,water,115,4.4,"couples, families",2.3
AC-AMS-032,Snorkelling Day Trip from Amsterdam — Afternoon Edition,Amsterdam,water,313,4.6,"families, adventure seekers",6.9
AC-AMS-033,Amsterdam Kayak & Coastline Tour — Premium Edition,Amsterdam,water,120,3.9,active travellers,3.3
AC-AMS-034,Amsterdam Countryside Day Trip — Afternoon Edition,Amsterdam,day trip,363,4.4,everyone,9.6
AC-AMS-035,Wine & Vineyard Tour near Amsterdam — Evening Edition,Amsterdam,day trip,286,4.9,adults,7
AC-AMS-036,Amsterdam Hidden Villages Small-Group Tour — Small Group Edition,Amsterdam,day trip,252,4.1,small groups,7.9
AC-AMS-037,Amsterdam Mountain Hike & Viewpoints — Evening Edition,Amsterdam,adventure,171,4.4,active travellers,7.6
AC-AMS-038,Amsterdam Bike Tour — Afternoon Edition,Amsterdam,adventure,99,3.7,"active travellers, families",3.6
AC-AMS-039,Amsterdam Zipline & Ropes Adventure — Morning Edition,Amsterdam,adventure,200,4.1,adventure seekers,3
AC-AMS-040,Amsterdam Rooftop Bar Crawl — Premium Edition,Amsterdam,nightlife,135,3.4,"adults, groups",3.3
AC-BER-001,Berlin Street Food Walking Tour,Berlin,food & drink,77,4,"couples, foodies",3.7
AC-BER-002,Berlin Cooking Class with Local Chef,Berlin,food & drink,151,3.6,"couples, families",3.5
AC-BER-003,Berlin Night Market & Tapas Crawl,Berlin,food & drink,100,3.9,"adults, groups",3.8
AC-BER-004,Historic Berlin City Walking Tour,Berlin,culture,65,4.2,everyone,3.2
AC-BER-005,Berlin Museum & Gallery Pass,Berlin,culture,47,4.9,everyone,5.2
AC-BER-006,Berlin Old Town Photography Tour,Berlin,culture,151,4.5,"couples, solo travellers",3.6
AC-BER-007,Berlin Sunset Cruise,Berlin,water,80,4.9,"couples, families",3
AC-BER-008,Snorkelling Day Trip from Berlin,Berlin,water,250,5,"families, adventure seekers",7.2
AC-BER-009,Berlin Kayak & Coastline Tour,Berlin,water,86,3.8,active travellers,3.3
AC-BER-010,Berlin Countryside Day Trip,Berlin,day trip,195,4.1,everyone,9.2
AC-BER-011,Wine & Vineyard Tour near Berlin,Berlin,day trip,201,3.4,adults,7.9
AC-BER-012,Berlin Hidden Villages Small-Group Tour,Berlin,day trip,242,4,small groups,8.3
AC-BER-013,Berlin Mountain Hike & Viewpoints,Berlin,adventure,176,4.8,active travellers,7.6
AC-BER-014,Berlin Bike Tour,Berlin,adventure,80,4.2,"active travellers, families",3.6
AC-BER-015,Berlin Zipline & Ropes Adventure,Berlin,adventure,99,3.4,adventure seekers,3.4
AC-BER-016,Berlin Rooftop Bar Crawl,Berlin,nightlife,88,3.4,"adults, groups",3.2
AC-BER-017,Berlin Live Music & Dinner Evening,Berlin,nightlife,145,4.1,"couples, adults",3.4
AC-BER-018,Berlin Craft & Artisan Workshop,Berlin,class,99,3.5,everyone,2.4
AC-BER-019,Berlin Language & Culture Crash Course,Berlin,class,76,3.5,solo travellers,2.6
AC-BER-020,Berlin Wellness & Spa Half-Day,Berlin,wellness,275,3.8,couples,4.4
AC-BER-021,Berlin Sunrise Yoga Session,Berlin,wellness,72,3.9,everyone,1.2
AC-BER-022,Berlin Hop-On Hop-Off Bus Pass,Berlin,sightseeing,72,3.9,"families, everyone",7.2
AC-BER-023,Berlin River & Canal Cruise,Berlin,sightseeing,56,3.9,everyone,1.9
AC-BER-024,Berlin Observation Deck Skip-the-Line,Berlin,sightseeing,61,4.5,families,1.2
AC-BER-025,Berlin Street Food Walking Tour — Morning Edition,Berlin,food & drink,129,4.5,"couples, foodies",3.6
AC-BER-026,Berlin Cooking Class with Local Chef — Private Edition,Berlin,food & drink,110,4.1,"couples, families",3.2
AC-BER-027,Berlin Night Market & Tapas Crawl — Evening Edition,Berlin,food & drink,114,4.7,"adults, groups",3.1
AC-BER-028,Historic Berlin City Walking Tour — Evening Edition,Berlin,culture,50,4.7,everyone,3.4
AC-BER-029,Berlin Museum & Gallery Pass — Evening Edition,Berlin,culture,89,4.4,everyone,4.1
AC-BER-030,Berlin Old Town Photography Tour — Private Edition,Berlin,culture,96,3.5,"couples, solo travellers",3.8
AC-BER-031,Berlin Sunset Cruise — Evening Edition,Berlin,water,196,4,"couples, families",2.7
AC-BER-032,Snorkelling Day Trip from Berlin — Morning Edition,Berlin,water,101,3.7,"families, adventure seekers",7
AC-BER-033,Berlin Kayak & Coastline Tour — Evening Edition,Berlin,water,121,4.1,active travellers,3.5
AC-BER-034,Berlin Countryside Day Trip — Private Edition,Berlin,day trip,256,3.4,everyone,9.5
AC-BER-035,Wine & Vineyard Tour near Berlin — Premium Edition,Berlin,day trip,185,4,adults,6.4
AC-BER-036,Berlin Hidden Villages Small-Group Tour — Morning Edition,Berlin,day trip,138,3.7,small groups,8.6
AC-BER-037,Berlin Mountain Hike & Viewpoints — Private Edition,Berlin,adventure,117,4.1,active travellers,6.5
AC-BER-038,Berlin Bike Tour — Small Group Edition,Berlin,adventure,117,5,"active travellers, families",3.8
AC-BER-039,Berlin Zipline & Ropes Adventure — Morning Edition,Berlin,adventure,142,4.3,adventure seekers,3.6
AC-BER-040,Berlin Rooftop Bar Crawl — Small Group Edition,Berlin,nightlife,89,3.8,"adults, groups",3.3
AC-BER-041,Berlin Live Music & Dinner Evening — Afternoon Edition,Berlin,nightlife,219,3.8,"couples, adults",3.4
AC-BER-042,Berlin Craft & Artisan Workshop — Private Edition,Berlin,class,120,4.2,everyone,2.3
AC-BER-043,Berlin Language & Culture Crash Course — Evening Edition,Berlin,class,87,4.7,solo travellers,2.6
AC-PRG-001,Prague Street Food Walking Tour,Prague,food & drink,95,4,"couples, foodies",3.2
AC-PRG-002,Prague Cooking Class with Local Chef,Prague,food & drink,140,4.9,"couples, families",3.7
AC-PRG-003,Prague Night Market & Tapas Crawl,Prague,food & drink,50,4.3,"adults, groups",3.7
AC-PRG-004,Historic Prague City Walking Tour,Prague,culture,35,3.6,everyone,2.4
AC-PRG-005,Prague Museum & Gallery Pass,Prague,culture,77,4.9,everyone,5.5
AC-PRG-006,Prague Old Town Photography Tour,Prague,culture,100,3.6,"couples, solo travellers",3.5
AC-PRG-007,Prague Sunset Cruise,Prague,water,140,4.1,"couples, families",3
AC-PRG-008,Snorkelling Day Trip from Prague,Prague,water,196,3.4,"families, adventure seekers",7.2
AC-PRG-009,Prague Kayak & Coastline Tour,Prague,water,65,3.6,active travellers,3.1
AC-PRG-010,Prague Countryside Day Trip,Prague,day trip,154,4.2,everyone,9.6
AC-PRG-011,Wine & Vineyard Tour near Prague,Prague,day trip,171,3.6,adults,6.5
AC-PRG-012,Prague Hidden Villages Small-Group Tour,Prague,day trip,199,3.9,small groups,8.5
AC-PRG-013,Prague Mountain Hike & Viewpoints,Prague,adventure,95,4.1,active travellers,6.3
AC-PRG-014,Prague Bike Tour,Prague,adventure,60,4.4,"active travellers, families",4
AC-PRG-015,Prague Zipline & Ropes Adventure,Prague,adventure,115,3.4,adventure seekers,3.6
AC-PRG-016,Prague Rooftop Bar Crawl,Prague,nightlife,106,4.4,"adults, groups",3.4
AC-PRG-017,Prague Live Music & Dinner Evening,Prague,nightlife,134,3.5,"couples, adults",3.9
AC-PRG-018,Prague Craft & Artisan Workshop,Prague,class,128,3.8,everyone,2.5
AC-PRG-019,Prague Language & Culture Crash Course,Prague,class,66,4,solo travellers,2.6
AC-PRG-020,Prague Wellness & Spa Half-Day,Prague,wellness,143,3.5,couples,4.2
AC-PRG-021,Prague Sunrise Yoga Session,Prague,wellness,27,3.9,everyone,1.4
AC-PRG-022,Prague Hop-On Hop-Off Bus Pass,Prague,sightseeing,43,3.5,"families, everyone",5.3
AC-PRG-023,Prague River & Canal Cruise,Prague,sightseeing,30,3.6,everyone,2.2
AC-PRG-024,Prague Observation Deck Skip-the-Line,Prague,sightseeing,35,4.3,families,1.3
AC-PRG-025,Prague Street Food Walking Tour — Small Group Edition,Prague,food & drink,47,4.4,"couples, foodies",3.1
AC-PRG-026,Prague Cooking Class with Local Chef — Small Group Edition,Prague,food & drink,105,3.5,"couples, families",3.5
AC-PRG-027,Prague Night Market & Tapas Crawl — Morning Edition,Prague,food & drink,83,4.3,"adults, groups",4
AC-PRG-028,Historic Prague City Walking Tour — Premium Edition,Prague,culture,47,4.2,everyone,2.1
AC-PRG-029,Prague Museum & Gallery Pass — Private Edition,Prague,culture,35,3.5,everyone,4.4
AC-PRG-030,Prague Old Town Photography Tour — Afternoon Edition,Prague,culture,88,4,"couples, solo travellers",2.3
AC-PRG-031,Prague Sunset Cruise — Premium Edition,Prague,water,107,3.4,"couples, families",2.5
AC-PRG-032,Snorkelling Day Trip from Prague — Premium Edition,Prague,water,150,4.1,"families, adventure seekers",6.4
AC-PRG-033,Prague Kayak & Coastline Tour — Small Group Edition,Prague,water,56,4.5,active travellers,3.6
AC-PRG-034,Prague Countryside Day Trip — Small Group Edition,Prague,day trip,147,4.6,everyone,9.9
AC-PRG-035,Wine & Vineyard Tour near Prague — Private Edition,Prague,day trip,155,5,adults,6.3
AC-PRG-036,Prague Hidden Villages Small-Group Tour — Small Group Edition,Prague,day trip,115,4.2,small groups,7.4
AC-VIE-001,Vienna Street Food Walking Tour,Vienna,food & drink,68,5,"couples, foodies",4
AC-VIE-002,Vienna Cooking Class with Local Chef,Vienna,food & drink,190,3.8,"couples, families",3.8
AC-VIE-003,Vienna Night Market & Tapas Crawl,Vienna,food & drink,68,3.8,"adults, groups",3.9
AC-VIE-004,Historic Vienna City Walking Tour,Vienna,culture,40,4.9,everyone,2.5
AC-VIE-005,Vienna Museum & Gallery Pass,Vienna,culture,60,4,everyone,4.3
AC-VIE-006,Vienna Old Town Photography Tour,Vienna,culture,83,4.4,"couples, solo travellers",4
AC-VIE-007,Vienna Sunset Cruise,Vienna,water,95,3.7,"couples, families",2.8
AC-VIE-008,Snorkelling Day Trip from Vienna,Vienna,water,162,4.1,"families, adventure seekers",6.6
AC-VIE-009,Vienna Kayak & Coastline Tour,Vienna,water,143,3.4,active travellers,3.2
AC-VIE-010,Vienna Countryside Day Trip,Vienna,day trip,128,4.6,everyone,8.8
AC-VIE-011,Wine & Vineyard Tour near Vienna,Vienna,day trip,247,3.9,adults,7.6
AC-VIE-012,Vienna Hidden Villages Small-Group Tour,Vienna,day trip,143,4,small groups,8.5
AC-VIE-013,Vienna Mountain Hike & Viewpoints,Vienna,adventure,69,4.3,active travellers,7.8
AC-VIE-014,Vienna Bike Tour,Vienna,adventure,101,4.3,"active travellers, families",3.2
AC-VIE-015,Vienna Zipline & Ropes Adventure,Vienna,adventure,205,4,adventure seekers,3.5
AC-VIE-016,Vienna Rooftop Bar Crawl,Vienna,nightlife,102,3.9,"adults, groups",3.8
AC-VIE-017,Vienna Live Music & Dinner Evening,Vienna,nightlife,198,4.5,"couples, adults",3.2
AC-VIE-018,Vienna Craft & Artisan Workshop,Vienna,class,160,4.4,everyone,2.1
AC-VIE-019,Vienna Language & Culture Crash Course,Vienna,class,78,4.6,solo travellers,2.9
AC-VIE-020,Vienna Wellness & Spa Half-Day,Vienna,wellness,284,4.7,couples,4.8
AC-VIE-021,Vienna Sunrise Yoga Session,Vienna,wellness,71,4.9,everyone,1.7
AC-VIE-022,Vienna Hop-On Hop-Off Bus Pass,Vienna,sightseeing,56,3.7,"families, everyone",6.8
AC-VIE-023,Vienna River & Canal Cruise,Vienna,sightseeing,48,4.9,everyone,1
AC-VIE-024,Vienna Observation Deck Skip-the-Line,Vienna,sightseeing,43,4.7,families,1.3
AC-VIE-025,Vienna Street Food Walking Tour — Morning Edition,Vienna,food & drink,79,4.7,"couples, foodies",3.4
AC-VIE-026,Vienna Cooking Class with Local Chef — Private Edition,Vienna,food & drink,144,3.8,"couples, families",3.1
AC-VIE-027,Vienna Night Market & Tapas Crawl — Morning Edition,Vienna,food & drink,68,5,"adults, groups",3.7
AC-VIE-028,Historic Vienna City Walking Tour — Afternoon Edition,Vienna,culture,31,4.6,everyone,3.3
AC-VIE-029,Vienna Museum & Gallery Pass — Afternoon Edition,Vienna,culture,43,4.2,everyone,5.4
AC-VIE-030,Vienna Old Town Photography Tour — Afternoon Edition,Vienna,culture,108,3.8,"couples, solo travellers",3.4
AC-VIE-031,Vienna Sunset Cruise — Afternoon Edition,Vienna,water,140,4.3,"couples, families",2.6
AC-VIE-032,Snorkelling Day Trip from Vienna — Evening Edition,Vienna,water,133,4.6,"families, adventure seekers",6.9
AC-VIE-033,Vienna Kayak & Coastline Tour — Premium Edition,Vienna,water,138,4.9,active travellers,3.7
AC-VIE-034,Vienna Countryside Day Trip — Private Edition,Vienna,day trip,251,5,everyone,8.3
AC-VIE-035,Wine & Vineyard Tour near Vienna — Small Group Edition,Vienna,day trip,365,3.8,adults,7
AC-VIE-036,Vienna Hidden Villages Small-Group Tour — Private Edition,Vienna,day trip,271,4.9,small groups,7.8
AC-VIE-037,Vienna Mountain Hike & Viewpoints — Evening Edition,Vienna,adventure,132,4.9,active travellers,7
AC-VIE-038,Vienna Bike Tour — Evening Edition,Vienna,adventure,62,4,"active travellers, families",3.3
AC-VIE-039,Vienna Zipline & Ropes Adventure — Premium Edition,Vienna,adventure,152,3.4,adventure seekers,2.6
AC-VIE-040,Vienna Rooftop Bar Crawl — Premium Edition,Vienna,nightlife,129,3.9,"adults, groups",3.7
AC-VIE-041,Vienna Live Music & Dinner Evening — Evening Edition,Vienna,nightlife,105,4.7,"couples, adults",3.9
AC-KRK-001,Krakow Street Food Walking Tour,Krakow,food & drink,51,4.5,"couples, foodies",2.6
AC-KRK-002,Krakow Cooking Class with Local Chef,Krakow,food & drink,82,4.4,"couples, families",3.6
AC-KRK-003,Krakow Night Market & Tapas Crawl,Krakow,food & drink,55,4.8,"adults, groups",3.4
AC-KRK-004,Historic Krakow City Walking Tour,Krakow,culture,31,4.3,everyone,2.9
AC-KRK-005,Krakow Museum & Gallery Pass,Krakow,culture,50,4.6,everyone,3.3
AC-KRK-006,Krakow Old Town Photography Tour,Krakow,culture,64,4.3,"couples, solo travellers",3.7
AC-KRK-007,Krakow Sunset Cruise,Krakow,water,72,4.6,"couples, families",2.7
AC-KRK-008,Snorkelling Day Trip from Krakow,Krakow,water,139,3.8,"families, adventure seekers",7.6
AC-KRK-009,Krakow Kayak & Coastline Tour,Krakow,water,49,3.7,active travellers,3.9
AC-KRK-010,Krakow Countryside Day Trip,Krakow,day trip,176,4.8,everyone,8.1
AC-KRK-011,Wine & Vineyard Tour near Krakow,Krakow,day trip,206,3.4,adults,7.5
AC-KRK-012,Krakow Hidden Villages Small-Group Tour,Krakow,day trip,99,3.9,small groups,7.8
AC-KRK-013,Krakow Mountain Hike & Viewpoints,Krakow,adventure,41,5,active travellers,5.5
AC-KRK-014,Krakow Bike Tour,Krakow,adventure,53,3.6,"active travellers, families",3.5
AC-KRK-015,Krakow Zipline & Ropes Adventure,Krakow,adventure,127,3.5,adventure seekers,3.5
AC-KRK-016,Krakow Rooftop Bar Crawl,Krakow,nightlife,76,3.9,"adults, groups",3.8
AC-KRK-017,Krakow Live Music & Dinner Evening,Krakow,nightlife,77,4.5,"couples, adults",3.2
AC-KRK-018,Krakow Craft & Artisan Workshop,Krakow,class,83,4.5,everyone,2.2
AC-KRK-019,Krakow Language & Culture Crash Course,Krakow,class,53,4.8,solo travellers,2.7
AC-KRK-020,Krakow Wellness & Spa Half-Day,Krakow,wellness,125,3.9,couples,4.9
AC-KRK-021,Krakow Sunrise Yoga Session,Krakow,wellness,36,3.6,everyone,1.8
AC-KRK-022,Krakow Hop-On Hop-Off Bus Pass,Krakow,sightseeing,29,4.3,"families, everyone",5.7
AC-KRK-023,Krakow River & Canal Cruise,Krakow,sightseeing,35,4.5,everyone,1.6
AC-KRK-024,Krakow Observation Deck Skip-the-Line,Krakow,sightseeing,36,3.9,families,1.8
AC-KRK-025,Krakow Street Food Walking Tour — Small Group Edition,Krakow,food & drink,42,3.9,"couples, foodies",3.6
AC-KRK-026,Krakow Cooking Class with Local Chef — Evening Edition,Krakow,food & drink,100,4.3,"couples, families",3.2
AC-KRK-027,Krakow Night Market & Tapas Crawl — Private Edition,Krakow,food & drink,45,4,"adults, groups",3.3
AC-KRK-028,Historic Krakow City Walking Tour — Afternoon Edition,Krakow,culture,36,4.3,everyone,3.2
AC-KRK-029,Krakow Museum & Gallery Pass — Small Group Edition,Krakow,culture,61,4,everyone,4
AC-KRK-030,Krakow Old Town Photography Tour — Small Group Edition,Krakow,culture,53,4.7,"couples, solo travellers",2.8
AC-KRK-031,Krakow Sunset Cruise — Private Edition,Krakow,water,139,4.7,"couples, families",2
AC-KRK-032,Snorkelling Day Trip from Krakow — Premium Edition,Krakow,water,75,5,"families, adventure seekers",7.7
AC-KRK-033,Krakow Kayak & Coastline Tour — Small Group Edition,Krakow,water,61,3.8,active travellers,3.7
AC-KRK-034,Krakow Countryside Day Trip — Morning Edition,Krakow,day trip,97,3.8,everyone,8.9
AC-KRK-035,Wine & Vineyard Tour near Krakow — Premium Edition,Krakow,day trip,212,4.3,adults,7.1
AC-KRK-036,Krakow Hidden Villages Small-Group Tour — Morning Edition,Krakow,day trip,90,4.8,small groups,7.7
AC-KRK-037,Krakow Mountain Hike & Viewpoints — Evening Edition,Krakow,adventure,108,3.7,active travellers,5.7
AC-KRK-038,Krakow Bike Tour — Evening Edition,Krakow,adventure,77,3.7,"active travellers, families",3.9
AC-KRK-039,Krakow Zipline & Ropes Adventure — Morning Edition,Krakow,adventure,110,4.7,adventure seekers,2.9
AC-KRK-040,Krakow Rooftop Bar Crawl — Morning Edition,Krakow,nightlife,90,5,"adults, groups",3.8
AC-KRK-041,Krakow Live Music & Dinner Evening — Private Edition,Krakow,nightlife,132,3.5,"couples, adults",3
AC-KRK-042,Krakow Craft & Artisan Workshop — Morning Edition,Krakow,class,53,4,everyone,2.3
AC-KRK-043,Krakow Language & Culture Crash Course — Morning Edition,Krakow,class,36,4.8,solo travellers,2.8
AC-ATH-001,Athens Street Food Walking Tour,Athens,food & drink,95,4.5,"couples, foodies",3
AC-ATH-002,Athens Cooking Class with Local Chef,Athens,food & drink,86,3.7,"couples, families",3.9
AC-ATH-003,Athens Night Market & Tapas Crawl,Athens,food & drink,79,4.3,"adults, groups",3.6
AC-ATH-004,Historic Athens City Walking Tour,Athens,culture,29,4.5,everyone,2.7
AC-ATH-005,Athens Museum & Gallery Pass,Athens,culture,64,3.6,everyone,5.7
AC-ATH-006,Athens Old Town Photography Tour,Athens,culture,104,3.6,"couples, solo travellers",3.9
AC-ATH-007,Athens Sunset Cruise,Athens,water,126,3.7,"couples, families",2
AC-ATH-008,Snorkelling Day Trip from Athens,Athens,water,222,4.8,"families, adventure seekers",7.6
AC-ATH-009,Athens Kayak & Coastline Tour,Athens,water,84,4.3,active travellers,3.7
AC-ATH-010,Athens Countryside Day Trip,Athens,day trip,157,4.2,everyone,8.2
AC-ATH-011,Wine & Vineyard Tour near Athens,Athens,day trip,208,4.1,adults,6.5
AC-ATH-012,Athens Hidden Villages Small-Group Tour,Athens,day trip,152,4.9,small groups,8.5
AC-ATH-013,Athens Mountain Hike & Viewpoints,Athens,adventure,86,3.4,active travellers,4.4
AC-ATH-014,Athens Bike Tour,Athens,adventure,78,4.9,"active travellers, families",3.1
AC-ATH-015,Athens Zipline & Ropes Adventure,Athens,adventure,114,4.3,adventure seekers,3.9
AC-ATH-016,Athens Rooftop Bar Crawl,Athens,nightlife,81,3.9,"adults, groups",3.2
AC-ATH-017,Athens Live Music & Dinner Evening,Athens,nightlife,116,4.6,"couples, adults",3.5
AC-ATH-018,Athens Craft & Artisan Workshop,Athens,class,85,3.8,everyone,2.4
AC-ATH-019,Athens Language & Culture Crash Course,Athens,class,52,4,solo travellers,2.7
AC-ATH-020,Athens Wellness & Spa Half-Day,Athens,wellness,134,4.3,couples,4
AC-ATH-021,Athens Sunrise Yoga Session,Athens,wellness,36,4.2,everyone,1.4
AC-ATH-022,Athens Hop-On Hop-Off Bus Pass,Athens,sightseeing,43,4.9,"families, everyone",5
AC-ATH-023,Athens River & Canal Cruise,Athens,sightseeing,61,3.4,everyone,1.8
AC-ATH-024,Athens Observation Deck Skip-the-Line,Athens,sightseeing,33,4.7,families,1.1
AC-ATH-025,Athens Street Food Walking Tour — Afternoon Edition,Athens,food & drink,54,4.4,"couples, foodies",3.1
AC-ATH-026,Athens Cooking Class with Local Chef — Afternoon Edition,Athens,food & drink,111,3.7,"couples, families",3.6
AC-ATH-027,Athens Night Market & Tapas Crawl — Small Group Edition,Athens,food & drink,86,3.8,"adults, groups",4
AC-ATH-028,Historic Athens City Walking Tour — Small Group Edition,Athens,culture,30,4.5,everyone,2.8
AC-ATH-029,Athens Museum & Gallery Pass — Small Group Edition,Athens,culture,50,4.2,everyone,4
AC-ATH-030,Athens Old Town Photography Tour — Evening Edition,Athens,culture,79,4.2,"couples, solo travellers",2.7
AC-ATH-031,Athens Sunset Cruise — Premium Edition,Athens,water,112,3.9,"couples, families",2.8
AC-ATH-032,Snorkelling Day Trip from Athens — Premium Edition,Athens,water,117,4,"families, adventure seekers",6.1
AC-ATH-033,Athens Kayak & Coastline Tour — Private Edition,Athens,water,86,4.8,active travellers,3.6
AC-ATH-034,Athens Countryside Day Trip — Small Group Edition,Athens,day trip,234,5,everyone,8.6
AC-ATH-035,Wine & Vineyard Tour near Athens — Premium Edition,Athens,day trip,187,3.8,adults,7.9
AC-ATH-036,Athens Hidden Villages Small-Group Tour — Private Edition,Athens,day trip,124,3.8,small groups,7.6
AC-JTR-001,Santorini Street Food Walking Tour,Santorini,food & drink,95,4,"couples, foodies",3.9
AC-JTR-002,Santorini Cooking Class with Local Chef,Santorini,food & drink,169,3.9,"couples, families",3.9
AC-JTR-003,Santorini Night Market & Tapas Crawl,Santorini,food & drink,132,5,"adults, groups",3.7
AC-JTR-004,Historic Santorini City Walking Tour,Santorini,culture,62,3.6,everyone,2.4
AC-JTR-005,Santorini Museum & Gallery Pass,Santorini,culture,67,3.9,everyone,3.1
AC-JTR-006,Santorini Old Town Photography Tour,Santorini,culture,92,4.1,"couples, solo travellers",3.8
AC-JTR-007,Santorini Sunset Cruise,Santorini,water,193,3.6,"couples, families",2.4
AC-JTR-008,Snorkelling Day Trip from Santorini,Santorini,water,143,5,"families, adventure seekers",6.8
AC-JTR-009,Santorini Kayak & Coastline Tour,Santorini,water,161,3.5,active travellers,3.5
AC-JTR-010,Santorini Countryside Day Trip,Santorini,day trip,214,3.5,everyone,8.2
AC-JTR-011,Wine & Vineyard Tour near Santorini,Santorini,day trip,217,4.4,adults,6.9
AC-JTR-012,Santorini Hidden Villages Small-Group Tour,Santorini,day trip,196,3.8,small groups,8.2
AC-JTR-013,Santorini Mountain Hike & Viewpoints,Santorini,adventure,133,4.5,active travellers,6.8
AC-JTR-014,Santorini Bike Tour,Santorini,adventure,108,4.5,"active travellers, families",3.5
AC-JTR-015,Santorini Zipline & Ropes Adventure,Santorini,adventure,120,4.7,adventure seekers,3.7
AC-JTR-016,Santorini Rooftop Bar Crawl,Santorini,nightlife,97,4.5,"adults, groups",3.2
AC-JTR-017,Santorini Live Music & Dinner Evening,Santorini,nightlife,184,3.7,"couples, adults",3.6
AC-JTR-018,Santorini Craft & Artisan Workshop,Santorini,class,179,4.7,everyone,3
AC-JTR-019,Santorini Language & Culture Crash Course,Santorini,class,55,4.3,solo travellers,2
AC-JTR-020,Santorini Wellness & Spa Half-Day,Santorini,wellness,263,3.9,couples,4.7
AC-JTR-021,Santorini Sunrise Yoga Session,Santorini,wellness,40,4,everyone,1.1
AC-JTR-022,Santorini Hop-On Hop-Off Bus Pass,Santorini,sightseeing,82,3.8,"families, everyone",6.4
AC-JTR-023,Santorini River & Canal Cruise,Santorini,sightseeing,107,4.2,everyone,1.1
AC-JTR-024,Santorini Observation Deck Skip-the-Line,Santorini,sightseeing,94,3.6,families,1.4
AC-JTR-025,Santorini Street Food Walking Tour — Private Edition,Santorini,food & drink,116,4.2,"couples, foodies",3.4
AC-JTR-026,Santorini Cooking Class with Local Chef — Small Group Edition,Santorini,food & drink,104,4.4,"couples, families",3.2
AC-JTR-027,Santorini Night Market & Tapas Crawl — Small Group Edition,Santorini,food & drink,84,4.3,"adults, groups",3.7
AC-JTR-028,Historic Santorini City Walking Tour — Premium Edition,Santorini,culture,47,4.4,everyone,2.4
AC-JTR-029,Santorini Museum & Gallery Pass — Evening Edition,Santorini,culture,46,4.4,everyone,3.3
AC-JTR-030,Santorini Old Town Photography Tour — Small Group Edition,Santorini,culture,83,4.7,"couples, solo travellers",2.3
AC-JTR-031,Santorini Sunset Cruise — Morning Edition,Santorini,water,204,4.3,"couples, families",2.5
AC-JTR-032,Snorkelling Day Trip from Santorini — Evening Edition,Santorini,water,136,3.6,"families, adventure seekers",7
AC-JTR-033,Santorini Kayak & Coastline Tour — Evening Edition,Santorini,water,104,4,active travellers,3.9
AC-JTR-034,Santorini Countryside Day Trip — Small Group Edition,Santorini,day trip,186,4.5,everyone,8.3
AC-JTR-035,Wine & Vineyard Tour near Santorini — Morning Edition,Santorini,day trip,167,3.5,adults,7.6
AC-JTR-036,Santorini Hidden Villages Small-Group Tour — Evening Edition,Santorini,day trip,260,4,small groups,8.9
AC-KEF-001,Reykjavik Street Food Walking Tour,Reykjavik,food & drink,78,4.9,"couples, foodies",3.2
AC-KEF-002,Reykjavik Cooking Class with Local Chef,Reykjavik,food & drink,198,4.8,"couples, families",3.9
AC-KEF-003,Reykjavik Night Market & Tapas Crawl,Reykjavik,food & drink,95,4.3,"adults, groups",3.6
AC-KEF-004,Historic Reykjavik City Walking Tour,Reykjavik,culture,66,4.8,everyone,2.8
AC-KEF-005,Reykjavik Museum & Gallery Pass,Reykjavik,culture,92,3.8,everyone,3.4
AC-KEF-006,Reykjavik Old Town Photography Tour,Reykjavik,culture,186,3.5,"couples, solo travellers",2.7
AC-KEF-007,Reykjavik Sunset Cruise,Reykjavik,water,300,3.7,"couples, families",2.8
AC-KEF-008,Snorkelling Day Trip from Reykjavik,Reykjavik,water,354,4,"families, adventure seekers",7.4
AC-KEF-009,Reykjavik Kayak & Coastline Tour,Reykjavik,water,171,3.7,active travellers,3.2
AC-KEF-010,Reykjavik Countryside Day Trip,Reykjavik,day trip,342,4.4,everyone,8.2
AC-KEF-011,Wine & Vineyard Tour near Reykjavik,Reykjavik,day trip,416,3.5,adults,6.5
AC-KEF-012,Reykjavik Hidden Villages Small-Group Tour,Reykjavik,day trip,213,4.9,small groups,9
AC-KEF-013,Reykjavik Mountain Hike & Viewpoints,Reykjavik,adventure,138,4.3,active travellers,7.3
AC-KEF-014,Reykjavik Bike Tour,Reykjavik,adventure,135,3.5,"active travellers, families",3.9
AC-KEF-015,Reykjavik Zipline & Ropes Adventure,Reykjavik,adventure,237,4,adventure seekers,3.7
AC-KEF-016,Reykjavik Rooftop Bar Crawl,Reykjavik,nightlife,146,4,"adults, groups",3.5
AC-KEF-017,Reykjavik Live Music & Dinner Evening,Reykjavik,nightlife,252,4.4,"couples, adults",3.5
AC-KEF-018,Reykjavik Craft & Artisan Workshop,Reykjavik,class,191,4.5,everyone,2.8
AC-KEF-019,Reykjavik Language & Culture Crash Course,Reykjavik,class,86,4.6,solo travellers,2.8
AC-KEF-020,Reykjavik Wellness & Spa Half-Day,Reykjavik,wellness,407,3.6,couples,3.2
AC-KEF-021,Reykjavik Sunrise Yoga Session,Reykjavik,wellness,68,3.8,everyone,1.1
AC-KEF-022,Reykjavik Hop-On Hop-Off Bus Pass,Reykjavik,sightseeing,89,3.8,"families, everyone",4.2
AC-KEF-023,Reykjavik River & Canal Cruise,Reykjavik,sightseeing,59,3.5,everyone,1.3
AC-KEF-024,Reykjavik Observation Deck Skip-the-Line,Reykjavik,sightseeing,80,4.1,families,1.1
AC-KEF-025,Reykjavik Street Food Walking Tour — Afternoon Edition,Reykjavik,food & drink,153,4.5,"couples, foodies",2.7
AC-KEF-026,Reykjavik Cooking Class with Local Chef — Evening Edition,Reykjavik,food & drink,240,3.6,"couples, families",3.5
AC-KEF-027,Reykjavik Night Market & Tapas Crawl — Afternoon Edition,Reykjavik,food & drink,134,4.9,"adults, groups",3.5
AC-KEF-028,Historic Reykjavik City Walking Tour — Premium Edition,Reykjavik,culture,102,3.7,everyone,2.8
AC-KEF-029,Reykjavik Museum & Gallery Pass — Premium Edition,Reykjavik,culture,86,4.6,everyone,5.4
AC-KEF-030,Reykjavik Old Town Photography Tour — Small Group Edition,Reykjavik,culture,183,3.7,"couples, solo travellers",3.3
AC-KEF-031,Reykjavik Sunset Cruise — Small Group Edition,Reykjavik,water,207,3.7,"couples, families",2.1
AC-KEF-032,Snorkelling Day Trip from Reykjavik — Morning Edition,Reykjavik,water,311,4.1,"families, adventure seekers",6.1
AC-KEF-033,Reykjavik Kayak & Coastline Tour — Morning Edition,Reykjavik,water,198,3.4,active travellers,3.9
AC-KEF-034,Reykjavik Countryside Day Trip — Small Group Edition,Reykjavik,day trip,273,3.6,everyone,9.7
AC-KEF-035,Wine & Vineyard Tour near Reykjavik — Morning Edition,Reykjavik,day trip,344,4.6,adults,7.1
AC-KEF-036,Reykjavik Hidden Villages Small-Group Tour — Afternoon Edition,Reykjavik,day trip,210,4.2,small groups,8.1
AC-KEF-037,Reykjavik Mountain Hike & Viewpoints — Morning Edition,Reykjavik,adventure,224,4.2,active travellers,5
AC-KEF-038,Reykjavik Bike Tour — Private Edition,Reykjavik,adventure,78,4.2,"active travellers, families",3.2
AC-KEF-039,Reykjavik Zipline & Ropes Adventure — Premium Edition,Reykjavik,adventure,141,4.4,adventure seekers,2.8
AC-KEF-040,Reykjavik Rooftop Bar Crawl — Afternoon Edition,Reykjavik,nightlife,102,4,"adults, groups",3.2
AC-JFK-001,New York Street Food Walking Tour,New York,food & drink,174,3.6,"couples, foodies",3.7
AC-JFK-002,New York Cooking Class with Local Chef,New York,food & drink,268,3.5,"couples, families",3.7
AC-JFK-003,New York Night Market & Tapas Crawl,New York,food & drink,116,4.4,"adults, groups",3.7
AC-JFK-004,Historic New York City Walking Tour,New York,culture,71,4.6,everyone,3.4
AC-JFK-005,New York Museum & Gallery Pass,New York,culture,47,3.9,everyone,4.4
AC-JFK-006,New York Old Town Photography Tour,New York,culture,184,3.8,"couples, solo travellers",2.6
AC-JFK-007,New York Sunset Cruise,New York,water,223,3.4,"couples, families",2.2
AC-JFK-008,Snorkelling Day Trip from New York,New York,water,233,4.4,"families, adventure seekers",6.1
AC-JFK-009,New York Kayak & Coastline Tour,New York,water,205,4.9,active travellers,3.6
AC-JFK-010,New York Countryside Day Trip,New York,day trip,225,4.9,everyone,9
AC-JFK-011,Wine & Vineyard Tour near New York,New York,day trip,484,4.4,adults,6.2
AC-JFK-012,New York Hidden Villages Small-Group Tour,New York,day trip,225,3.6,small groups,7.1
AC-JFK-013,New York Mountain Hike & Viewpoints,New York,adventure,184,4.4,active travellers,7.6
AC-JFK-014,New York Bike Tour,New York,adventure,84,4,"active travellers, families",3.7
AC-JFK-015,New York Zipline & Ropes Adventure,New York,adventure,149,4.4,adventure seekers,2.1
AC-JFK-016,New York Rooftop Bar Crawl,New York,nightlife,169,4,"adults, groups",3.4
AC-JFK-017,New York Live Music & Dinner Evening,New York,nightlife,273,4.1,"couples, adults",3.1
AC-JFK-018,New York Craft & Artisan Workshop,New York,class,189,3.7,everyone,2.5
AC-JFK-019,New York Language & Culture Crash Course,New York,class,88,4.7,solo travellers,2.2
AC-JFK-020,New York Wellness & Spa Half-Day,New York,wellness,178,4.1,couples,3.7
AC-JFK-021,New York Sunrise Yoga Session,New York,wellness,98,3.8,everyone,1.9
AC-JFK-022,New York Hop-On Hop-Off Bus Pass,New York,sightseeing,90,4.9,"families, everyone",6.5
AC-JFK-023,New York River & Canal Cruise,New York,sightseeing,64,4.3,everyone,1.8
AC-JFK-024,New York Observation Deck Skip-the-Line,New York,sightseeing,101,4.3,families,1.6
AC-JFK-025,New York Street Food Walking Tour — Premium Edition,New York,food & drink,183,3.8,"couples, foodies",2.6
AC-JFK-026,New York Cooking Class with Local Chef — Morning Edition,New York,food & drink,260,4.3,"couples, families",3.3
AC-JFK-027,New York Night Market & Tapas Crawl — Premium Edition,New York,food & drink,82,3.8,"adults, groups",3.5
AC-JFK-028,Historic New York City Walking Tour — Afternoon Edition,New York,culture,82,4.9,everyone,3.3
AC-JFK-029,New York Museum & Gallery Pass — Small Group Edition,New York,culture,47,4.9,everyone,3.3
AC-JFK-030,New York Old Town Photography Tour — Afternoon Edition,New York,culture,104,3.5,"couples, solo travellers",2.8
AC-JFK-031,New York Sunset Cruise — Premium Edition,New York,water,109,3.9,"couples, families",2.2
AC-JFK-032,Snorkelling Day Trip from New York — Small Group Edition,New York,water,290,3.9,"families, adventure seekers",6.3
AC-JFK-033,New York Kayak & Coastline Tour — Private Edition,New York,water,161,3.5,active travellers,3.6
AC-JFK-034,New York Countryside Day Trip — Afternoon Edition,New York,day trip,174,4.3,everyone,9.4
AC-JFK-035,Wine & Vineyard Tour near New York — Small Group Edition,New York,day trip,422,4.5,adults,7.9
AC-JFK-036,New York Hidden Villages Small-Group Tour — Premium Edition,New York,day trip,231,4.2,small groups,7.7
AC-JFK-037,New York Mountain Hike & Viewpoints — Morning Edition,New York,adventure,138,3.5,active travellers,6
AC-JFK-038,New York Bike Tour — Private Edition,New York,adventure,99,4.5,"active travellers, families",3.1
AC-JFK-039,New York Zipline & Ropes Adventure — Premium Edition,New York,adventure,191,3.5,adventure seekers,2.8
AC-JFK-040,New York Rooftop Bar Crawl — Afternoon Edition,New York,nightlife,198,4.2,"adults, groups",3.9
AC-JFK-041,New York Live Music & Dinner Evening — Evening Edition,New York,nightlife,146,4,"couples, adults",3.1
AC-JFK-042,New York Craft & Artisan Workshop — Premium Edition,New York,class,172,4.4,everyone,2.9
AC-JFK-043,New York Language & Culture Crash Course — Private Edition,New York,class,109,3.8,solo travellers,2.2
AC-LAX-001,Los Angeles Street Food Walking Tour,Los Angeles,food & drink,122,3.5,"couples, foodies",4
AC-LAX-002,Los Angeles Cooking Class with Local Chef,Los Angeles,food & drink,228,3.9,"couples, families",3.3
AC-LAX-003,Los Angeles Night Market & Tapas Crawl,Los Angeles,food & drink,148,5,"adults, groups",3.6
AC-LAX-004,Historic Los Angeles City Walking Tour,Los Angeles,culture,87,4.1,everyone,2.3
AC-LAX-005,Los Angeles Museum & Gallery Pass,Los Angeles,culture,46,4.2,everyone,3.7
AC-LAX-006,Los Angeles Old Town Photography Tour,Los Angeles,culture,94,3.9,"couples, solo travellers",2.5
AC-LAX-007,Los Angeles Sunset Cruise,Los Angeles,water,199,4.4,"couples, families",2.1
AC-LAX-008,Snorkelling Day Trip from Los Angeles,Los Angeles,water,300,3.5,"families, adventure seekers",6.1
AC-LAX-009,Los Angeles Kayak & Coastline Tour,Los Angeles,water,174,3.5,active travellers,3.2
AC-LAX-010,Los Angeles Countryside Day Trip,Los Angeles,day trip,165,3.6,everyone,9.1
AC-LAX-011,Wine & Vineyard Tour near Los Angeles,Los Angeles,day trip,307,4.8,adults,7.9
AC-LAX-012,Los Angeles Hidden Villages Small-Group Tour,Los Angeles,day trip,213,4.1,small groups,8.9
AC-LAX-013,Los Angeles Mountain Hike & Viewpoints,Los Angeles,adventure,140,5,active travellers,6.5
AC-LAX-014,Los Angeles Bike Tour,Los Angeles,adventure,115,4.4,"active travellers, families",3.8
AC-LAX-015,Los Angeles Zipline & Ropes Adventure,Los Angeles,adventure,147,4.3,adventure seekers,2
AC-LAX-016,Los Angeles Rooftop Bar Crawl,Los Angeles,nightlife,104,4.2,"adults, groups",3.2
AC-LAX-017,Los Angeles Live Music & Dinner Evening,Los Angeles,nightlife,304,3.7,"couples, adults",3.4
AC-LAX-018,Los Angeles Craft & Artisan Workshop,Los Angeles,class,171,4.2,everyone,2.8
AC-LAX-019,Los Angeles Language & Culture Crash Course,Los Angeles,class,70,4.1,solo travellers,2.4
AC-LAX-020,Los Angeles Wellness & Spa Half-Day,Los Angeles,wellness,286,3.7,couples,3.9
AC-LAX-021,Los Angeles Sunrise Yoga Session,Los Angeles,wellness,62,4.8,everyone,1.2
AC-LAX-022,Los Angeles Hop-On Hop-Off Bus Pass,Los Angeles,sightseeing,74,4.8,"families, everyone",5.5
AC-LAX-023,Los Angeles River & Canal Cruise,Los Angeles,sightseeing,104,4.3,everyone,1
AC-LAX-024,Los Angeles Observation Deck Skip-the-Line,Los Angeles,sightseeing,106,4,families,1.9
AC-LAX-025,Los Angeles Street Food Walking Tour — Premium Edition,Los Angeles,food & drink,90,4.5,"couples, foodies",2.7
AC-LAX-026,Los Angeles Cooking Class with Local Chef — Morning Edition,Los Angeles,food & drink,199,3.6,"couples, families",3.8
AC-LAX-027,Los Angeles Night Market & Tapas Crawl — Private Edition,Los Angeles,food & drink,139,3.5,"adults, groups",3.8
AC-LAX-028,Historic Los Angeles City Walking Tour — Afternoon Edition,Los Angeles,culture,90,4.2,everyone,3.4
AC-LAX-029,Los Angeles Museum & Gallery Pass — Private Edition,Los Angeles,culture,108,5,everyone,3.5
AC-LAX-030,Los Angeles Old Town Photography Tour — Evening Edition,Los Angeles,culture,141,4.9,"couples, solo travellers",2.6
AC-LAX-031,Los Angeles Sunset Cruise — Small Group Edition,Los Angeles,water,273,4.7,"couples, families",2.4
AC-LAX-032,Snorkelling Day Trip from Los Angeles — Evening Edition,Los Angeles,water,269,3.6,"families, adventure seekers",6.4
AC-LAX-033,Los Angeles Kayak & Coastline Tour — Afternoon Edition,Los Angeles,water,157,3.7,active travellers,4
AC-LAX-034,Los Angeles Countryside Day Trip — Small Group Edition,Los Angeles,day trip,223,4.4,everyone,8.6
AC-LAX-035,Wine & Vineyard Tour near Los Angeles — Private Edition,Los Angeles,day trip,371,4.8,adults,7.8
AC-LAX-036,Los Angeles Hidden Villages Small-Group Tour — Private Edition,Los Angeles,day trip,283,4,small groups,7.4
AC-LAX-037,Los Angeles Mountain Hike & Viewpoints — Small Group Edition,Los Angeles,adventure,85,4.8,active travellers,6.2
AC-LAX-038,Los Angeles Bike Tour — Evening Edition,Los Angeles,adventure,129,4.8,"active travellers, families",3.2
AC-SFO-001,San Francisco Street Food Walking Tour,San Francisco,food & drink,71,4.2,"couples, foodies",3.5
AC-SFO-002,San Francisco Cooking Class with Local Chef,San Francisco,food & drink,206,5,"couples, families",3.2
AC-SFO-003,San Francisco Night Market & Tapas Crawl,San Francisco,food & drink,87,4.8,"adults, groups",3.9
AC-SFO-004,Historic San Francisco City Walking Tour,San Francisco,culture,62,3.9,everyone,2.9
AC-SFO-005,San Francisco Museum & Gallery Pass,San Francisco,culture,81,4.4,everyone,4.2
AC-SFO-006,San Francisco Old Town Photography Tour,San Francisco,culture,107,3.7,"couples, solo travellers",3.2
AC-SFO-007,San Francisco Sunset Cruise,San Francisco,water,123,3.9,"couples, families",2.2
AC-SFO-008,Snorkelling Day Trip from San Francisco,San Francisco,water,281,4.3,"families, adventure seekers",6.2
AC-SFO-009,San Francisco Kayak & Coastline Tour,San Francisco,water,212,3.5,active travellers,3.3
AC-SFO-010,San Francisco Countryside Day Trip,San Francisco,day trip,216,4.1,everyone,8.3
AC-SFO-011,Wine & Vineyard Tour near San Francisco,San Francisco,day trip,278,4.4,adults,7.9
AC-SFO-012,San Francisco Hidden Villages Small-Group Tour,San Francisco,day trip,240,4.9,small groups,8.6
AC-SFO-013,San Francisco Mountain Hike & Viewpoints,San Francisco,adventure,218,4.1,active travellers,5.4
AC-SFO-014,San Francisco Bike Tour,San Francisco,adventure,158,3.5,"active travellers, families",3.5
AC-SFO-015,San Francisco Zipline & Ropes Adventure,San Francisco,adventure,173,4.9,adventure seekers,2.8
AC-SFO-016,San Francisco Rooftop Bar Crawl,San Francisco,nightlife,149,4,"adults, groups",3.6
AC-SFO-017,San Francisco Live Music & Dinner Evening,San Francisco,nightlife,180,3.8,"couples, adults",3.7
AC-SFO-018,San Francisco Craft & Artisan Workshop,San Francisco,class,161,3.6,everyone,3
AC-SFO-019,San Francisco Language & Culture Crash Course,San Francisco,class,135,3.8,solo travellers,2
AC-SFO-020,San Francisco Wellness & Spa Half-Day,San Francisco,wellness,336,4.2,couples,4.1
AC-SFO-021,San Francisco Sunrise Yoga Session,San Francisco,wellness,77,4.8,everyone,1.3
AC-SFO-022,San Francisco Hop-On Hop-Off Bus Pass,San Francisco,sightseeing,65,4.8,"families, everyone",4.5
AC-SFO-023,San Francisco River & Canal Cruise,San Francisco,sightseeing,107,3.6,everyone,1.9
AC-SFO-024,San Francisco Observation Deck Skip-the-Line,San Francisco,sightseeing,54,4,families,1.2
AC-SFO-025,San Francisco Street Food Walking Tour — Morning Edition,San Francisco,food & drink,105,4.9,"couples, foodies",3.6
AC-SFO-026,San Francisco Cooking Class with Local Chef — Evening Edition,San Francisco,food & drink,213,4.1,"couples, families",3.8
AC-SFO-027,San Francisco Night Market & Tapas Crawl — Evening Edition,San Francisco,food & drink,78,4.5,"adults, groups",3.4
AC-SFO-028,Historic San Francisco City Walking Tour — Evening Edition,San Francisco,culture,38,3.7,everyone,2.6
AC-SFO-029,San Francisco Museum & Gallery Pass — Morning Edition,San Francisco,culture,111,4.3,everyone,3.8
AC-SFO-030,San Francisco Old Town Photography Tour — Afternoon Edition,San Francisco,culture,150,3.7,"couples, solo travellers",2.7
AC-SFO-031,San Francisco Sunset Cruise — Afternoon Edition,San Francisco,water,167,4.3,"couples, families",2.4
AC-SFO-032,Snorkelling Day Trip from San Francisco — Evening Edition,San Francisco,water,321,3.4,"families, adventure seekers",6.7
AC-SFO-033,San Francisco Kayak & Coastline Tour — Private Edition,San Francisco,water,126,3.5,active travellers,3.5
AC-SFO-034,San Francisco Countryside Day Trip — Afternoon Edition,San Francisco,day trip,302,4,everyone,9.7
AC-SFO-035,Wine & Vineyard Tour near San Francisco — Small Group Edition,San Francisco,day trip,206,4.5,adults,7
AC-SFO-036,San Francisco Hidden Villages Small-Group Tour — Evening Edition,San Francisco,day trip,240,4.9,small groups,8.7
AC-SFO-037,San Francisco Mountain Hike & Viewpoints — Premium Edition,San Francisco,adventure,165,4.6,active travellers,4.2
AC-SFO-038,San Francisco Bike Tour — Morning Edition,San Francisco,adventure,137,4.3,"active travellers, families",3.6
AC-SFO-039,San Francisco Zipline & Ropes Adventure — Afternoon Edition,San Francisco,adventure,188,3.9,adventure seekers,3.5
AC-SFO-040,San Francisco Rooftop Bar Crawl — Afternoon Edition,San Francisco,nightlife,191,4.2,"adults, groups",3.9
AC-SFO-041,San Francisco Live Music & Dinner Evening — Morning Edition,San Francisco,nightlife,174,3.9,"couples, adults",3.3
AC-SFO-042,San Francisco Craft & Artisan Workshop — Private Edition,San Francisco,class,209,4.2,everyone,2.1
AC-HNL-001,Honolulu Street Food Walking Tour,Honolulu,food & drink,81,3.7,"couples, foodies",2.9
AC-HNL-002,Honolulu Cooking Class with Local Chef,Honolulu,food & drink,186,3.4,"couples, families",3.9
AC-HNL-003,Honolulu Night Market & Tapas Crawl,Honolulu,food & drink,68,4.1,"adults, groups",3.4
AC-HNL-004,Historic Honolulu City Walking Tour,Honolulu,culture,57,3.5,everyone,3.5
AC-HNL-005,Honolulu Museum & Gallery Pass,Honolulu,culture,122,4.2,everyone,4
AC-HNL-006,Honolulu Old Town Photography Tour,Honolulu,culture,130,3.9,"couples, solo travellers",3.5
AC-HNL-007,Honolulu Sunset Cruise,Honolulu,water,234,4.8,"couples, families",2.7
AC-HNL-008,Snorkelling Day Trip from Honolulu,Honolulu,water,181,3.8,"families, adventure seekers",7.1
AC-HNL-009,Honolulu Kayak & Coastline Tour,Honolulu,water,147,3.7,active travellers,3.4
AC-HNL-010,Honolulu Countryside Day Trip,Honolulu,day trip,311,4.1,everyone,9.4
AC-HNL-011,Wine & Vineyard Tour near Honolulu,Honolulu,day trip,350,4.1,adults,8
AC-HNL-012,Honolulu Hidden Villages Small-Group Tour,Honolulu,day trip,275,4.4,small groups,8.6
AC-HNL-013,Honolulu Mountain Hike & Viewpoints,Honolulu,adventure,96,4.1,active travellers,4.1
AC-HNL-014,Honolulu Bike Tour,Honolulu,adventure,140,4.6,"active travellers, families",3.1
AC-HNL-015,Honolulu Zipline & Ropes Adventure,Honolulu,adventure,205,4.1,adventure seekers,2.4
AC-HNL-016,Honolulu Rooftop Bar Crawl,Honolulu,nightlife,99,3.9,"adults, groups",4
AC-HNL-017,Honolulu Live Music & Dinner Evening,Honolulu,nightlife,270,3.5,"couples, adults",3.8
AC-HNL-018,Honolulu Craft & Artisan Workshop,Honolulu,class,140,4.6,everyone,2.4
AC-HNL-019,Honolulu Language & Culture Crash Course,Honolulu,class,84,4.2,solo travellers,2.9
AC-HNL-020,Honolulu Wellness & Spa Half-Day,Honolulu,wellness,166,4.4,couples,3.7
AC-HNL-021,Honolulu Sunrise Yoga Session,Honolulu,wellness,42,4.1,everyone,1.3
AC-HNL-022,Honolulu Hop-On Hop-Off Bus Pass,Honolulu,sightseeing,59,4.7,"families, everyone",6.5
AC-HNL-023,Honolulu River & Canal Cruise,Honolulu,sightseeing,49,4.8,everyone,1.4
AC-HNL-024,Honolulu Observation Deck Skip-the-Line,Honolulu,sightseeing,53,3.7,families,1.2
AC-HNL-025,Honolulu Street Food Walking Tour — Small Group Edition,Honolulu,food & drink,158,4.7,"couples, foodies",3.4
AC-HNL-026,Honolulu Cooking Class with Local Chef — Afternoon Edition,Honolulu,food & drink,198,4.1,"couples, families",3.2
AC-HNL-027,Honolulu Night Market & Tapas Crawl — Private Edition,Honolulu,food & drink,126,3.6,"adults, groups",3.7
AC-HNL-028,Historic Honolulu City Walking Tour — Premium Edition,Honolulu,culture,81,3.9,everyone,3.3
AC-HNL-029,Honolulu Museum & Gallery Pass — Afternoon Edition,Honolulu,culture,116,4.9,everyone,6
AC-HNL-030,Honolulu Old Town Photography Tour — Premium Edition,Honolulu,culture,104,4.2,"couples, solo travellers",2.8
AC-HNL-031,Honolulu Sunset Cruise — Morning Edition,Honolulu,water,236,3.8,"couples, families",3
AC-HNL-032,Snorkelling Day Trip from Honolulu — Premium Edition,Honolulu,water,146,4.5,"families, adventure seekers",6.4
AC-HNL-033,Honolulu Kayak & Coastline Tour — Afternoon Edition,Honolulu,water,126,4.3,active travellers,3.2
AC-HNL-034,Honolulu Countryside Day Trip — Premium Edition,Honolulu,day trip,340,4.3,everyone,8.8
AC-YVR-001,Vancouver Street Food Walking Tour,Vancouver,food & drink,61,5,"couples, foodies",2.6
AC-YVR-002,Vancouver Cooking Class with Local Chef,Vancouver,food & drink,118,3.9,"couples, families",3
AC-YVR-003,Vancouver Night Market & Tapas Crawl,Vancouver,food & drink,134,3.8,"adults, groups",3.7
AC-YVR-004,Historic Vancouver City Walking Tour,Vancouver,culture,65,3.8,everyone,3.3
AC-YVR-005,Vancouver Museum & Gallery Pass,Vancouver,culture,95,3.4,everyone,4.7
AC-YVR-006,Vancouver Old Town Photography Tour,Vancouver,culture,135,3.6,"couples, solo travellers",3.2
AC-YVR-007,Vancouver Sunset Cruise,Vancouver,water,199,4.9,"couples, families",2.2
AC-YVR-008,Snorkelling Day Trip from Vancouver,Vancouver,water,234,3.5,"families, adventure seekers",7.2
AC-YVR-009,Vancouver Kayak & Coastline Tour,Vancouver,water,158,5,active travellers,3.8
AC-YVR-010,Vancouver Countryside Day Trip,Vancouver,day trip,250,3.6,everyone,8.2
AC-YVR-011,Wine & Vineyard Tour near Vancouver,Vancouver,day trip,229,3.5,adults,6.6
AC-YVR-012,Vancouver Hidden Villages Small-Group Tour,Vancouver,day trip,131,4.9,small groups,7.2
AC-YVR-013,Vancouver Mountain Hike & Viewpoints,Vancouver,adventure,95,3.8,active travellers,6.3
AC-YVR-014,Vancouver Bike Tour,Vancouver,adventure,88,4.1,"active travellers, families",3.9
AC-YVR-015,Vancouver Zipline & Ropes Adventure,Vancouver,adventure,125,4.6,adventure seekers,3.7
AC-YVR-016,Vancouver Rooftop Bar Crawl,Vancouver,nightlife,128,4.6,"adults, groups",3.3
AC-YVR-017,Vancouver Live Music & Dinner Evening,Vancouver,nightlife,166,4,"couples, adults",3.4
AC-YVR-018,Vancouver Craft & Artisan Workshop,Vancouver,class,140,4.6,everyone,2.8
AC-YVR-019,Vancouver Language & Culture Crash Course,Vancouver,class,85,3.4,solo travellers,2.5
AC-YVR-020,Vancouver Wellness & Spa Half-Day,Vancouver,wellness,191,4.9,couples,4.6
AC-YVR-021,Vancouver Sunrise Yoga Session,Vancouver,wellness,64,4.2,everyone,1.9
AC-YVR-022,Vancouver Hop-On Hop-Off Bus Pass,Vancouver,sightseeing,64,4,"families, everyone",5.1
AC-YVR-023,Vancouver River & Canal Cruise,Vancouver,sightseeing,103,3.8,everyone,2.1
AC-YVR-024,Vancouver Observation Deck Skip-the-Line,Vancouver,sightseeing,60,4.8,families,1.3
AC-YVR-025,Vancouver Street Food Walking Tour — Private Edition,Vancouver,food & drink,81,4,"couples, foodies",3.1
AC-YVR-026,Vancouver Cooking Class with Local Chef — Premium Edition,Vancouver,food & drink,154,4.7,"couples, families",4
AC-YVR-027,Vancouver Night Market & Tapas Crawl — Private Edition,Vancouver,food & drink,103,4,"adults, groups",3.8
AC-YVR-028,Historic Vancouver City Walking Tour — Small Group Edition,Vancouver,culture,44,4.4,everyone,3.4
AC-YVR-029,Vancouver Museum & Gallery Pass — Evening Edition,Vancouver,culture,98,3.7,everyone,3.1
AC-YVR-030,Vancouver Old Town Photography Tour — Small Group Edition,Vancouver,culture,119,4,"couples, solo travellers",3.4
AC-YVR-031,Vancouver Sunset Cruise — Afternoon Edition,Vancouver,water,231,3.7,"couples, families",2.6
AC-YVR-032,Snorkelling Day Trip from Vancouver — Morning Edition,Vancouver,water,181,4.5,"families, adventure seekers",7.6
AC-YVR-033,Vancouver Kayak & Coastline Tour — Evening Edition,Vancouver,water,111,4.8,active travellers,3.1
AC-YVR-034,Vancouver Countryside Day Trip — Small Group Edition,Vancouver,day trip,251,3.6,everyone,8.1
AC-YVR-035,Wine & Vineyard Tour near Vancouver — Afternoon Edition,Vancouver,day trip,211,4.1,adults,7.4
AC-YVR-036,Vancouver Hidden Villages Small-Group Tour — Premium Edition,Vancouver,day trip,256,4.3,small groups,7.9
AC-YVR-037,Vancouver Mountain Hike & Viewpoints — Small Group Edition,Vancouver,adventure,196,4.9,active travellers,5.5
AC-YVR-038,Vancouver Bike Tour — Private Edition,Vancouver,adventure,128,3.5,"active travellers, families",3.2
AC-YVR-039,Vancouver Zipline & Ropes Adventure — Small Group Edition,Vancouver,adventure,228,4.3,adventure seekers,2.9
AC-MEX-001,Mexico City Street Food Walking Tour,Mexico City,food & drink,66,4.5,"couples, foodies",2.7
AC-MEX-002,Mexico City Cooking Class with Local Chef,Mexico City,food & drink,79,4.3,"couples, families",3.9
AC-MEX-003,Mexico City Night Market & Tapas Crawl,Mexico City,food & drink,36,4.4,"adults, groups",3.3
AC-MEX-004,Historic Mexico City City Walking Tour,Mexico City,culture,28,4,everyone,2.1
AC-MEX-005,Mexico City Museum & Gallery Pass,Mexico City,culture,38,4.9,everyone,3.1
AC-MEX-006,Mexico City Old Town Photography Tour,Mexico City,culture,73,4.6,"couples, solo travellers",2.4
AC-MEX-007,Mexico City Sunset Cruise,Mexico City,water,60,4.4,"couples, families",2.9
AC-MEX-008,Snorkelling Day Trip from Mexico City,Mexico City,water,141,4,"families, adventure seekers",7.5
AC-MEX-009,Mexico City Kayak & Coastline Tour,Mexico City,water,48,4.2,active travellers,3.3
AC-MEX-010,Mexico City Countryside Day Trip,Mexico City,day trip,158,4.2,everyone,8.6
AC-MEX-011,Wine & Vineyard Tour near Mexico City,Mexico City,day trip,102,3.9,adults,7.1
AC-MEX-012,Mexico City Hidden Villages Small-Group Tour,Mexico City,day trip,97,4.7,small groups,7.6
AC-MEX-013,Mexico City Mountain Hike & Viewpoints,Mexico City,adventure,104,4.5,active travellers,7.1
AC-MEX-014,Mexico City Bike Tour,Mexico City,adventure,36,4.5,"active travellers, families",3.2
AC-MEX-015,Mexico City Zipline & Ropes Adventure,Mexico City,adventure,108,3.4,adventure seekers,2.4
AC-MEX-016,Mexico City Rooftop Bar Crawl,Mexico City,nightlife,65,4.4,"adults, groups",3.8
AC-MEX-017,Mexico City Live Music & Dinner Evening,Mexico City,nightlife,118,4.6,"couples, adults",3.3
AC-MEX-018,Mexico City Craft & Artisan Workshop,Mexico City,class,96,3.8,everyone,2.3
AC-MEX-019,Mexico City Language & Culture Crash Course,Mexico City,class,62,4.1,solo travellers,2.7
AC-MEX-020,Mexico City Wellness & Spa Half-Day,Mexico City,wellness,89,4.5,couples,3.5
AC-MEX-021,Mexico City Sunrise Yoga Session,Mexico City,wellness,34,3.5,everyone,1.9
AC-MEX-022,Mexico City Hop-On Hop-Off Bus Pass,Mexico City,sightseeing,44,3.8,"families, everyone",5.6
AC-MEX-023,Mexico City River & Canal Cruise,Mexico City,sightseeing,62,3.8,everyone,1.5
AC-MEX-024,Mexico City Observation Deck Skip-the-Line,Mexico City,sightseeing,26,3.8,families,1.9
AC-MEX-025,Mexico City Street Food Walking Tour — Small Group Edition,Mexico City,food & drink,83,4.7,"couples, foodies",2.7
AC-MEX-026,Mexico City Cooking Class with Local Chef — Premium Edition,Mexico City,food & drink,105,4.5,"couples, families",3.3
AC-MEX-027,Mexico City Night Market & Tapas Crawl — Evening Edition,Mexico City,food & drink,47,5,"adults, groups",3.6
AC-MEX-028,Historic Mexico City City Walking Tour — Afternoon Edition,Mexico City,culture,33,3.7,everyone,2.8
AC-MEX-029,Mexico City Museum & Gallery Pass — Afternoon Edition,Mexico City,culture,50,4.1,everyone,3.9
AC-MEX-030,Mexico City Old Town Photography Tour — Small Group Edition,Mexico City,culture,89,4.1,"couples, solo travellers",3.4
AC-MEX-031,Mexico City Sunset Cruise — Premium Edition,Mexico City,water,57,3.8,"couples, families",2.9
AC-MEX-032,Snorkelling Day Trip from Mexico City — Small Group Edition,Mexico City,water,98,3.8,"families, adventure seekers",7.8
AC-MEX-033,Mexico City Kayak & Coastline Tour — Premium Edition,Mexico City,water,99,3.9,active travellers,3.9
AC-MEX-034,Mexico City Countryside Day Trip — Private Edition,Mexico City,day trip,186,4.5,everyone,9.7
AC-MEX-035,Wine & Vineyard Tour near Mexico City — Afternoon Edition,Mexico City,day trip,160,3.7,adults,6.4
AC-MEX-036,Mexico City Hidden Villages Small-Group Tour — Evening Edition,Mexico City,day trip,182,4.9,small groups,7.3
AC-MEX-037,Mexico City Mountain Hike & Viewpoints — Morning Edition,Mexico City,adventure,49,3.6,active travellers,7.2
AC-MEX-038,Mexico City Bike Tour — Small Group Edition,Mexico City,adventure,53,3.6,"active travellers, families",3.7
AC-MEX-039,Mexico City Zipline & Ropes Adventure — Premium Edition,Mexico City,adventure,90,3.4,adventure seekers,3.7
AC-MEX-040,Mexico City Rooftop Bar Crawl — Premium Edition,Mexico City,nightlife,82,3.8,"adults, groups",3.7
AC-MEX-041,Mexico City Live Music & Dinner Evening — Afternoon Edition,Mexico City,nightlife,106,4.1,"couples, adults",3.6
AC-MEX-042,Mexico City Craft & Artisan Workshop — Evening Edition,Mexico City,class,75,4.7,everyone,2.1
AC-MEX-043,Mexico City Language & Culture Crash Course — Small Group Edition,Mexico City,class,31,3.7,solo travellers,2.9
AC-CUN-001,Cancun Street Food Walking Tour,Cancun,food & drink,79,4.6,"couples, foodies",2.7
AC-CUN-002,Cancun Cooking Class with Local Chef,Cancun,food & drink,88,3.5,"couples, families",3.8
AC-CUN-003,Cancun Night Market & Tapas Crawl,Cancun,food & drink,60,3.7,"adults, groups",3.5
AC-CUN-004,Historic Cancun City Walking Tour,Cancun,culture,22,4.8,everyone,2.9
AC-CUN-005,Cancun Museum & Gallery Pass,Cancun,culture,27,5,everyone,4.4
AC-CUN-006,Cancun Old Town Photography Tour,Cancun,culture,108,4.2,"couples, solo travellers",3.8
AC-CUN-007,Cancun Sunset Cruise,Cancun,water,145,3.6,"couples, families",2.1
AC-CUN-008,Snorkelling Day Trip from Cancun,Cancun,water,100,3.9,"families, adventure seekers",7.4
AC-CUN-009,Cancun Kayak & Coastline Tour,Cancun,water,118,4.3,active travellers,3
AC-CUN-010,Cancun Countryside Day Trip,Cancun,day trip,120,3.6,everyone,8.2
AC-CUN-011,Wine & Vineyard Tour near Cancun,Cancun,day trip,217,3.8,adults,7.8
AC-CUN-012,Cancun Hidden Villages Small-Group Tour,Cancun,day trip,167,4,small groups,8.5
AC-CUN-013,Cancun Mountain Hike & Viewpoints,Cancun,adventure,98,4.1,active travellers,7.8
AC-CUN-014,Cancun Bike Tour,Cancun,adventure,57,3.6,"active travellers, families",3.8
AC-CUN-015,Cancun Zipline & Ropes Adventure,Cancun,adventure,158,4.4,adventure seekers,3.5
AC-CUN-016,Cancun Rooftop Bar Crawl,Cancun,nightlife,65,3.7,"adults, groups",3.9
AC-CUN-017,Cancun Live Music & Dinner Evening,Cancun,nightlife,167,4.9,"couples, adults",3.6
AC-CUN-018,Cancun Craft & Artisan Workshop,Cancun,class,74,3.7,everyone,2.4
AC-CUN-019,Cancun Language & Culture Crash Course,Cancun,class,53,3.9,solo travellers,2.8
AC-CUN-020,Cancun Wellness & Spa Half-Day,Cancun,wellness,185,3.5,couples,4.5
AC-CUN-021,Cancun Sunrise Yoga Session,Cancun,wellness,35,4.5,everyone,1
AC-CUN-022,Cancun Hop-On Hop-Off Bus Pass,Cancun,sightseeing,34,4,"families, everyone",6.7
AC-CUN-023,Cancun River & Canal Cruise,Cancun,sightseeing,60,4.7,everyone,1.2
AC-CUN-024,Cancun Observation Deck Skip-the-Line,Cancun,sightseeing,45,4.5,families,1.9
AC-CUN-025,Cancun Street Food Walking Tour — Evening Edition,Cancun,food & drink,91,4.9,"couples, foodies",3.9
AC-CUN-026,Cancun Cooking Class with Local Chef — Evening Edition,Cancun,food & drink,150,3.6,"couples, families",3.5
AC-CUN-027,Cancun Night Market & Tapas Crawl — Evening Edition,Cancun,food & drink,58,4.9,"adults, groups",3.8
AC-CUN-028,Historic Cancun City Walking Tour — Evening Edition,Cancun,culture,35,4.3,everyone,2.4
AC-CUN-029,Cancun Museum & Gallery Pass — Morning Edition,Cancun,culture,39,3.9,everyone,5.5
AC-CUN-030,Cancun Old Town Photography Tour — Premium Edition,Cancun,culture,57,3.5,"couples, solo travellers",2.8
AC-CUN-031,Cancun Sunset Cruise — Premium Edition,Cancun,water,169,4.7,"couples, families",2.2
AC-CUN-032,Snorkelling Day Trip from Cancun — Morning Edition,Cancun,water,97,4.2,"families, adventure seekers",7.2
AC-CUN-033,Cancun Kayak & Coastline Tour — Premium Edition,Cancun,water,105,4.5,active travellers,3.8
AC-CUN-034,Cancun Countryside Day Trip — Morning Edition,Cancun,day trip,128,3.9,everyone,8.3
AC-CUN-035,Wine & Vineyard Tour near Cancun — Morning Edition,Cancun,day trip,160,4.8,adults,7.2
AC-CUN-036,Cancun Hidden Villages Small-Group Tour — Private Edition,Cancun,day trip,162,4.9,small groups,7.7
AC-CUN-037,Cancun Mountain Hike & Viewpoints — Evening Edition,Cancun,adventure,75,4.5,active travellers,4.9
AC-CUN-038,Cancun Bike Tour — Private Edition,Cancun,adventure,44,4.4,"active travellers, families",3.9
AC-CUN-039,Cancun Zipline & Ropes Adventure — Small Group Edition,Cancun,adventure,103,3.5,adventure seekers,3.1
AC-CUN-040,Cancun Rooftop Bar Crawl — Evening Edition,Cancun,nightlife,105,4.6,"adults, groups",3.3
AC-CUN-041,Cancun Live Music & Dinner Evening — Small Group Edition,Cancun,nightlife,91,3.5,"couples, adults",3.2
AC-CUZ-001,Cusco Street Food Walking Tour,Cusco,food & drink,44,3.9,"couples, foodies",3.6
AC-CUZ-002,Cusco Cooking Class with Local Chef,Cusco,food & drink,112,3.8,"couples, families",3
AC-CUZ-003,Cusco Night Market & Tapas Crawl,Cusco,food & drink,47,4,"adults, groups",3.3
AC-CUZ-004,Historic Cusco City Walking Tour,Cusco,culture,31,3.5,everyone,3.3
AC-CUZ-005,Cusco Museum & Gallery Pass,Cusco,culture,53,3.7,everyone,5.2
AC-CUZ-006,Cusco Old Town Photography Tour,Cusco,culture,49,4,"couples, solo travellers",2.5
AC-CUZ-007,Cusco Sunset Cruise,Cusco,water,66,3.7,"couples, families",2.1
AC-CUZ-008,Snorkelling Day Trip from Cusco,Cusco,water,75,4.5,"families, adventure seekers",7.3
AC-CUZ-009,Cusco Kayak & Coastline Tour,Cusco,water,73,4.8,active travellers,3.9
AC-CUZ-010,Cusco Countryside Day Trip,Cusco,day trip,79,4.2,everyone,9.5
AC-CUZ-011,Wine & Vineyard Tour near Cusco,Cusco,day trip,153,4.8,adults,7.9
AC-CUZ-012,Cusco Hidden Villages Small-Group Tour,Cusco,day trip,143,4,small groups,8.1
AC-CUZ-013,Cusco Mountain Hike & Viewpoints,Cusco,adventure,79,4.6,active travellers,5.5
AC-CUZ-014,Cusco Bike Tour,Cusco,adventure,67,4,"active travellers, families",3.7
AC-CUZ-015,Cusco Zipline & Ropes Adventure,Cusco,adventure,62,4,adventure seekers,2.6
AC-CUZ-016,Cusco Rooftop Bar Crawl,Cusco,nightlife,40,4.6,"adults, groups",3.8
AC-CUZ-017,Cusco Live Music & Dinner Evening,Cusco,nightlife,140,4,"couples, adults",3.3
AC-CUZ-018,Cusco Craft & Artisan Workshop,Cusco,class,67,5,everyone,2
AC-CUZ-019,Cusco Language & Culture Crash Course,Cusco,class,40,3.8,solo travellers,2.8
AC-CUZ-020,Cusco Wellness & Spa Half-Day,Cusco,wellness,150,4.9,couples,3.6
AC-CUZ-021,Cusco Sunrise Yoga Session,Cusco,wellness,42,3.8,everyone,1.5
AC-CUZ-022,Cusco Hop-On Hop-Off Bus Pass,Cusco,sightseeing,38,4.1,"families, everyone",4.8
AC-CUZ-023,Cusco River & Canal Cruise,Cusco,sightseeing,31,4.4,everyone,2.5
AC-CUZ-024,Cusco Observation Deck Skip-the-Line,Cusco,sightseeing,44,3.5,families,2
AC-CUZ-025,Cusco Street Food Walking Tour — Premium Edition,Cusco,food & drink,54,3.8,"couples, foodies",3.1
AC-CUZ-026,Cusco Cooking Class with Local Chef — Afternoon Edition,Cusco,food & drink,69,3.7,"couples, families",3.3
AC-CUZ-027,Cusco Night Market & Tapas Crawl — Afternoon Edition,Cusco,food & drink,40,4.8,"adults, groups",3.9
AC-CUZ-028,Historic Cusco City Walking Tour — Small Group Edition,Cusco,culture,27,3.4,everyone,3.5
AC-CUZ-029,Cusco Museum & Gallery Pass — Private Edition,Cusco,culture,44,4.8,everyone,3.5
AC-CUZ-030,Cusco Old Town Photography Tour — Afternoon Edition,Cusco,culture,51,3.7,"couples, solo travellers",3.8
AC-CUZ-031,Cusco Sunset Cruise — Small Group Edition,Cusco,water,86,4.6,"couples, families",2.7
AC-CUZ-032,Snorkelling Day Trip from Cusco — Small Group Edition,Cusco,water,70,3.8,"families, adventure seekers",7.7
AC-CUZ-033,Cusco Kayak & Coastline Tour — Afternoon Edition,Cusco,water,72,4.4,active travellers,3.4
AC-CUZ-034,Cusco Countryside Day Trip — Morning Edition,Cusco,day trip,120,4.7,everyone,8.6
AC-CUZ-035,Wine & Vineyard Tour near Cusco — Morning Edition,Cusco,day trip,142,3.9,adults,7.1
AC-CUZ-036,Cusco Hidden Villages Small-Group Tour — Evening Edition,Cusco,day trip,129,3.4,small groups,8.3
AC-EZE-001,Buenos Aires Street Food Walking Tour,Buenos Aires,food & drink,46,4.1,"couples, foodies",3.3
AC-EZE-002,Buenos Aires Cooking Class with Local Chef,Buenos Aires,food & drink,57,3.6,"couples, families",3.9
AC-EZE-003,Buenos Aires Night Market & Tapas Crawl,Buenos Aires,food & drink,36,4.9,"adults, groups",3.7
AC-EZE-004,Historic Buenos Aires City Walking Tour,Buenos Aires,culture,41,4.7,everyone,3.4
AC-EZE-005,Buenos Aires Museum & Gallery Pass,Buenos Aires,culture,36,3.8,everyone,5.6
AC-EZE-006,Buenos Aires Old Town Photography Tour,Buenos Aires,culture,48,4.2,"couples, solo travellers",2.3
AC-EZE-007,Buenos Aires Sunset Cruise,Buenos Aires,water,117,4,"couples, families",2.8
AC-EZE-008,Snorkelling Day Trip from Buenos Aires,Buenos Aires,water,118,4,"families, adventure seekers",6.5
AC-EZE-009,Buenos Aires Kayak & Coastline Tour,Buenos Aires,water,98,3.6,active travellers,3.6
AC-EZE-010,Buenos Aires Countryside Day Trip,Buenos Aires,day trip,79,3.8,everyone,8.3
AC-EZE-011,Wine & Vineyard Tour near Buenos Aires,Buenos Aires,day trip,139,4.1,adults,6.6
AC-EZE-012,Buenos Aires Hidden Villages Small-Group Tour,Buenos Aires,day trip,122,3.9,small groups,8.9
AC-EZE-013,Buenos Aires Mountain Hike & Viewpoints,Buenos Aires,adventure,79,4.2,active travellers,4.8
AC-EZE-014,Buenos Aires Bike Tour,Buenos Aires,adventure,60,4.2,"active travellers, families",3.8
AC-EZE-015,Buenos Aires Zipline & Ropes Adventure,Buenos Aires,adventure,70,4.2,adventure seekers,3.8
AC-EZE-016,Buenos Aires Rooftop Bar Crawl,Buenos Aires,nightlife,85,3.9,"adults, groups",3
AC-EZE-017,Buenos Aires Live Music & Dinner Evening,Buenos Aires,nightlife,114,3.9,"couples, adults",3.9
AC-EZE-018,Buenos Aires Craft & Artisan Workshop,Buenos Aires,class,62,3.6,everyone,2.7
AC-EZE-019,Buenos Aires Language & Culture Crash Course,Buenos Aires,class,34,5,solo travellers,2.2
AC-EZE-020,Buenos Aires Wellness & Spa Half-Day,Buenos Aires,wellness,141,4.2,couples,4.5
AC-EZE-021,Buenos Aires Sunrise Yoga Session,Buenos Aires,wellness,38,4.3,everyone,1.3
AC-EZE-022,Buenos Aires Hop-On Hop-Off Bus Pass,Buenos Aires,sightseeing,46,4,"families, everyone",5.1
AC-EZE-023,Buenos Aires River & Canal Cruise,Buenos Aires,sightseeing,41,4.2,everyone,1.8
AC-EZE-024,Buenos Aires Observation Deck Skip-the-Line,Buenos Aires,sightseeing,31,4.4,families,1.2
AC-EZE-025,Buenos Aires Street Food Walking Tour — Private Edition,Buenos Aires,food & drink,71,4.3,"couples, foodies",3
AC-EZE-026,Buenos Aires Cooking Class with Local Chef — Premium Edition,Buenos Aires,food & drink,58,3.8,"couples, families",3.9
AC-EZE-027,Buenos Aires Night Market & Tapas Crawl — Private Edition,Buenos Aires,food & drink,47,3.8,"adults, groups",3.8
AC-EZE-028,Historic Buenos Aires City Walking Tour — Premium Edition,Buenos Aires,culture,31,3.6,everyone,2.7
AC-EZE-029,Buenos Aires Museum & Gallery Pass — Morning Edition,Buenos Aires,culture,34,4.6,everyone,5.4
AC-EZE-030,Buenos Aires Old Town Photography Tour — Morning Edition,Buenos Aires,culture,83,4.9,"couples, solo travellers",2.1
AC-EZE-031,Buenos Aires Sunset Cruise — Private Edition,Buenos Aires,water,101,3.5,"couples, families",2.7
AC-EZE-032,Snorkelling Day Trip from Buenos Aires — Evening Edition,Buenos Aires,water,80,3.8,"families, adventure seekers",7
AC-EZE-033,Buenos Aires Kayak & Coastline Tour — Premium Edition,Buenos Aires,water,85,4.4,active travellers,3.7
AC-EZE-034,Buenos Aires Countryside Day Trip — Small Group Edition,Buenos Aires,day trip,151,4.9,everyone,8.2
AC-EZE-035,Wine & Vineyard Tour near Buenos Aires — Evening Edition,Buenos Aires,day trip,175,4.2,adults,6.8
AC-EZE-036,Buenos Aires Hidden Villages Small-Group Tour — Evening Edition,Buenos Aires,day trip,172,3.7,small groups,8.2
AC-EZE-037,Buenos Aires Mountain Hike & Viewpoints — Afternoon Edition,Buenos Aires,adventure,83,4.1,active travellers,6.7
AC-EZE-038,Buenos Aires Bike Tour — Premium Edition,Buenos Aires,adventure,43,4.2,"active travellers, families",3.7
AC-GIG-001,Rio de Janeiro Street Food Walking Tour,Rio de Janeiro,food & drink,90,4.2,"couples, foodies",3.8
AC-GIG-002,Rio de Janeiro Cooking Class with Local Chef,Rio de Janeiro,food & drink,119,3.6,"couples, families",3.4
AC-GIG-003,Rio de Janeiro Night Market & Tapas Crawl,Rio de Janeiro,food & drink,51,4.4,"adults, groups",3.4
AC-GIG-004,Historic Rio de Janeiro City Walking Tour,Rio de Janeiro,culture,27,4,everyone,2.1
AC-GIG-005,Rio de Janeiro Museum & Gallery Pass,Rio de Janeiro,culture,56,4.4,everyone,4.7
AC-GIG-006,Rio de Janeiro Old Town Photography Tour,Rio de Janeiro,culture,91,4.6,"couples, solo travellers",2.6
AC-GIG-007,Rio de Janeiro Sunset Cruise,Rio de Janeiro,water,144,4.7,"couples, families",2.8
AC-GIG-008,Snorkelling Day Trip from Rio de Janeiro,Rio de Janeiro,water,130,4.4,"families, adventure seekers",6.5
AC-GIG-009,Rio de Janeiro Kayak & Coastline Tour,Rio de Janeiro,water,68,4.1,active travellers,3.4
AC-GIG-010,Rio de Janeiro Countryside Day Trip,Rio de Janeiro,day trip,83,4.6,everyone,9.1
AC-GIG-011,Wine & Vineyard Tour near Rio de Janeiro,Rio de Janeiro,day trip,110,3.6,adults,8
AC-GIG-012,Rio de Janeiro Hidden Villages Small-Group Tour,Rio de Janeiro,day trip,79,4.4,small groups,8
AC-GIG-013,Rio de Janeiro Mountain Hike & Viewpoints,Rio de Janeiro,adventure,47,3.7,active travellers,7.6
AC-GIG-014,Rio de Janeiro Bike Tour,Rio de Janeiro,adventure,60,5,"active travellers, families",4
AC-GIG-015,Rio de Janeiro Zipline & Ropes Adventure,Rio de Janeiro,adventure,104,3.5,adventure seekers,2
AC-GIG-016,Rio de Janeiro Rooftop Bar Crawl,Rio de Janeiro,nightlife,98,4.8,"adults, groups",3.2
AC-GIG-017,Rio de Janeiro Live Music & Dinner Evening,Rio de Janeiro,nightlife,164,4,"couples, adults",3.5
AC-GIG-018,Rio de Janeiro Craft & Artisan Workshop,Rio de Janeiro,class,96,4.6,everyone,2.7
AC-GIG-019,Rio de Janeiro Language & Culture Crash Course,Rio de Janeiro,class,68,3.8,solo travellers,2
AC-GIG-020,Rio de Janeiro Wellness & Spa Half-Day,Rio de Janeiro,wellness,225,4.9,couples,3.3
AC-GIG-021,Rio de Janeiro Sunrise Yoga Session,Rio de Janeiro,wellness,39,4.3,everyone,1.8
AC-GIG-022,Rio de Janeiro Hop-On Hop-Off Bus Pass,Rio de Janeiro,sightseeing,47,3.7,"families, everyone",6.1
AC-GIG-023,Rio de Janeiro River & Canal Cruise,Rio de Janeiro,sightseeing,47,4.5,everyone,1.1
AC-GIG-024,Rio de Janeiro Observation Deck Skip-the-Line,Rio de Janeiro,sightseeing,35,3.9,families,1.8
AC-GIG-025,Rio de Janeiro Street Food Walking Tour — Premium Edition,Rio de Janeiro,food & drink,77,4.2,"couples, foodies",3.6
AC-GIG-026,Rio de Janeiro Cooking Class with Local Chef — Small Group Edition,Rio de Janeiro,food & drink,105,4.6,"couples, families",3.5
AC-GIG-027,Rio de Janeiro Night Market & Tapas Crawl — Private Edition,Rio de Janeiro,food & drink,45,4.7,"adults, groups",3.7
AC-GIG-028,Historic Rio de Janeiro City Walking Tour — Small Group Edition,Rio de Janeiro,culture,30,4.8,everyone,3
AC-GIG-029,Rio de Janeiro Museum & Gallery Pass — Evening Edition,Rio de Janeiro,culture,65,4.1,everyone,5.2
AC-GIG-030,Rio de Janeiro Old Town Photography Tour — Morning Edition,Rio de Janeiro,culture,105,4,"couples, solo travellers",3.6
AC-GIG-031,Rio de Janeiro Sunset Cruise — Premium Edition,Rio de Janeiro,water,150,4.8,"couples, families",2.9
AC-GIG-032,Snorkelling Day Trip from Rio de Janeiro — Private Edition,Rio de Janeiro,water,91,4.2,"families, adventure seekers",7.8
AC-GIG-033,Rio de Janeiro Kayak & Coastline Tour — Evening Edition,Rio de Janeiro,water,106,3.6,active travellers,3.8
AC-GIG-034,Rio de Janeiro Countryside Day Trip — Small Group Edition,Rio de Janeiro,day trip,185,4.4,everyone,8.1
AC-GIG-035,Wine & Vineyard Tour near Rio de Janeiro — Evening Edition,Rio de Janeiro,day trip,188,3.7,adults,6.8
AC-GIG-036,Rio de Janeiro Hidden Villages Small-Group Tour — Private Edition,Rio de Janeiro,day trip,185,4.7,small groups,7.7
AC-GIG-037,Rio de Janeiro Mountain Hike & Viewpoints — Afternoon Edition,Rio de Janeiro,adventure,49,4.7,active travellers,4.9
AC-GIG-038,Rio de Janeiro Bike Tour — Evening Edition,Rio de Janeiro,adventure,68,4.9,"active travellers, families",3
AC-GIG-039,Rio de Janeiro Zipline & Ropes Adventure — Private Edition,Rio de Janeiro,adventure,114,3.8,adventure seekers,3.4
AC-GIG-040,Rio de Janeiro Rooftop Bar Crawl — Morning Edition,Rio de Janeiro,nightlife,90,3.4,"adults, groups",3
AC-GIG-041,Rio de Janeiro Live Music & Dinner Evening — Afternoon Edition,Rio de Janeiro,nightlife,148,3.8,"couples, adults",3.1
AC-GIG-042,Rio de Janeiro Craft & Artisan Workshop — Morning Edition,Rio de Janeiro,class,77,4,everyone,2.4
AC-GIG-043,Rio de Janeiro Language & Culture Crash Course — Premium Edition,Rio de Janeiro,class,45,3.7,solo travellers,2.5
AC-MDE-001,Medellin Street Food Walking Tour,Medellin,food & drink,67,4.4,"couples, foodies",3.3
AC-MDE-002,Medellin Cooking Class with Local Chef,Medellin,food & drink,75,4.9,"couples, families",3.3
AC-MDE-003,Medellin Night Market & Tapas Crawl,Medellin,food & drink,45,4.7,"adults, groups",3.2
AC-MDE-004,Historic Medellin City Walking Tour,Medellin,culture,42,4.6,everyone,3.4
AC-MDE-005,Medellin Museum & Gallery Pass,Medellin,culture,28,4.5,everyone,4.2
AC-MDE-006,Medellin Old Town Photography Tour,Medellin,culture,62,4.4,"couples, solo travellers",3.1
AC-MDE-007,Medellin Sunset Cruise,Medellin,water,92,4,"couples, families",2.2
AC-MDE-008,Snorkelling Day Trip from Medellin,Medellin,water,97,4.3,"families, adventure seekers",7.3
AC-MDE-009,Medellin Kayak & Coastline Tour,Medellin,water,73,4.9,active travellers,3.4
AC-MDE-010,Medellin Countryside Day Trip,Medellin,day trip,94,4.3,everyone,9.6
AC-MDE-011,Wine & Vineyard Tour near Medellin,Medellin,day trip,91,4.6,adults,7.8
AC-MDE-012,Medellin Hidden Villages Small-Group Tour,Medellin,day trip,61,4.3,small groups,7.8
AC-MDE-013,Medellin Mountain Hike & Viewpoints,Medellin,adventure,45,4.3,active travellers,4.6
AC-MDE-014,Medellin Bike Tour,Medellin,adventure,59,4.1,"active travellers, families",3.1
AC-MDE-015,Medellin Zipline & Ropes Adventure,Medellin,adventure,82,3.6,adventure seekers,2.9
AC-MDE-016,Medellin Rooftop Bar Crawl,Medellin,nightlife,48,4.9,"adults, groups",3.1
AC-MDE-017,Medellin Live Music & Dinner Evening,Medellin,nightlife,119,4.2,"couples, adults",3.3
AC-MDE-018,Medellin Craft & Artisan Workshop,Medellin,class,62,4.2,everyone,2.6
AC-MDE-019,Medellin Language & Culture Crash Course,Medellin,class,52,4.6,solo travellers,2.9
AC-MDE-020,Medellin Wellness & Spa Half-Day,Medellin,wellness,134,3.6,couples,4.6
AC-MDE-021,Medellin Sunrise Yoga Session,Medellin,wellness,36,4,everyone,1.7
AC-MDE-022,Medellin Hop-On Hop-Off Bus Pass,Medellin,sightseeing,37,4.6,"families, everyone",7.8
AC-MDE-023,Medellin River & Canal Cruise,Medellin,sightseeing,42,4.6,everyone,1.2
AC-MDE-024,Medellin Observation Deck Skip-the-Line,Medellin,sightseeing,47,4.7,families,1.8
AC-MDE-025,Medellin Street Food Walking Tour — Small Group Edition,Medellin,food & drink,71,4.3,"couples, foodies",2.7
AC-MDE-026,Medellin Cooking Class with Local Chef — Private Edition,Medellin,food & drink,95,4.9,"couples, families",3
AC-MDE-027,Medellin Night Market & Tapas Crawl — Private Edition,Medellin,food & drink,52,4.2,"adults, groups",3.7
AC-MDE-028,Historic Medellin City Walking Tour — Afternoon Edition,Medellin,culture,42,4.1,everyone,2.9
AC-MDE-029,Medellin Museum & Gallery Pass — Afternoon Edition,Medellin,culture,23,3.7,everyone,3.5
AC-MDE-030,Medellin Old Town Photography Tour — Small Group Edition,Medellin,culture,82,3.8,"couples, solo travellers",2.1
AC-MDE-031,Medellin Sunset Cruise — Premium Edition,Medellin,water,104,4.6,"couples, families",2.9
AC-MDE-032,Snorkelling Day Trip from Medellin — Private Edition,Medellin,water,93,4.4,"families, adventure seekers",6.2
AC-MDE-033,Medellin Kayak & Coastline Tour — Morning Edition,Medellin,water,89,3.6,active travellers,3.8
AC-MDE-034,Medellin Countryside Day Trip — Morning Edition,Medellin,day trip,168,4.5,everyone,9.9
AC-MDE-035,Wine & Vineyard Tour near Medellin — Private Edition,Medellin,day trip,126,4.6,adults,6.5
AC-MDE-036,Medellin Hidden Villages Small-Group Tour — Small Group Edition,Medellin,day trip,143,4.1,small groups,7
AC-MDE-037,Medellin Mountain Hike & Viewpoints — Small Group Edition,Medellin,adventure,88,4.6,active travellers,4.8
AC-MDE-038,Medellin Bike Tour — Premium Edition,Medellin,adventure,46,4.4,"active travellers, families",3.9
AC-MDE-039,Medellin Zipline & Ropes Adventure — Afternoon Edition,Medellin,adventure,62,3.5,adventure seekers,3.9
AC-MDE-040,Medellin Rooftop Bar Crawl — Afternoon Edition,Medellin,nightlife,63,3.6,"adults, groups",3.7
AC-MDE-041,Medellin Live Music & Dinner Evening — Afternoon Edition,Medellin,nightlife,122,4.7,"couples, adults",3.7
AC-MDE-042,Medellin Craft & Artisan Workshop — Private Edition,Medellin,class,85,4.5,everyone,2.1
