hotel_id,hotel_name,city,country,star_rating,room_type,amenities,price_per_night_aud
HT-SYD-001,The Sydney Boutique,Sydney,Australia,4.8,Executive Suite,"beach access, bar, breakfast included, restaurant",872
HT-SYD-002,Marriott Sydney,Sydney,Australia,5,Deluxe King,"beach access, gym, spa, kids club",862
HT-SYD-003,The Old Town Inn Sydney,Sydney,Australia,3.5,Deluxe King,"spa, wifi, rooftop terrace, breakfast included, bar, restaurant",330
HT-SYD-004,InterContinental Sydney,Sydney,Australia,4.6,Deluxe King,"pool, kids club, spa",545
HT-SYD-005,Shangri-La Sydney,Sydney,Australia,4.8,Junior Suite,"restaurant, airport shuttle, bar",737
HT-SYD-006,Four Seasons Sydney,Sydney,Australia,4.9,Superior Queen,"airport shuttle, wifi, rooftop terrace, pool, kids club",713
HT-SYD-007,Sheraton Sydney,Sydney,Australia,3.8,Standard Double,"restaurant, gym, parking, wifi, rooftop terrace",496
HT-SYD-008,The Old Town Inn Sydney Annex,Sydney,Australia,4.8,Superior Queen,"rooftop terrace, breakfast included, spa, parking, airport shuttle",893
HT-SYD-009,Radisson Blu Sydney,Sydney,Australia,3.7,Executive Suite,"wifi, pool, restaurant, gym, airport shuttle, spa",519
HT-SYD-010,The Sydney Boutique Annex,Sydney,Australia,4.7,Family Room,"pool, restaurant, parking, bar",696
HT-SYD-011,Holiday Inn Sydney,Sydney,Australia,3.3,Family Room,"breakfast included, airport shuttle, pool, kids club, beach access, parking",311
HT-SYD-012,Sydney Harbour Suites,Sydney,Australia,3.7,Junior Suite,"gym, bar, airport shuttle, restaurant",564
HT-SYD-013,ibis Sydney,Sydney,Australia,2.3,Deluxe King,"wifi, pool, rooftop terrace",278
HT-SYD-014,Hotel Sydney Central,Sydney,Australia,2.9,Twin Room,"parking, breakfast included, beach access, spa",334
HT-SYD-015,The Old Town Inn Sydney East,Sydney,Australia,3.4,Twin Room,"spa, breakfast included, kids club, pool, wifi, restaurant",440
HT-SYD-016,Hotel Sydney Central II,Sydney,Australia,4.4,Standard Double,"kids club, rooftop terrace, beach access, spa, pool",656
HT-SYD-017,Casa Sydney,Sydney,Australia,4.9,Standard Double,"bar, spa, pool, breakfast included, kids club",654
HT-SYD-018,Villa Sydney,Sydney,Australia,4.5,Junior Suite,"gym, parking, breakfast included, rooftop terrace, restaurant, bar",790
HT-SYD-019,The Sydney House,Sydney,Australia,4.7,Family Room,"wifi, spa, bar, breakfast included",867
HT-SYD-020,Villa Sydney Riverside,Sydney,Australia,4.1,Junior Suite,"restaurant, rooftop terrace, airport shuttle, bar, beach access",457
HT-SYD-021,Villa Sydney West,Sydney,Australia,3.7,Junior Suite,"wifi, kids club, beach access, restaurant",411
HT-SYD-022,The Old Town Inn Sydney West,Sydney,Australia,3.5,Twin Room,"pool, restaurant, wifi, airport shuttle",502
HT-SYD-023,The Sydney Boutique Annex,Sydney,Australia,3.5,Twin Room,"parking, rooftop terrace, bar",478
HT-SYD-024,Sydney Garden Residence,Sydney,Australia,4.4,Executive Suite,"airport shuttle, wifi, parking, beach access, breakfast included",692
HT-SYD-025,The Grand Sydney Hotel,Sydney,Australia,3.6,Superior Queen,"restaurant, bar, airport shuttle, gym",362
HT-SYD-026,The Old Town Inn Sydney II,Sydney,Australia,3.3,Standard Double,"bar, spa, wifi, pool",476
HT-SYD-027,The Terrace Sydney,Sydney,Australia,3.1,Executive Suite,"wifi, pool, parking, rooftop terrace, breakfast included, restaurant",312
HT-SYD-028,The Old Town Inn Sydney East,Sydney,Australia,3,Family Room,"spa, restaurant, rooftop terrace, bar, airport shuttle, breakfast included",281
HT-SYD-029,Villa Sydney Annex,Sydney,Australia,4.7,Superior Queen,"gym, pool, beach access",689
HT-SYD-030,The Sydney Boutique West,Sydney,Australia,4.9,Executive Suite,"wifi, rooftop terrace, kids club, pool, gym",596
HT-SYD-031,Villa Sydney II,Sydney,Australia,4,Superior Queen,"kids club, wifi, rooftop terrace, pool, gym, beach access",654
HT-SYD-032,The Sydney House II,Sydney,Australia,2.8,Deluxe King,"bar, wifi, parking, airport shuttle",276
HT-SYD-033,The Old Town Inn Sydney II,Sydney,Australia,3,Family Room,"beach access, kids club, restaurant, bar, breakfast included, pool",316
HT-SYD-034,The Old Town Inn Sydney Riverside,Sydney,Australia,4.9,Twin Room,"pool, kids club, wifi",824
HT-MEL-001,Hilton Melbourne,Melbourne,Australia,4.7,Twin Room,"restaurant, airport shuttle, parking",714
HT-MEL-002,Marriott Melbourne,Melbourne,Australia,4.7,Family Room,"breakfast included, restaurant, bar, airport shuttle, rooftop terrace, wifi",694
HT-MEL-003,Hyatt Regency Melbourne,Melbourne,Australia,4.9,Standard Double,"airport shuttle, beach access, pool, wifi",572
HT-MEL-004,InterContinental Melbourne,Melbourne,Australia,5,Twin Room,"rooftop terrace, restaurant, parking, wifi, breakfast included",644
HT-MEL-005,Shangri-La Melbourne,Melbourne,Australia,4.8,Junior Suite,"spa, restaurant, wifi, airport shuttle, bar",619
HT-MEL-006,Melbourne Harbour Suites,Melbourne,Australia,3.3,Family Room,"wifi, airport shuttle, beach access, breakfast included",359
HT-MEL-007,The Terrace Melbourne,Melbourne,Australia,4.5,Standard Double,"spa, gym, bar, pool",485
HT-MEL-008,The Grand Melbourne Hotel,Melbourne,Australia,3.4,Executive Suite,"kids club, breakfast included, beach access, spa, restaurant",453
HT-MEL-009,The Melbourne House,Melbourne,Australia,2.9,Twin Room,"spa, wifi, bar",332
HT-MEL-010,Hotel Melbourne Central,Melbourne,Australia,2.7,Twin Room,"airport shuttle, wifi, pool, parking, gym, spa",286
HT-MEL-011,Melbourne Harbour Suites West,Melbourne,Australia,3,Twin Room,"spa, wifi, beach access, pool, parking",316
HT-MEL-012,Mercure Melbourne,Melbourne,Australia,3.7,Executive Suite,"kids club, gym, breakfast included, wifi",403
HT-MEL-013,Villa Melbourne,Melbourne,Australia,3.7,Junior Suite,"restaurant, beach access, rooftop terrace, kids club, wifi, pool",351
HT-MEL-014,ibis Styles Melbourne,Melbourne,Australia,2.6,Family Room,"kids club, bar, spa, breakfast included, gym",318
HT-MEL-015,Travelodge Melbourne,Melbourne,Australia,2.1,Family Room,"bar, rooftop terrace, beach access, gym, wifi",241
HT-MEL-016,Melbourne Garden Residence,Melbourne,Australia,4.6,Junior Suite,"airport shuttle, restaurant, gym, bar, kids club",555
HT-MEL-017,Hotel Melbourne Central Riverside,Melbourne,Australia,3.7,Twin Room,"gym, wifi, rooftop terrace, parking, bar, pool",555
HT-MEL-018,The Melbourne Boutique,Melbourne,Australia,3.9,Executive Suite,"wifi, breakfast included, rooftop terrace",521
HT-MEL-019,The Grand Melbourne Hotel II,Melbourne,Australia,4.1,Family Room,"wifi, pool, rooftop terrace, airport shuttle, gym",505
HT-MEL-020,The Melbourne House East,Melbourne,Australia,4.9,Superior Queen,"restaurant, gym, spa, bar, pool",727
HT-MEL-021,Melbourne Harbour Suites West,Melbourne,Australia,2.8,Deluxe King,"restaurant, wifi, breakfast included, pool",248
HT-MEL-022,The Melbourne Boutique Annex,Melbourne,Australia,3.2,Superior Queen,"restaurant, parking, wifi, spa",435
HT-MEL-023,The Melbourne House Riverside,Melbourne,Australia,3.1,Standard Double,"beach access, spa, wifi, breakfast included, airport shuttle, bar",352
HT-MEL-024,The Melbourne Boutique East,Melbourne,Australia,4.9,Twin Room,"pool, wifi, rooftop terrace, bar",671
HT-MEL-025,The Melbourne House Riverside,Melbourne,Australia,3.4,Family Room,"spa, rooftop terrace, parking, beach access",471
HT-MEL-026,The Melbourne Boutique Annex,Melbourne,Australia,3,Deluxe King,"beach access, breakfast included, bar, rooftop terrace, parking",402
HT-MEL-027,The Grand Melbourne Hotel East,Melbourne,Australia,4.6,Deluxe King,"wifi, bar, parking, breakfast included, restaurant",612
HT-MEL-028,The Grand Melbourne Hotel II,Melbourne,Australia,4.1,Executive Suite,"bar, restaurant, wifi, pool, airport shuttle, kids club",500
HT-MEL-029,Villa Melbourne II,Melbourne,Australia,4.3,Junior Suite,"gym, spa, kids club, airport shuttle, parking",560
HT-MEL-030,Melbourne Harbour Suites Riverside,Melbourne,Australia,3.9,Deluxe King,"spa, bar, beach access, parking, wifi, gym",545
HT-MEL-031,The Terrace Melbourne East,Melbourne,Australia,3.6,Deluxe King,"wifi, restaurant, breakfast included",402
HT-MEL-032,Casa Melbourne,Melbourne,Australia,4.9,Deluxe King,"breakfast included, restaurant, bar",875
HT-MEL-033,The Old Town Inn Melbourne,Melbourne,Australia,3.4,Standard Double,"gym, airport shuttle, wifi, bar",324
HT-MEL-034,Melbourne Harbour Suites Annex,Melbourne,Australia,3.8,Executive Suite,"kids club, bar, pool, wifi",476
HT-BNE-001,Hilton Brisbane,Brisbane,Australia,5,Deluxe King,"restaurant, spa, kids club",825
HT-BNE-002,Marriott Brisbane,Brisbane,Australia,4.8,Junior Suite,"wifi, pool, gym, beach access, restaurant",543
HT-BNE-003,Brisbane Garden Residence,Brisbane,Australia,3.1,Family Room,"rooftop terrace, bar, beach access",293
HT-BNE-004,InterContinental Brisbane,Brisbane,Australia,4.9,Junior Suite,"restaurant, bar, rooftop terrace, airport shuttle, spa, wifi",815
HT-BNE-005,Casa Brisbane,Brisbane,Australia,2.9,Twin Room,"wifi, airport shuttle, pool",251
HT-BNE-006,Four Seasons Brisbane,Brisbane,Australia,5,Twin Room,"beach access, breakfast included, bar, spa",832
HT-BNE-007,The Terrace Brisbane,Brisbane,Australia,4,Deluxe King,"restaurant, wifi, pool, breakfast included, bar, parking",494
HT-BNE-008,Crowne Plaza Brisbane,Brisbane,Australia,4.3,Junior Suite,"parking, breakfast included, kids club, airport shuttle",431
HT-BNE-009,Brisbane Harbour Suites,Brisbane,Australia,3.3,Executive Suite,"beach access, wifi, spa, airport shuttle, breakfast included, pool",274
HT-BNE-010,Novotel Brisbane,Brisbane,Australia,4.5,Junior Suite,"wifi, pool, bar",506
HT-BNE-011,Holiday Inn Brisbane,Brisbane,Australia,3,Superior Queen,"kids club, wifi, bar, spa, parking",275
HT-BNE-012,Mercure Brisbane,Brisbane,Australia,3,Junior Suite,"parking, pool, wifi, beach access, bar, breakfast included",255
HT-BNE-013,Hotel Brisbane Central,Brisbane,Australia,4.1,Twin Room,"gym, bar, restaurant, pool",402
HT-BNE-014,Hotel Brisbane Central East,Brisbane,Australia,3.7,Executive Suite,"breakfast included, rooftop terrace, beach access",350
HT-BNE-015,The Brisbane Boutique,Brisbane,Australia,4.5,Standard Double,"wifi, gym, parking, rooftop terrace",701
HT-BNE-016,Casa Brisbane II,Brisbane,Australia,3.3,Executive Suite,"restaurant, breakfast included, beach access, kids club, airport shuttle",415
HT-BNE-017,The Brisbane House,Brisbane,Australia,3.9,Standard Double,"wifi, bar, spa, rooftop terrace, restaurant, kids club",551
HT-BNE-018,The Old Town Inn Brisbane,Brisbane,Australia,4.5,Twin Room,"spa, gym, restaurant, airport shuttle, pool, breakfast included",717
HT-BNE-019,The Old Town Inn Brisbane II,Brisbane,Australia,4.1,Junior Suite,"wifi, bar, parking, beach access, restaurant, airport shuttle",534
HT-BNE-020,The Old Town Inn Brisbane II,Brisbane,Australia,4.6,Junior Suite,"wifi, pool, gym",474
HT-BNE-021,The Terrace Brisbane West,Brisbane,Australia,3.3,Junior Suite,"wifi, pool, parking",415
HT-BNE-022,Brisbane Garden Residence Riverside,Brisbane,Australia,3.4,Twin Room,"wifi, airport shuttle, parking, spa, breakfast included, gym",432
HT-BNE-023,The Terrace Brisbane Riverside,Brisbane,Australia,4.4,Executive Suite,"beach access, spa, gym, kids club, pool, restaurant",545
HT-BNE-024,Brisbane Harbour Suites East,Brisbane,Australia,2.6,Executive Suite,"parking, wifi, airport shuttle",207
HT-BNE-025,Brisbane Garden Residence East,Brisbane,Australia,2.7,Superior Queen,"bar, wifi, airport shuttle, spa, parking",216
HT-BNE-026,Hotel Brisbane Central II,Brisbane,Australia,4.1,Twin Room,"breakfast included, gym, pool, wifi",411
HT-BNE-027,Hotel Brisbane Central Riverside,Brisbane,Australia,3.1,Twin Room,"breakfast included, spa, kids club",364
HT-BNE-028,The Grand Brisbane Hotel,Brisbane,Australia,3.2,Junior Suite,"rooftop terrace, kids club, wifi, pool, spa, gym",301
HT-BNE-029,The Old Town Inn Brisbane West,Brisbane,Australia,2.6,Standard Double,"airport shuttle, kids club, wifi",234
HT-BNE-030,Brisbane Garden Residence East,Brisbane,Australia,2.8,Executive Suite,"gym, parking, rooftop terrace, bar, restaurant, kids club",266
HT-PER-001,Hilton Perth,Perth,Australia,5,Twin Room,"restaurant, gym, rooftop terrace",725
HT-PER-002,Marriott Perth,Perth,Australia,4.9,Junior Suite,"rooftop terrace, restaurant, bar",835
HT-PER-003,Hyatt Regency Perth,Perth,Australia,4.7,Deluxe King,"gym, wifi, kids club, airport shuttle, bar, beach access",523
HT-PER-004,InterContinental Perth,Perth,Australia,4.8,Standard Double,"restaurant, spa, beach access, gym, rooftop terrace, parking",511
HT-PER-005,Shangri-La Perth,Perth,Australia,4.6,Standard Double,"airport shuttle, wifi, beach access, parking, gym",694
HT-PER-006,Four Seasons Perth,Perth,Australia,4.6,Standard Double,"parking, airport shuttle, rooftop terrace, beach access, wifi",526
HT-PER-007,The Perth House,Perth,Australia,3.1,Superior Queen,"beach access, parking, kids club",293
HT-PER-008,Casa Perth,Perth,Australia,3,Executive Suite,"airport shuttle, wifi, parking",241
HT-PER-009,Radisson Blu Perth,Perth,Australia,4.1,Standard Double,"gym, airport shuttle, parking, pool, rooftop terrace",548
HT-PER-010,Novotel Perth,Perth,Australia,4.1,Superior Queen,"gym, pool, breakfast included",487
HT-PER-011,The Perth House Annex,Perth,Australia,3.8,Twin Room,"wifi, restaurant, bar, beach access, pool, airport shuttle",370
HT-PER-012,Perth Garden Residence,Perth,Australia,3,Standard Double,"pool, rooftop terrace, beach access, airport shuttle",298
HT-PER-013,ibis Perth,Perth,Australia,2.3,Superior Queen,"restaurant, gym, airport shuttle",173
HT-PER-014,The Terrace Perth,Perth,Australia,4.8,Junior Suite,"spa, parking, beach access, rooftop terrace, pool",667
HT-PER-015,Travelodge Perth,Perth,Australia,2.4,Deluxe King,"restaurant, airport shuttle, wifi, rooftop terrace, pool",181
HT-PER-016,Perth Garden Residence West,Perth,Australia,4.8,Superior Queen,"airport shuttle, wifi, kids club, restaurant, pool",530
HT-PER-017,Casa Perth Riverside,Perth,Australia,3.4,Family Room,"restaurant, bar, parking, kids club, spa, gym",315
HT-PER-018,Perth Garden Residence Annex,Perth,Australia,3.2,Executive Suite,"wifi, rooftop terrace, beach access, pool, gym, kids club",339
HT-PER-019,The Grand Perth Hotel,Perth,Australia,4.2,Twin Room,"bar, spa, wifi, kids club, parking",478
HT-PER-020,Hotel Perth Central,Perth,Australia,2.6,Superior Queen,"beach access, wifi, kids club",209
HT-PER-021,Casa Perth Riverside,Perth,Australia,4.9,Executive Suite,"beach access, gym, spa, bar, rooftop terrace, breakfast included",647
HT-PER-022,Perth Harbour Suites,Perth,Australia,3.2,Deluxe King,"spa, beach access, kids club, wifi, breakfast included",282
HT-PER-023,Hotel Perth Central East,Perth,Australia,2.6,Twin Room,"kids club, wifi, pool, parking",216
HT-PER-024,Perth Harbour Suites West,Perth,Australia,3.7,Superior Queen,"spa, bar, airport shuttle, restaurant",377
HT-PER-025,Hotel Perth Central II,Perth,Australia,5,Twin Room,"spa, pool, parking, rooftop terrace, kids club, breakfast included",792
HT-PER-026,Hotel Perth Central Riverside,Perth,Australia,4.6,Family Room,"bar, gym, spa, rooftop terrace",468
HT-PER-027,Perth Garden Residence II,Perth,Australia,3.8,Superior Queen,"pool, breakfast included, bar, gym, airport shuttle",536
HT-PER-028,The Old Town Inn Perth,Perth,Australia,5,Twin Room,"gym, pool, bar, spa, rooftop terrace, parking",718
HT-PER-029,The Old Town Inn Perth Riverside,Perth,Australia,2.8,Junior Suite,"spa, beach access, pool, rooftop terrace",327
HT-PER-030,Perth Harbour Suites West,Perth,Australia,3,Twin Room,"beach access, airport shuttle, spa, rooftop terrace, wifi",355
HT-CNS-001,Hilton Cairns,Cairns,Australia,4.9,Standard Double,"bar, rooftop terrace, kids club, wifi, pool, airport shuttle",541
HT-CNS-002,Hotel Cairns Central,Cairns,Australia,3.3,Deluxe King,"pool, wifi, parking",246
HT-CNS-003,The Grand Cairns Hotel,Cairns,Australia,4.6,Executive Suite,"airport shuttle, breakfast included, kids club, parking, bar",552
HT-CNS-004,InterContinental Cairns,Cairns,Australia,4.6,Executive Suite,"wifi, pool, gym, breakfast included, beach access",552
HT-CNS-005,The Cairns House,Cairns,Australia,4.5,Twin Room,"spa, airport shuttle, restaurant",612
HT-CNS-006,Four Seasons Cairns,Cairns,Australia,4.5,Executive Suite,"spa, airport shuttle, gym, pool",495
HT-CNS-007,Hotel Cairns Central Annex,Cairns,Australia,2.9,Junior Suite,"wifi, airport shuttle, parking, restaurant, pool, beach access",216
HT-CNS-008,Crowne Plaza Cairns,Cairns,Australia,4.1,Superior Queen,"rooftop terrace, beach access, pool",554
HT-CNS-009,Radisson Blu Cairns,Cairns,Australia,3.7,Twin Room,"beach access, wifi, pool, gym, rooftop terrace, parking",311
HT-CNS-010,Cairns Harbour Suites,Cairns,Australia,2.9,Superior Queen,"bar, breakfast included, kids club, restaurant, airport shuttle, parking",228
HT-CNS-011,Holiday Inn Cairns,Cairns,Australia,3.5,Junior Suite,"gym, wifi, parking, airport shuttle, spa",418
HT-CNS-012,Mercure Cairns,Cairns,Australia,3.8,Family Room,"bar, pool, spa, parking",431
HT-CNS-013,ibis Cairns,Cairns,Australia,2.8,Twin Room,"airport shuttle, wifi, pool, gym, parking, spa",298
HT-CNS-014,ibis Styles Cairns,Cairns,Australia,2.9,Executive Suite,"wifi, pool, beach access, gym, breakfast included",247
HT-CNS-015,Casa Cairns,Cairns,Australia,3.3,Standard Double,"pool, rooftop terrace, wifi, parking, breakfast included",383
HT-CNS-016,The Cairns House Riverside,Cairns,Australia,4,Twin Room,"pool, gym, kids club",412
HT-CNS-017,The Grand Cairns Hotel Annex,Cairns,Australia,3.8,Twin Room,"restaurant, kids club, pool, wifi, rooftop terrace, gym",385
HT-CNS-018,The Old Town Inn Cairns,Cairns,Australia,2.7,Twin Room,"parking, airport shuttle, rooftop terrace, restaurant",273
HT-CNS-019,The Cairns Boutique,Cairns,Australia,4,Deluxe King,"wifi, kids club, pool",519
HT-CNS-020,Casa Cairns East,Cairns,Australia,4.4,Junior Suite,"breakfast included, bar, kids club, beach access",539
HT-CNS-021,Casa Cairns West,Cairns,Australia,2.6,Twin Room,"restaurant, spa, beach access, gym, breakfast included, airport shuttle",205
HT-CNS-022,The Cairns House West,Cairns,Australia,3.2,Superior Queen,"spa, wifi, airport shuttle, kids club, beach access, rooftop terrace",328
HT-CNS-023,Casa Cairns Riverside,Cairns,Australia,4,Executive Suite,"airport shuttle, wifi, rooftop terrace",363
HT-CNS-024,Casa Cairns II,Cairns,Australia,4.9,Standard Double,"airport shuttle, restaurant, bar, beach access, gym",606
HT-CNS-025,The Old Town Inn Cairns East,Cairns,Australia,3.7,Deluxe King,"pool, kids club, wifi, spa",347
HT-CNS-026,Villa Cairns,Cairns,Australia,4.9,Executive Suite,"airport shuttle, beach access, restaurant",688
HT-CNS-027,Villa Cairns East,Cairns,Australia,3,Twin Room,"parking, wifi, breakfast included, kids club, spa",240
HT-CNS-028,Hotel Cairns Central East,Cairns,Australia,4.6,Twin Room,"parking, spa, airport shuttle, wifi, rooftop terrace",631
HT-CNS-029,Cairns Garden Residence,Cairns,Australia,4.4,Family Room,"breakfast included, wifi, beach access, rooftop terrace, restaurant, kids club",432
HT-CNS-030,The Terrace Cairns,Cairns,Australia,3.7,Standard Double,"wifi, restaurant, bar, airport shuttle, breakfast included, beach access",293
HT-CNS-031,The Old Town Inn Cairns II,Cairns,Australia,3.6,Superior Queen,"restaurant, breakfast included, pool, parking, kids club",328
HT-CNS-032,The Grand Cairns Hotel Annex,Cairns,Australia,4.5,Twin Room,"wifi, airport shuttle, parking, pool, restaurant",526
HT-CNS-033,Cairns Garden Residence West,Cairns,Australia,2.7,Superior Queen,"bar, restaurant, kids club",185
HT-CNS-034,Casa Cairns East,Cairns,Australia,4.8,Standard Double,"restaurant, pool, wifi, rooftop terrace",505
HT-CNS-035,The Terrace Cairns Riverside,Cairns,Australia,4.6,Standard Double,"parking, pool, gym, spa, rooftop terrace",573
HT-CNS-036,The Cairns House West,Cairns,Australia,3.3,Family Room,"airport shuttle, spa, kids club, beach access",300
HT-AKL-001,Hilton Auckland,Auckland,New Zealand,4.8,Junior Suite,"wifi, spa, beach access",505
HT-AKL-002,The Grand Auckland Hotel,Auckland,New Zealand,4.4,Deluxe King,"restaurant, wifi, beach access, pool",481
HT-AKL-003,Hyatt Regency Auckland,Auckland,New Zealand,4.6,Superior Queen,"rooftop terrace, restaurant, airport shuttle",561
HT-AKL-004,The Terrace Auckland,Auckland,New Zealand,3,Executive Suite,"wifi, parking, airport shuttle, rooftop terrace, breakfast included, restaurant",318
HT-AKL-005,Auckland Harbour Suites,Auckland,New Zealand,3.7,Junior Suite,"rooftop terrace, restaurant, airport shuttle",358
HT-AKL-006,Four Seasons Auckland,Auckland,New Zealand,4.8,Family Room,"breakfast included, beach access, restaurant, rooftop terrace, wifi, pool",705
HT-AKL-007,Hotel Auckland Central,Auckland,New Zealand,2.6,Family Room,"pool, rooftop terrace, kids club, breakfast included, beach access",282
HT-AKL-008,The Auckland Boutique,Auckland,New Zealand,2.9,Deluxe King,"parking, gym, spa, breakfast included, pool, wifi",296
HT-AKL-009,Radisson Blu Auckland,Auckland,New Zealand,4.4,Standard Double,"restaurant, airport shuttle, rooftop terrace",652
HT-AKL-010,Auckland Harbour Suites East,Auckland,New Zealand,2.9,Family Room,"bar, wifi, rooftop terrace",234
HT-AKL-011,Holiday Inn Auckland,Auckland,New Zealand,3.4,Deluxe King,"airport shuttle, wifi, beach access, spa, rooftop terrace",384
HT-AKL-012,Villa Auckland,Auckland,New Zealand,4.8,Family Room,"airport shuttle, wifi, beach access, pool, bar",798
HT-AKL-013,ibis Auckland,Auckland,New Zealand,2.9,Executive Suite,"gym, restaurant, wifi, pool, spa, airport shuttle",315
HT-AKL-014,ibis Styles Auckland,Auckland,New Zealand,2.4,Deluxe King,"kids club, beach access, parking",181
HT-AKL-015,Travelodge Auckland,Auckland,New Zealand,2.4,Deluxe King,"rooftop terrace, airport shuttle, pool, parking, restaurant, kids club",236
HT-AKL-016,The Auckland Boutique Riverside,Auckland,New Zealand,3.9,Standard Double,"rooftop terrace, gym, beach access",547
HT-AKL-017,Villa Auckland West,Auckland,New Zealand,2.8,Family Room,"restaurant, wifi, pool, beach access, rooftop terrace",276
HT-AKL-018,Casa Auckland,Auckland,New Zealand,2.7,Standard Double,"wifi, pool, kids club, gym, spa, breakfast included",255
HT-AKL-019,The Old Town Inn Auckland,Auckland,New Zealand,4.8,Twin Room,"beach access, gym, pool",543
HT-AKL-020,The Auckland Boutique Annex,Auckland,New Zealand,2.9,Deluxe King,"bar, spa, pool, gym",251
HT-AKL-021,The Grand Auckland Hotel West,Auckland,New Zealand,3,Family Room,"kids club, gym, beach access, restaurant, airport shuttle, parking",264
HT-AKL-022,The Terrace Auckland Annex,Auckland,New Zealand,2.7,Twin Room,"spa, restaurant, airport shuttle, rooftop terrace",211
HT-AKL-023,Hotel Auckland Central Annex,Auckland,New Zealand,2.7,Executive Suite,"wifi, airport shuttle, breakfast included, pool, gym, restaurant",247
HT-AKL-024,Hotel Auckland Central West,Auckland,New Zealand,3.8,Deluxe King,"wifi, pool, parking, breakfast included, gym, airport shuttle",474
HT-AKL-025,Auckland Harbour Suites Riverside,Auckland,New Zealand,4.2,Superior Queen,"airport shuttle, pool, restaurant, rooftop terrace, bar, kids club",522
HT-AKL-026,Casa Auckland West,Auckland,New Zealand,4.3,Deluxe King,"beach access, bar, spa, gym, breakfast included",657
HT-AKL-027,The Auckland Boutique West,Auckland,New Zealand,4.7,Standard Double,"rooftop terrace, restaurant, pool, wifi",595
HT-AKL-028,Hotel Auckland Central Riverside,Auckland,New Zealand,3.8,Executive Suite,"wifi, gym, rooftop terrace",494
HT-AKL-029,The Grand Auckland Hotel Annex,Auckland,New Zealand,3.5,Executive Suite,"bar, breakfast included, parking, spa",442
HT-AKL-030,The Old Town Inn Auckland West,Auckland,New Zealand,2.7,Deluxe King,"wifi, pool, gym, spa, breakfast included, bar",279
HT-AKL-031,The Old Town Inn Auckland II,Auckland,New Zealand,3.4,Family Room,"breakfast included, rooftop terrace, restaurant",342
HT-AKL-032,The Auckland Boutique Riverside,Auckland,New Zealand,3.7,Standard Double,"gym, beach access, wifi, kids club, bar",358
HT-AKL-033,Casa Auckland East,Auckland,New Zealand,4.3,Deluxe King,"wifi, pool, airport shuttle, beach access",565
HT-ZQN-001,The Grand Queenstown Hotel,Queenstown,New Zealand,2.7,Standard Double,"parking, beach access, kids club",304
HT-ZQN-002,Marriott Queenstown,Queenstown,New Zealand,4.9,Superior Queen,"restaurant, airport shuttle, wifi, parking",771
HT-ZQN-003,Hyatt Regency Queenstown,Queenstown,New Zealand,4.5,Twin Room,"gym, pool, beach access, rooftop terrace, kids club",558
HT-ZQN-004,Queenstown Garden Residence,Queenstown,New Zealand,4.5,Twin Room,"spa, pool, bar",593
HT-ZQN-005,The Queenstown House,Queenstown,New Zealand,2.9,Superior Queen,"beach access, parking, breakfast included",262
HT-ZQN-006,Four Seasons Queenstown,Queenstown,New Zealand,4.6,Twin Room,"bar, gym, restaurant",604
HT-ZQN-007,Sheraton Queenstown,Queenstown,New Zealand,4.1,Standard Double,"pool, gym, bar, spa, beach access",460
HT-ZQN-008,Crowne Plaza Queenstown,Queenstown,New Zealand,3.9,Executive Suite,"airport shuttle, restaurant, bar, kids club",486
HT-ZQN-009,Hotel Queenstown Central,Queenstown,New Zealand,3.2,Deluxe King,"wifi, parking, pool, bar",302
HT-ZQN-010,Novotel Queenstown,Queenstown,New Zealand,3.9,Junior Suite,"airport shuttle, wifi, rooftop terrace, restaurant, pool, breakfast included",377
HT-ZQN-011,Holiday Inn Queenstown,Queenstown,New Zealand,3.2,Executive Suite,"wifi, spa, beach access",331
HT-ZQN-012,Mercure Queenstown,Queenstown,New Zealand,3.6,Twin Room,"wifi, pool, rooftop terrace, beach access, gym",429
HT-ZQN-013,ibis Queenstown,Queenstown,New Zealand,2.3,Superior Queen,"spa, gym, rooftop terrace, bar, airport shuttle, pool",203
HT-ZQN-014,ibis Styles Queenstown,Queenstown,New Zealand,2.5,Executive Suite,"kids club, gym, breakfast included",236
HT-ZQN-015,Travelodge Queenstown,Queenstown,New Zealand,2.3,Superior Queen,"wifi, pool, gym, beach access, spa, breakfast included",185
HT-ZQN-016,The Terrace Queenstown,Queenstown,New Zealand,4.6,Twin Room,"beach access, rooftop terrace, wifi, kids club",586
HT-ZQN-017,The Grand Queenstown Hotel Annex,Queenstown,New Zealand,4.7,Executive Suite,"wifi, airport shuttle, pool, breakfast included, rooftop terrace",653
HT-ZQN-018,The Old Town Inn Queenstown,Queenstown,New Zealand,4.3,Superior Queen,"kids club, beach access, parking, rooftop terrace, spa, restaurant",639
HT-ZQN-019,The Queenstown Boutique,Queenstown,New Zealand,2.7,Twin Room,"gym, bar, kids club",238
HT-ZQN-020,The Old Town Inn Queenstown Riverside,Queenstown,New Zealand,4.2,Standard Double,"pool, spa, gym, bar, wifi, rooftop terrace",531
HT-ZQN-021,The Old Town Inn Queenstown Annex,Queenstown,New Zealand,2.9,Family Room,"pool, wifi, kids club, breakfast included, parking",332
HT-ZQN-022,Villa Queenstown,Queenstown,New Zealand,4.9,Deluxe King,"gym, pool, bar",866
HT-ZQN-023,The Queenstown House II,Queenstown,New Zealand,3.8,Junior Suite,"restaurant, spa, rooftop terrace, kids club, airport shuttle, parking",469
HT-ZQN-024,Hotel Queenstown Central Annex,Queenstown,New Zealand,4.3,Executive Suite,"kids club, airport shuttle, gym",617
HT-ZQN-025,The Terrace Queenstown West,Queenstown,New Zealand,3,Twin Room,"wifi, pool, breakfast included, gym, kids club, rooftop terrace",335
HT-ZQN-026,The Queenstown Boutique II,Queenstown,New Zealand,4.3,Junior Suite,"breakfast included, gym, airport shuttle, restaurant, spa",505
HT-ZQN-027,The Old Town Inn Queenstown Annex,Queenstown,New Zealand,3.4,Deluxe King,"restaurant, wifi, parking, beach access, spa, breakfast included",289
HT-ZQN-028,The Queenstown Boutique II,Queenstown,New Zealand,3.6,Standard Double,"gym, pool, restaurant, kids club, beach access, bar",472
HT-ZQN-029,Queenstown Harbour Suites,Queenstown,New Zealand,4.3,Junior Suite,"wifi, pool, gym, airport shuttle, rooftop terrace",499
HT-ZQN-030,The Terrace Queenstown East,Queenstown,New Zealand,4.8,Superior Queen,"pool, restaurant, kids club, spa",522
HT-ZQN-031,The Queenstown House II,Queenstown,New Zealand,2.6,Junior Suite,"spa, wifi, rooftop terrace, pool",298
HT-ZQN-032,The Queenstown House East,Queenstown,New Zealand,3.1,Standard Double,"breakfast included, restaurant, airport shuttle, beach access",306
HT-ZQN-033,Hotel Queenstown Central East,Queenstown,New Zealand,2.9,Twin Room,"wifi, airport shuttle, parking, rooftop terrace, kids club",228
HT-ZQN-034,Queenstown Garden Residence West,Queenstown,New Zealand,3,Executive Suite,"wifi, airport shuttle, spa, bar, pool, restaurant",246
HT-ZQN-035,The Queenstown Boutique Annex,Queenstown,New Zealand,2.6,Superior Queen,"airport shuttle, pool, spa, restaurant",235
HT-NRT-001,Hilton Tokyo,Tokyo,Japan,4.8,Deluxe King,"spa, gym, rooftop terrace, beach access, kids club",653
HT-NRT-002,Tokyo Garden Residence,Tokyo,Japan,4.9,Executive Suite,"bar, spa, kids club",776
HT-NRT-003,Tokyo Harbour Suites,Tokyo,Japan,4.4,Executive Suite,"beach access, wifi, pool",688
HT-NRT-004,InterContinental Tokyo,Tokyo,Japan,4.9,Superior Queen,"restaurant, spa, pool, airport shuttle, breakfast included",628
HT-NRT-005,Shangri-La Tokyo,Tokyo,Japan,4.9,Deluxe King,"kids club, airport shuttle, bar, parking, wifi, rooftop terrace",854
HT-NRT-006,Four Seasons Tokyo,Tokyo,Japan,4.6,Superior Queen,"wifi, pool, breakfast included, gym, spa, bar",738
HT-NRT-007,Sheraton Tokyo,Tokyo,Japan,3.9,Superior Queen,"breakfast included, wifi, restaurant, parking",606
HT-NRT-008,Hotel Tokyo Central,Tokyo,Japan,3.8,Executive Suite,"airport shuttle, wifi, beach access, spa, restaurant, kids club",535
HT-NRT-009,Radisson Blu Tokyo,Tokyo,Japan,3.5,Family Room,"bar, pool, spa, parking",427
HT-NRT-010,Novotel Tokyo,Tokyo,Japan,3.5,Family Room,"beach access, restaurant, airport shuttle, breakfast included, parking, kids club",423
HT-NRT-011,Hotel Tokyo Central II,Tokyo,Japan,4.2,Junior Suite,"breakfast included, spa, rooftop terrace, wifi, airport shuttle, kids club",559
HT-NRT-012,Mercure Tokyo,Tokyo,Japan,3.6,Family Room,"wifi, pool, beach access, breakfast included",534
HT-NRT-013,Tokyo Garden Residence West,Tokyo,Japan,4.1,Twin Room,"spa, wifi, breakfast included, restaurant, pool, rooftop terrace",505
HT-NRT-014,ibis Styles Tokyo,Tokyo,Japan,2.3,Executive Suite,"pool, wifi, parking",256
HT-NRT-015,The Grand Tokyo Hotel,Tokyo,Japan,3.9,Junior Suite,"kids club, bar, restaurant",459
HT-NRT-016,Casa Tokyo,Tokyo,Japan,4,Family Room,"pool, spa, restaurant, parking",499
HT-NRT-017,The Terrace Tokyo,Tokyo,Japan,3.3,Twin Room,"breakfast included, beach access, pool, kids club, wifi, parking",374
HT-NRT-018,The Old Town Inn Tokyo,Tokyo,Japan,4.2,Junior Suite,"kids club, spa, rooftop terrace, parking, beach access, bar",543
HT-NRT-019,The Terrace Tokyo II,Tokyo,Japan,4.8,Junior Suite,"bar, parking, restaurant",571
HT-NRT-020,The Tokyo Boutique,Tokyo,Japan,4.6,Deluxe King,"bar, parking, beach access",536
HT-NRT-021,Villa Tokyo,Tokyo,Japan,4.7,Family Room,"pool, wifi, gym, spa, kids club",747
HT-NRT-022,The Tokyo House,Tokyo,Japan,3.9,Superior Queen,"airport shuttle, breakfast included, beach access, bar",587
HT-NRT-023,The Grand Tokyo Hotel II,Tokyo,Japan,5,Executive Suite,"spa, gym, parking, rooftop terrace",630
HT-NRT-024,Tokyo Harbour Suites Riverside,Tokyo,Japan,2.6,Family Room,"wifi, pool, gym, restaurant, spa",311
HT-NRT-025,Villa Tokyo East,Tokyo,Japan,3.1,Superior Queen,"spa, pool, restaurant, bar",319
HT-NRT-026,The Tokyo Boutique West,Tokyo,Japan,3.7,Executive Suite,"spa, airport shuttle, parking, kids club, gym, pool",477
HT-NRT-027,Villa Tokyo II,Tokyo,Japan,3.7,Twin Room,"kids club, wifi, pool, gym, beach access",503
HT-NRT-028,The Tokyo Boutique West,Tokyo,Japan,2.6,Twin Room,"kids club, restaurant, beach access, bar, breakfast included, rooftop terrace",255
HT-NRT-029,The Grand Tokyo Hotel Riverside,Tokyo,Japan,5,Superior Queen,"bar, parking, wifi, breakfast included, spa",688
HT-NRT-030,Tokyo Harbour Suites East,Tokyo,Japan,2.7,Junior Suite,"parking, kids club, wifi, pool, gym",328
HT-NRT-031,Tokyo Harbour Suites West,Tokyo,Japan,4.2,Superior Queen,"spa, gym, bar, kids club, airport shuttle",597
HT-NRT-032,Hotel Tokyo Central II,Tokyo,Japan,4.9,Family Room,"breakfast included, wifi, restaurant, rooftop terrace, airport shuttle",847
HT-NRT-033,The Tokyo House East,Tokyo,Japan,4.8,Family Room,"gym, spa, beach access",775
HT-NRT-034,The Old Town Inn Tokyo Riverside,Tokyo,Japan,4.5,Twin Room,"kids club, bar, airport shuttle, parking, breakfast included",588
HT-NRT-035,Casa Tokyo II,Tokyo,Japan,2.9,Executive Suite,"spa, bar, parking",303
HT-NRT-036,The Grand Tokyo Hotel East,Tokyo,Japan,2.9,Executive Suite,"spa, gym, restaurant, wifi, kids club, breakfast included",329
HT-KIX-001,Hilton Osaka,Osaka,Japan,4.6,Junior Suite,"wifi, airport shuttle, pool",711
HT-KIX-002,Osaka Garden Residence,Osaka,Japan,4.1,Standard Double,"restaurant, bar, kids club, breakfast included, gym, rooftop terrace",548
HT-KIX-003,Hyatt Regency Osaka,Osaka,Japan,4.6,Superior Queen,"bar, breakfast included, beach access, parking, wifi",514
HT-KIX-004,Casa Osaka,Osaka,Japan,3.2,Twin Room,"breakfast included, wifi, beach access, bar",286
HT-KIX-005,Shangri-La Osaka,Osaka,Japan,5,Deluxe King,"gym, parking, spa, bar, pool, rooftop terrace",839
HT-KIX-006,Four Seasons Osaka,Osaka,Japan,4.8,Twin Room,"bar, gym, rooftop terrace, pool",586
HT-KIX-007,Sheraton Osaka,Osaka,Japan,4.3,Superior Queen,"beach access, gym, wifi, spa",503
HT-KIX-008,Crowne Plaza Osaka,Osaka,Japan,3.6,Family Room,"pool, spa, wifi, kids club",402
HT-KIX-009,Villa Osaka,Osaka,Japan,4,Deluxe King,"wifi, bar, kids club, pool, gym, parking",440
HT-KIX-010,The Terrace Osaka,Osaka,Japan,3.9,Executive Suite,"gym, kids club, spa, wifi",425
HT-KIX-011,Holiday Inn Osaka,Osaka,Japan,3.9,Executive Suite,"restaurant, airport shuttle, beach access, kids club, gym",373
HT-KIX-012,Mercure Osaka,Osaka,Japan,3,Executive Suite,"bar, rooftop terrace, breakfast included, restaurant, spa, gym",358
HT-KIX-013,ibis Osaka,Osaka,Japan,2.6,Standard Double,"gym, bar, parking",292
HT-KIX-014,ibis Styles Osaka,Osaka,Japan,2.7,Standard Double,"beach access, gym, rooftop terrace, airport shuttle",310
HT-KIX-015,Travelodge Osaka,Osaka,Japan,2.2,Family Room,"bar, gym, beach access, pool, breakfast included",178
HT-KIX-016,The Terrace Osaka West,Osaka,Japan,3.4,Superior Queen,"breakfast included, gym, pool, rooftop terrace, bar, kids club",311
HT-KIX-017,Villa Osaka East,Osaka,Japan,2.9,Twin Room,"restaurant, wifi, beach access, pool, bar, rooftop terrace",226
HT-KIX-018,Hotel Osaka Central,Osaka,Japan,4.3,Standard Double,"airport shuttle, rooftop terrace, wifi, bar, beach access",483
HT-KIX-019,Osaka Harbour Suites,Osaka,Japan,4.6,Executive Suite,"bar, pool, parking, wifi",746
HT-KIX-020,The Osaka House,Osaka,Japan,4.9,Deluxe King,"gym, restaurant, breakfast included, rooftop terrace",634
HT-KIX-021,Casa Osaka East,Osaka,Japan,4.4,Standard Double,"restaurant, gym, rooftop terrace, beach access",647
HT-KIX-022,The Osaka Boutique,Osaka,Japan,3,Twin Room,"restaurant, parking, bar, spa, breakfast included, beach access",352
HT-KIX-023,Villa Osaka Annex,Osaka,Japan,2.7,Junior Suite,"airport shuttle, wifi, parking, spa",206
HT-KIX-024,Casa Osaka West,Osaka,Japan,3.7,Junior Suite,"restaurant, parking, rooftop terrace, wifi",489
HT-KIX-025,Casa Osaka Annex,Osaka,Japan,3.2,Superior Queen,"breakfast included, spa, gym",380
HT-KIX-026,The Old Town Inn Osaka,Osaka,Japan,4.5,Executive Suite,"gym, breakfast included, bar, wifi, spa, pool",445
HT-KIX-027,Osaka Garden Residence Annex,Osaka,Japan,4.2,Twin Room,"gym, pool, beach access, rooftop terrace, breakfast included, parking",626
HT-KIX-028,Villa Osaka East,Osaka,Japan,2.5,Junior Suite,"spa, airport shuttle, rooftop terrace, bar, gym, restaurant",226
HT-KIX-029,The Grand Osaka Hotel,Osaka,Japan,3.6,Twin Room,"spa, pool, breakfast included",345
HT-KIX-030,The Osaka House West,Osaka,Japan,3.9,Standard Double,"spa, airport shuttle, gym, kids club, bar, pool",404
HT-KIX-031,Villa Osaka Riverside,Osaka,Japan,4.5,Superior Queen,"breakfast included, airport shuttle, restaurant",495
HT-KIX-032,The Terrace Osaka West,Osaka,Japan,4.4,Superior Queen,"bar, beach access, airport shuttle",647
HT-KIX-033,The Osaka House Riverside,Osaka,Japan,4.5,Junior Suite,"spa, wifi, parking, restaurant",495
HT-KIX-034,Casa Osaka West,Osaka,Japan,4.8,Standard Double,"gym, pool, spa, airport shuttle, parking, kids club",561
HT-KIX-035,Casa Osaka West,Osaka,Japan,4.9,Standard Double,"restaurant, gym, pool, bar",518
HT-KIX-036,The Osaka House Riverside,Osaka,Japan,4.6,Junior Suite,"spa, beach access, gym, pool, bar, breakfast included",688
HT-UKY-001,Hilton Kyoto,Kyoto,Japan,5,Superior Queen,"wifi, spa, rooftop terrace, breakfast included, restaurant, beach access",723
HT-UKY-002,The Terrace Kyoto,Kyoto,Japan,3.4,Superior Queen,"beach access, parking, breakfast included, airport shuttle, rooftop terrace, kids club",304
HT-UKY-003,Hyatt Regency Kyoto,Kyoto,Japan,4.6,Standard Double,"airport shuttle, rooftop terrace, kids club",635
HT-UKY-004,InterContinental Kyoto,Kyoto,Japan,4.5,Twin Room,"gym, pool, kids club, spa, wifi",471
HT-UKY-005,Shangri-La Kyoto,Kyoto,Japan,4.9,Family Room,"breakfast included, gym, bar",805
HT-UKY-006,The Kyoto Boutique,Kyoto,Japan,4.1,Family Room,"spa, airport shuttle, gym, bar",554
HT-UKY-007,Casa Kyoto,Kyoto,Japan,2.6,Executive Suite,"wifi, rooftop terrace, pool",264
HT-UKY-008,Crowne Plaza Kyoto,Kyoto,Japan,3.6,Executive Suite,"spa, pool, parking, bar, rooftop terrace",425
HT-UKY-009,Radisson Blu Kyoto,Kyoto,Japan,4.5,Executive Suite,"pool, wifi, gym",605
HT-UKY-010,Hotel Kyoto Central,Kyoto,Japan,2.7,Superior Queen,"pool, rooftop terrace, kids club, wifi, restaurant, beach access",289
HT-UKY-011,Holiday Inn Kyoto,Kyoto,Japan,3.6,Standard Double,"spa, breakfast included, bar, gym, rooftop terrace",365
HT-UKY-012,Mercure Kyoto,Kyoto,Japan,3.6,Family Room,"gym, kids club, airport shuttle, pool",397
HT-UKY-013,The Kyoto Boutique II,Kyoto,Japan,4.6,Junior Suite,"gym, pool, spa, breakfast included, parking",713
HT-UKY-014,Kyoto Garden Residence,Kyoto,Japan,3.9,Junior Suite,"wifi, parking, spa, rooftop terrace, airport shuttle",495
HT-UKY-015,Travelodge Kyoto,Kyoto,Japan,2.4,Family Room,"pool, wifi, beach access",200
HT-UKY-016,The Grand Kyoto Hotel,Kyoto,Japan,2.6,Deluxe King,"airport shuttle, parking, wifi, pool",264
HT-UKY-017,Kyoto Harbour Suites,Kyoto,Japan,4.7,Superior Queen,"breakfast included, bar, rooftop terrace",735
HT-UKY-018,Villa Kyoto,Kyoto,Japan,4.4,Twin Room,"restaurant, airport shuttle, parking, beach access",509
HT-UKY-019,Casa Kyoto East,Kyoto,Japan,2.8,Twin Room,"pool, airport shuttle, parking",318
HT-UKY-020,The Old Town Inn Kyoto,Kyoto,Japan,2.8,Deluxe King,"spa, wifi, kids club, airport shuttle, gym, beach access",257
HT-UKY-021,Hotel Kyoto Central II,Kyoto,Japan,4.5,Deluxe King,"kids club, airport shuttle, beach access, gym, wifi, bar",651
HT-UKY-022,Hotel Kyoto Central East,Kyoto,Japan,3.2,Superior Queen,"wifi, restaurant, pool, parking, rooftop terrace",285
HT-UKY-023,The Terrace Kyoto II,Kyoto,Japan,3.8,Superior Queen,"restaurant, bar, kids club",504
HT-UKY-024,Kyoto Harbour Suites East,Kyoto,Japan,3.7,Superior Queen,"wifi, pool, gym",374
HT-UKY-025,The Grand Kyoto Hotel Riverside,Kyoto,Japan,4.9,Deluxe King,"parking, kids club, bar, rooftop terrace, beach access, breakfast included",656
HT-UKY-026,Kyoto Garden Residence II,Kyoto,Japan,4.8,Standard Double,"beach access, rooftop terrace, breakfast included, wifi",626
HT-UKY-027,The Terrace Kyoto Annex,Kyoto,Japan,3.3,Deluxe King,"kids club, restaurant, parking, rooftop terrace, beach access, gym",365
HT-UKY-028,The Kyoto Boutique West,Kyoto,Japan,2.9,Deluxe King,"restaurant, airport shuttle, breakfast included, gym, beach access, pool",324
HT-UKY-029,The Terrace Kyoto East,Kyoto,Japan,3.9,Executive Suite,"pool, airport shuttle, gym, wifi, bar",467
HT-UKY-030,The Terrace Kyoto Riverside,Kyoto,Japan,3.1,Executive Suite,"spa, gym, beach access, kids club, rooftop terrace",256
HT-UKY-031,Hotel Kyoto Central II,Kyoto,Japan,2.5,Twin Room,"wifi, gym, bar, rooftop terrace",202
HT-UKY-032,Villa Kyoto East,Kyoto,Japan,5,Deluxe King,"wifi, bar, pool",891
HT-UKY-033,Hotel Kyoto Central Riverside,Kyoto,Japan,3.8,Standard Double,"gym, bar, breakfast included",417
HT-UKY-034,Kyoto Garden Residence Annex,Kyoto,Japan,4.5,Standard Double,"beach access, airport shuttle, breakfast included",570
HT-UKY-035,The Kyoto Boutique Annex,Kyoto,Japan,4,Executive Suite,"parking, spa, pool, restaurant, beach access, rooftop terrace",578
HT-UKY-036,Hotel Kyoto Central East,Kyoto,Japan,3.3,Standard Double,"wifi, kids club, pool, gym, spa",331
HT-CTS-001,Hilton Sapporo,Sapporo,Japan,4.7,Family Room,"spa, restaurant, airport shuttle, pool, wifi",699
HT-CTS-002,Marriott Sapporo,Sapporo,Japan,4.6,Twin Room,"parking, gym, restaurant, kids club, pool",447
HT-CTS-003,The Grand Sapporo Hotel,Sapporo,Japan,3.3,Family Room,"wifi, airport shuttle, pool, restaurant",383
HT-CTS-004,InterContinental Sapporo,Sapporo,Japan,4.5,Superior Queen,"breakfast included, airport shuttle, spa, rooftop terrace, gym",632
HT-CTS-005,Shangri-La Sapporo,Sapporo,Japan,4.8,Standard Double,"wifi, breakfast included, bar, airport shuttle",465
HT-CTS-006,Four Seasons Sapporo,Sapporo,Japan,4.7,Twin Room,"wifi, restaurant, pool, spa",497
HT-CTS-007,Villa Sapporo,Sapporo,Japan,4.7,Executive Suite,"bar, pool, beach access, kids club",541
HT-CTS-008,Crowne Plaza Sapporo,Sapporo,Japan,3.7,Twin Room,"gym, parking, rooftop terrace, airport shuttle, breakfast included, beach access",419
HT-CTS-009,Radisson Blu Sapporo,Sapporo,Japan,4.2,Superior Queen,"beach access, wifi, restaurant, spa, pool",448
HT-CTS-010,Novotel Sapporo,Sapporo,Japan,4.3,Standard Double,"pool, wifi, rooftop terrace, beach access",583
HT-CTS-011,Sapporo Garden Residence,Sapporo,Japan,4.3,Superior Queen,"bar, pool, wifi, airport shuttle, rooftop terrace, gym",420
HT-CTS-012,Mercure Sapporo,Sapporo,Japan,3.1,Standard Double,"breakfast included, kids club, wifi, spa, rooftop terrace, pool",244
HT-CTS-013,ibis Sapporo,Sapporo,Japan,2.7,Executive Suite,"kids club, beach access, wifi, pool, bar, airport shuttle",247
HT-CTS-014,ibis Styles Sapporo,Sapporo,Japan,2.9,Standard Double,"restaurant, airport shuttle, wifi, parking, gym, breakfast included",267
HT-CTS-015,Casa Sapporo,Sapporo,Japan,4.3,Executive Suite,"beach access, spa, kids club, parking, restaurant",597
HT-CTS-016,Sapporo Harbour Suites,Sapporo,Japan,2.9,Deluxe King,"breakfast included, parking, beach access, airport shuttle",203
HT-CTS-017,The Grand Sapporo Hotel West,Sapporo,Japan,3.4,Deluxe King,"restaurant, spa, parking, gym, bar, pool",292
HT-CTS-018,Sapporo Harbour Suites Riverside,Sapporo,Japan,4.2,Superior Queen,"airport shuttle, beach access, breakfast included",417
HT-CTS-019,Hotel Sapporo Central,Sapporo,Japan,2.7,Twin Room,"airport shuttle, breakfast included, kids club, wifi, parking",194
HT-CTS-020,The Sapporo House,Sapporo,Japan,3.6,Deluxe King,"airport shuttle, gym, wifi, rooftop terrace, kids club, bar",293
HT-CTS-021,The Grand Sapporo Hotel Riverside,Sapporo,Japan,4,Standard Double,"beach access, kids club, restaurant",354
HT-CTS-022,The Sapporo House Riverside,Sapporo,Japan,2.5,Executive Suite,"airport shuttle, restaurant, kids club, bar",223
HT-CTS-023,The Grand Sapporo Hotel East,Sapporo,Japan,3.6,Standard Double,"breakfast included, restaurant, spa, wifi, airport shuttle",362
HT-CTS-024,The Sapporo House II,Sapporo,Japan,4.9,Standard Double,"restaurant, bar, airport shuttle, breakfast included, spa",600
HT-CTS-025,Sapporo Harbour Suites Riverside,Sapporo,Japan,2.8,Superior Queen,"beach access, gym, parking, breakfast included",302
HT-CTS-026,Hotel Sapporo Central East,Sapporo,Japan,3.3,Executive Suite,"kids club, gym, rooftop terrace",249
HT-CTS-027,Casa Sapporo Riverside,Sapporo,Japan,4.5,Standard Double,"airport shuttle, wifi, rooftop terrace, kids club, restaurant, pool",404
HT-CTS-028,The Sapporo House Annex,Sapporo,Japan,3.9,Family Room,"parking, beach access, rooftop terrace, wifi, pool, gym",395
HT-CTS-029,The Terrace Sapporo,Sapporo,Japan,4.9,Junior Suite,"rooftop terrace, beach access, gym, airport shuttle",500
HT-CTS-030,The Grand Sapporo Hotel Riverside,Sapporo,Japan,3.2,Twin Room,"spa, restaurant, beach access, wifi, rooftop terrace, airport shuttle",331
HT-CTS-031,The Sapporo Boutique,Sapporo,Japan,4.4,Standard Double,"pool, bar, kids club, airport shuttle",442
HT-CTS-032,Sapporo Garden Residence II,Sapporo,Japan,4.3,Standard Double,"gym, rooftop terrace, spa, airport shuttle, parking, restaurant",429
HT-ICN-001,Hilton Seoul,Seoul,South Korea,4.9,Superior Queen,"gym, breakfast included, bar, parking, rooftop terrace, spa",716
HT-ICN-002,Marriott Seoul,Seoul,South Korea,4.8,Superior Queen,"breakfast included, spa, bar, airport shuttle, beach access",667
HT-ICN-003,Hotel Seoul Central,Seoul,South Korea,4.9,Executive Suite,"breakfast included, wifi, pool, bar, rooftop terrace",537
HT-ICN-004,Villa Seoul,Seoul,South Korea,4.2,Standard Double,"breakfast included, gym, pool, bar, airport shuttle, wifi",489
HT-ICN-005,Shangri-La Seoul,Seoul,South Korea,4.5,Junior Suite,"parking, beach access, kids club, wifi, rooftop terrace, pool",435
HT-ICN-006,Hotel Seoul Central II,Seoul,South Korea,4.8,Twin Room,"airport shuttle, gym, beach access, parking, spa",554
HT-ICN-007,Seoul Harbour Suites,Seoul,South Korea,2.5,Standard Double,"parking, gym, airport shuttle, spa, wifi",212
HT-ICN-008,The Terrace Seoul,Seoul,South Korea,3.8,Executive Suite,"breakfast included, kids club, beach access, spa, pool, restaurant",432
HT-ICN-009,Seoul Garden Residence,Seoul,South Korea,2.9,Executive Suite,"wifi, restaurant, beach access, pool, airport shuttle",239
HT-ICN-010,Novotel Seoul,Seoul,South Korea,4.3,Family Room,"breakfast included, bar, beach access, kids club, parking",622
HT-ICN-011,Holiday Inn Seoul,Seoul,South Korea,3.4,Twin Room,"gym, bar, beach access",376
HT-ICN-012,Hotel Seoul Central East,Seoul,South Korea,3.7,Superior Queen,"restaurant, spa, rooftop terrace",429
HT-ICN-013,ibis Seoul,Seoul,South Korea,2.3,Executive Suite,"gym, pool, kids club, restaurant, bar, parking",213
HT-ICN-014,ibis Styles Seoul,Seoul,South Korea,2.6,Deluxe King,"bar, spa, wifi",180
HT-ICN-015,Travelodge Seoul,Seoul,South Korea,2,Family Room,"restaurant, airport shuttle, spa",199
HT-ICN-016,Seoul Garden Residence East,Seoul,South Korea,4.3,Deluxe King,"airport shuttle, spa, kids club",397
HT-ICN-017,The Seoul Boutique,Seoul,South Korea,3.9,Junior Suite,"spa, bar, breakfast included, gym",340
HT-ICN-018,Seoul Harbour Suites Annex,Seoul,South Korea,3.8,Standard Double,"beach access, rooftop terrace, wifi, restaurant",420
HT-ICN-019,Hotel Seoul Central East,Seoul,South Korea,3.1,Superior Queen,"parking, wifi, pool, bar, gym, airport shuttle",322
HT-ICN-020,Seoul Garden Residence West,Seoul,South Korea,3.2,Executive Suite,"bar, wifi, airport shuttle, rooftop terrace, restaurant, breakfast included",294
HT-ICN-021,The Old Town Inn Seoul,Seoul,South Korea,3.6,Deluxe King,"spa, parking, gym, rooftop terrace",319
HT-ICN-022,Villa Seoul West,Seoul,South Korea,3.1,Executive Suite,"beach access, gym, spa",302
HT-ICN-023,Hotel Seoul Central East,Seoul,South Korea,2.5,Family Room,"airport shuttle, breakfast included, beach access, spa, wifi",255
HT-ICN-024,The Terrace Seoul East,Seoul,South Korea,4.7,Superior Queen,"wifi, airport shuttle, pool, parking, breakfast included, beach access",699
HT-ICN-025,The Terrace Seoul II,Seoul,South Korea,4.9,Junior Suite,"kids club, rooftop terrace, beach access",556
HT-ICN-026,Villa Seoul Riverside,Seoul,South Korea,3.4,Junior Suite,"spa, restaurant, pool, parking",373
HT-ICN-027,Seoul Garden Residence Riverside,Seoul,South Korea,5,Deluxe King,"kids club, rooftop terrace, wifi, bar, parking",660
HT-ICN-028,Hotel Seoul Central II,Seoul,South Korea,3.4,Superior Queen,"airport shuttle, wifi, beach access, breakfast included, pool",370
HT-ICN-029,The Terrace Seoul East,Seoul,South Korea,2.9,Superior Queen,"bar, beach access, breakfast included",316
HT-ICN-030,Seoul Harbour Suites West,Seoul,South Korea,4.8,Superior Queen,"breakfast included, gym, airport shuttle, bar",524
HT-ICN-031,The Old Town Inn Seoul Riverside,Seoul,South Korea,5,Superior Queen,"spa, gym, kids club, restaurant, parking, bar",775
HT-ICN-032,Casa Seoul,Seoul,South Korea,4.3,Twin Room,"airport shuttle, parking, spa, gym, restaurant",471
HT-ICN-033,The Old Town Inn Seoul West,Seoul,South Korea,4.5,Deluxe King,"parking, restaurant, wifi, rooftop terrace, beach access, pool",547
HT-ICN-034,Villa Seoul Riverside,Seoul,South Korea,2.6,Deluxe King,"bar, wifi, restaurant, rooftop terrace, pool",285
HT-ICN-035,The Grand Seoul Hotel,Seoul,South Korea,3.3,Deluxe King,"beach access, gym, airport shuttle",371
HT-ICN-036,The Seoul House,Seoul,South Korea,4.8,Twin Room,"kids club, restaurant, bar, wifi",726
HT-ICN-037,The Terrace Seoul II,Seoul,South Korea,3.1,Family Room,"beach access, airport shuttle, kids club",268
HT-PUS-001,Hilton Busan,Busan,South Korea,4.5,Junior Suite,"gym, airport shuttle, beach access, rooftop terrace, parking",396
HT-PUS-002,Marriott Busan,Busan,South Korea,4.6,Junior Suite,"gym, beach access, breakfast included, pool",549
HT-PUS-003,Hyatt Regency Busan,Busan,South Korea,4.9,Standard Double,"breakfast included, kids club, airport shuttle, gym, pool, wifi",545
HT-PUS-004,InterContinental Busan,Busan,South Korea,4.6,Executive Suite,"bar, wifi, pool, restaurant",558
HT-PUS-005,The Busan Boutique,Busan,South Korea,4.3,Executive Suite,"spa, kids club, restaurant",424
HT-PUS-006,The Terrace Busan,Busan,South Korea,3.8,Executive Suite,"wifi, bar, beach access, rooftop terrace, restaurant",364
HT-PUS-007,Sheraton Busan,Busan,South Korea,4.4,Deluxe King,"spa, airport shuttle, rooftop terrace, kids club, pool",551
HT-PUS-008,The Grand Busan Hotel,Busan,South Korea,2.9,Family Room,"wifi, pool, gym, parking, kids club, airport shuttle",221
HT-PUS-009,Radisson Blu Busan,Busan,South Korea,4.1,Executive Suite,"gym, wifi, kids club, parking, rooftop terrace, spa",313
HT-PUS-010,Novotel Busan,Busan,South Korea,3.8,Deluxe King,"spa, gym, kids club, pool, airport shuttle",387
HT-PUS-011,Holiday Inn Busan,Busan,South Korea,3.2,Executive Suite,"wifi, pool, gym, spa",226
HT-PUS-012,Mercure Busan,Busan,South Korea,3.9,Family Room,"restaurant, wifi, airport shuttle, pool",305
HT-PUS-013,ibis Busan,Busan,South Korea,2.4,Twin Room,"spa, pool, kids club",185
HT-PUS-014,Villa Busan,Busan,South Korea,4.5,Superior Queen,"airport shuttle, spa, pool, parking, beach access, rooftop terrace",364
HT-PUS-015,The Busan House,Busan,South Korea,4.7,Superior Queen,"pool, wifi, spa",609
HT-PUS-016,Busan Harbour Suites,Busan,South Korea,4.3,Standard Double,"pool, spa, rooftop terrace, airport shuttle",542
HT-PUS-017,The Busan House West,Busan,South Korea,3.4,Superior Queen,"airport shuttle, breakfast included, restaurant, spa",320
HT-PUS-018,The Grand Busan Hotel Riverside,Busan,South Korea,4.3,Twin Room,"breakfast included, airport shuttle, bar, pool",374
HT-PUS-019,The Terrace Busan II,Busan,South Korea,4.7,Junior Suite,"gym, breakfast included, airport shuttle, rooftop terrace",521
HT-PUS-020,Villa Busan Riverside,Busan,South Korea,4.1,Superior Queen,"airport shuttle, beach access, bar",391
HT-PUS-021,The Grand Busan Hotel East,Busan,South Korea,4.7,Family Room,"parking, wifi, kids club, beach access, airport shuttle, breakfast included",428
HT-PUS-022,Hotel Busan Central,Busan,South Korea,3.4,Deluxe King,"kids club, gym, restaurant, rooftop terrace, spa, pool",266
HT-PUS-023,The Busan House Riverside,Busan,South Korea,3.4,Family Room,"spa, gym, pool, wifi",238
HT-PUS-024,Busan Garden Residence,Busan,South Korea,4.8,Executive Suite,"gym, pool, spa",597
HT-PUS-025,Casa Busan,Busan,South Korea,3.2,Deluxe King,"breakfast included, spa, airport shuttle, gym, bar",262
HT-PUS-026,Hotel Busan Central Annex,Busan,South Korea,4.9,Standard Double,"restaurant, airport shuttle, breakfast included, bar, kids club, pool",566
HT-PUS-027,The Old Town Inn Busan,Busan,South Korea,2.8,Deluxe King,"wifi, spa, bar, breakfast included",243
HT-PUS-028,The Terrace Busan West,Busan,South Korea,3.2,Junior Suite,"restaurant, wifi, beach access, pool",318
HT-PUS-029,Hotel Busan Central Annex,Busan,South Korea,4,Standard Double,"kids club, parking, airport shuttle, restaurant",326
HT-PUS-030,The Terrace Busan Annex,Busan,South Korea,2.9,Deluxe King,"airport shuttle, spa, pool",251
HT-PUS-031,The Terrace Busan East,Busan,South Korea,3.8,Junior Suite,"airport shuttle, restaurant, wifi, gym",421
HT-PUS-032,Villa Busan II,Busan,South Korea,4.9,Deluxe King,"spa, restaurant, beach access, kids club, parking, airport shuttle",445
HT-PUS-033,The Grand Busan Hotel Annex,Busan,South Korea,4.2,Superior Queen,"parking, restaurant, wifi, rooftop terrace, airport shuttle, beach access",371
HT-PUS-034,The Busan Boutique II,Busan,South Korea,3.5,Executive Suite,"airport shuttle, wifi, kids club, pool, rooftop terrace",305
HT-PUS-035,The Busan House West,Busan,South Korea,4.4,Executive Suite,"airport shuttle, restaurant, gym, bar",529
HT-PUS-036,Busan Harbour Suites II,Busan,South Korea,3.5,Executive Suite,"bar, airport shuttle, pool, gym",353
HT-TPE-001,Hilton Taipei,Taipei,Taiwan,4.9,Family Room,"kids club, wifi, pool, gym, breakfast included, rooftop terrace",464
HT-TPE-002,The Terrace Taipei,Taipei,Taiwan,4.5,Standard Double,"beach access, spa, bar, wifi, parking",490
HT-TPE-003,The Taipei House,Taipei,Taiwan,3.3,Junior Suite,"wifi, airport shuttle, pool, restaurant, bar, beach access",228
HT-TPE-004,The Terrace Taipei West,Taipei,Taiwan,3.1,Family Room,"gym, bar, spa, breakfast included, wifi, airport shuttle",302
HT-TPE-005,Taipei Harbour Suites,Taipei,Taiwan,4.2,Superior Queen,"bar, beach access, spa",443
HT-TPE-006,Taipei Harbour Suites West,Taipei,Taiwan,3.8,Standard Double,"spa, kids club, restaurant, gym, rooftop terrace",327
HT-TPE-007,Sheraton Taipei,Taipei,Taiwan,3.9,Superior Queen,"restaurant, kids club, airport shuttle",476
HT-TPE-008,The Taipei Boutique,Taipei,Taiwan,4.5,Family Room,"wifi, spa, rooftop terrace, kids club",605
HT-TPE-009,Radisson Blu Taipei,Taipei,Taiwan,3.5,Deluxe King,"spa, wifi, bar",388
HT-TPE-010,Novotel Taipei,Taipei,Taiwan,3.5,Family Room,"bar, breakfast included, spa",269
HT-TPE-011,Taipei Harbour Suites Riverside,Taipei,Taiwan,2.5,Family Room,"gym, bar, pool",182
HT-TPE-012,Mercure Taipei,Taipei,Taiwan,3.4,Junior Suite,"parking, airport shuttle, breakfast included",290
HT-TPE-013,ibis Taipei,Taipei,Taiwan,2.2,Standard Double,"beach access, breakfast included, pool, spa, gym",196
HT-TPE-014,ibis Styles Taipei,Taipei,Taiwan,2.8,Executive Suite,"kids club, restaurant, beach access, spa",263
HT-TPE-015,The Taipei House Annex,Taipei,Taiwan,4,Deluxe King,"wifi, bar, rooftop terrace, pool, airport shuttle",321
HT-TPE-016,Taipei Harbour Suites East,Taipei,Taiwan,3.8,Family Room,"beach access, restaurant, kids club, wifi, pool, rooftop terrace",377
HT-TPE-017,The Terrace Taipei Riverside,Taipei,Taiwan,3.8,Standard Double,"restaurant, breakfast included, spa, gym, parking, pool",452
HT-TPE-018,Taipei Garden Residence,Taipei,Taiwan,4.9,Family Room,"breakfast included, bar, spa, gym, pool",525
HT-TPE-019,The Terrace Taipei Riverside,Taipei,Taiwan,4.8,Family Room,"spa, bar, airport shuttle, parking, pool",614
HT-TPE-020,The Terrace Taipei East,Taipei,Taiwan,2.9,Executive Suite,"spa, beach access, kids club",298
HT-TPE-021,The Terrace Taipei Riverside,Taipei,Taiwan,4,Deluxe King,"bar, wifi, pool",376
HT-TPE-022,Casa Taipei,Taipei,Taiwan,3.6,Twin Room,"parking, wifi, rooftop terrace",321
HT-TPE-023,The Grand Taipei Hotel,Taipei,Taiwan,3.5,Deluxe King,"kids club, restaurant, wifi, pool",407
HT-TPE-024,Hotel Taipei Central,Taipei,Taiwan,4.4,Superior Queen,"wifi, rooftop terrace, pool, airport shuttle",499
HT-TPE-025,Taipei Garden Residence II,Taipei,Taiwan,4.2,Deluxe King,"beach access, spa, restaurant, parking, bar",511
HT-TPE-026,The Terrace Taipei West,Taipei,Taiwan,3,Executive Suite,"airport shuttle, pool, spa, bar",272
HT-TPE-027,The Terrace Taipei Annex,Taipei,Taiwan,4.6,Deluxe King,"beach access, breakfast included, kids club, spa, bar, gym",644
HT-TPE-028,Taipei Garden Residence II,Taipei,Taiwan,3.2,Deluxe King,"gym, spa, airport shuttle, pool",236
HT-TPE-029,The Grand Taipei Hotel Riverside,Taipei,Taiwan,3.1,Family Room,"restaurant, wifi, bar, beach access",245
HT-TPE-030,Casa Taipei Annex,Taipei,Taiwan,2.8,Deluxe King,"wifi, bar, spa, airport shuttle, rooftop terrace",272
HT-TPE-031,The Taipei House II,Taipei,Taiwan,4,Executive Suite,"airport shuttle, parking, kids club",321
HT-TPE-032,Casa Taipei Annex,Taipei,Taiwan,4.7,Standard Double,"wifi, pool, airport shuttle",420
HT-TPE-033,Taipei Garden Residence Riverside,Taipei,Taiwan,3.4,Family Room,"pool, airport shuttle, spa, bar, kids club, breakfast included",320
HT-TPE-034,Taipei Harbour Suites Riverside,Taipei,Taiwan,4.4,Deluxe King,"airport shuttle, pool, gym, spa, bar",489
HT-TPE-035,The Taipei House East,Taipei,Taiwan,3.9,Junior Suite,"restaurant, gym, beach access",435
HT-TPE-036,Taipei Harbour Suites West,Taipei,Taiwan,4,Standard Double,"spa, kids club, restaurant, pool, parking",403
HT-HKG-001,Hilton Hong Kong,Hong Kong,China,4.8,Twin Room,"wifi, bar, restaurant, parking",884
HT-HKG-002,Villa Hong Kong,Hong Kong,China,3.9,Junior Suite,"bar, beach access, airport shuttle, wifi, rooftop terrace, pool",451
HT-HKG-003,The Terrace Hong Kong,Hong Kong,China,4.6,Twin Room,"spa, gym, pool, wifi, restaurant, bar",799
HT-HKG-004,InterContinental Hong Kong,Hong Kong,China,4.9,Deluxe King,"spa, gym, airport shuttle",673
HT-HKG-005,Casa Hong Kong,Hong Kong,China,2.9,Executive Suite,"bar, wifi, parking, pool",306
HT-HKG-006,Four Seasons Hong Kong,Hong Kong,China,4.9,Family Room,"parking, gym, kids club",673
HT-HKG-007,Hong Kong Harbour Suites,Hong Kong,China,3.3,Family Room,"wifi, rooftop terrace, spa, bar",319
HT-HKG-008,The Terrace Hong Kong II,Hong Kong,China,3.9,Executive Suite,"wifi, parking, pool, gym, rooftop terrace, kids club",616
HT-HKG-009,Radisson Blu Hong Kong,Hong Kong,China,4.5,Deluxe King,"spa, airport shuttle, beach access, parking, wifi, pool",703
HT-HKG-010,The Grand Hong Kong Hotel,Hong Kong,China,4.7,Family Room,"airport shuttle, wifi, rooftop terrace, beach access",681
HT-HKG-011,Holiday Inn Hong Kong,Hong Kong,China,3.5,Executive Suite,"parking, bar, pool",424
HT-HKG-012,Hong Kong Harbour Suites Annex,Hong Kong,China,3.3,Deluxe King,"airport shuttle, restaurant, kids club",351
HT-HKG-013,The Old Town Inn Hong Kong,Hong Kong,China,3.3,Twin Room,"spa, rooftop terrace, pool",339
HT-HKG-014,Casa Hong Kong II,Hong Kong,China,4.5,Junior Suite,"beach access, wifi, pool, restaurant, rooftop terrace",618
HT-HKG-015,Travelodge Hong Kong,Hong Kong,China,2.4,Family Room,"pool, restaurant, beach access, airport shuttle, spa",199
HT-HKG-016,Casa Hong Kong Annex,Hong Kong,China,4.5,Executive Suite,"bar, restaurant, spa, gym, wifi, pool",585
HT-HKG-017,Casa Hong Kong Riverside,Hong Kong,China,2.8,Twin Room,"restaurant, parking, wifi, kids club, airport shuttle, bar",320
HT-HKG-018,Casa Hong Kong West,Hong Kong,China,3.6,Superior Queen,"spa, pool, bar, wifi, airport shuttle",386
HT-HKG-019,Hong Kong Garden Residence,Hong Kong,China,4.3,Junior Suite,"wifi, pool, bar",746
HT-HKG-020,Hong Kong Garden Residence Riverside,Hong Kong,China,4.2,Standard Double,"kids club, wifi, bar",536
HT-HKG-021,Hong Kong Garden Residence West,Hong Kong,China,3.4,Family Room,"restaurant, pool, breakfast included, parking, spa, airport shuttle",441
HT-HKG-022,The Hong Kong House,Hong Kong,China,3.6,Junior Suite,"airport shuttle, pool, spa, kids club, breakfast included, beach access",449
HT-HKG-023,The Old Town Inn Hong Kong East,Hong Kong,China,4.8,Executive Suite,"wifi, gym, pool, beach access, restaurant, kids club",693
HT-HKG-024,The Terrace Hong Kong West,Hong Kong,China,2.6,Executive Suite,"breakfast included, spa, gym, rooftop terrace, pool",228
HT-HKG-025,Villa Hong Kong II,Hong Kong,China,4.3,Twin Room,"breakfast included, kids club, beach access, wifi, restaurant",540
HT-HKG-026,The Hong Kong House Riverside,Hong Kong,China,4.4,Twin Room,"airport shuttle, wifi, beach access, restaurant, rooftop terrace, pool",783
HT-HKG-027,The Old Town Inn Hong Kong II,Hong Kong,China,3.5,Deluxe King,"wifi, beach access, pool, restaurant, gym",501
HT-HKG-028,The Terrace Hong Kong Riverside,Hong Kong,China,4.5,Executive Suite,"kids club, airport shuttle, rooftop terrace, restaurant, parking",743
HT-HKG-029,Hong Kong Harbour Suites II,Hong Kong,China,4.8,Junior Suite,"wifi, airport shuttle, rooftop terrace",921
HT-HKG-030,The Hong Kong Boutique,Hong Kong,China,4.2,Junior Suite,"spa, wifi, pool, gym",577
HT-HKG-031,The Terrace Hong Kong Riverside,Hong Kong,China,3.8,Deluxe King,"spa, kids club, beach access, airport shuttle, breakfast included",594
HT-HKG-032,The Terrace Hong Kong Annex,Hong Kong,China,3.4,Twin Room,"wifi, bar, pool, restaurant, gym",413
HT-HKG-033,The Grand Hong Kong Hotel Riverside,Hong Kong,China,3.9,Family Room,"wifi, beach access, kids club",600
HT-HKG-034,Hong Kong Garden Residence East,Hong Kong,China,3.9,Deluxe King,"spa, airport shuttle, parking",585
HT-HKG-035,Hotel Hong Kong Central,Hong Kong,China,4.3,Standard Double,"spa, gym, breakfast included",728
HT-PVG-001,Villa Shanghai,Shanghai,China,3.4,Junior Suite,"gym, spa, beach access, pool, parking",300
HT-PVG-002,Villa Shanghai Riverside,Shanghai,China,2.9,Deluxe King,"breakfast included, beach access, wifi, pool, rooftop terrace",211
HT-PVG-003,Shanghai Harbour Suites,Shanghai,China,3.6,Family Room,"wifi, airport shuttle, pool, rooftop terrace, breakfast included, bar",348
HT-PVG-004,The Grand Shanghai Hotel,Shanghai,China,4.9,Superior Queen,"rooftop terrace, bar, airport shuttle, spa, breakfast included",716
HT-PVG-005,The Terrace Shanghai,Shanghai,China,3.2,Deluxe King,"breakfast included, bar, airport shuttle, wifi, rooftop terrace, pool",321
HT-PVG-006,The Shanghai House,Shanghai,China,2.6,Junior Suite,"spa, gym, beach access",197
HT-PVG-007,Sheraton Shanghai,Shanghai,China,4.1,Superior Queen,"airport shuttle, breakfast included, parking",487
HT-PVG-008,The Old Town Inn Shanghai,Shanghai,China,3.8,Superior Queen,"gym, parking, rooftop terrace",428
HT-PVG-009,Casa Shanghai,Shanghai,China,2.8,Superior Queen,"beach access, spa, kids club",225
HT-PVG-010,The Shanghai House West,Shanghai,China,3.7,Standard Double,"spa, gym, bar, parking, breakfast included, restaurant",406
HT-PVG-011,Holiday Inn Shanghai,Shanghai,China,3.2,Standard Double,"parking, wifi, pool, airport shuttle, kids club, beach access",338
HT-PVG-012,Mercure Shanghai,Shanghai,China,3.9,Junior Suite,"wifi, kids club, pool",485
HT-PVG-013,The Grand Shanghai Hotel West,Shanghai,China,2.9,Twin Room,"parking, beach access, spa, wifi, rooftop terrace, airport shuttle",208
HT-PVG-014,Shanghai Harbour Suites East,Shanghai,China,4.6,Deluxe King,"rooftop terrace, airport shuttle, kids club, parking, gym, wifi",535
HT-PVG-015,Hotel Shanghai Central,Shanghai,China,3.3,Standard Double,"spa, gym, breakfast included",377
HT-PVG-016,Villa Shanghai Riverside,Shanghai,China,4.4,Deluxe King,"bar, restaurant, wifi, rooftop terrace",464
HT-PVG-017,The Shanghai Boutique,Shanghai,China,2.9,Twin Room,"wifi, bar, rooftop terrace, pool",226
HT-PVG-018,The Grand Shanghai Hotel Annex,Shanghai,China,3.2,Executive Suite,"spa, gym, restaurant, airport shuttle",365
HT-PVG-019,Shanghai Garden Residence,Shanghai,China,4.2,Superior Queen,"wifi, spa, rooftop terrace, airport shuttle, restaurant",452
HT-PVG-020,The Shanghai Boutique West,Shanghai,China,3.1,Junior Suite,"wifi, airport shuttle, kids club, spa",294
HT-PVG-021,The Grand Shanghai Hotel II,Shanghai,China,4.7,Superior Queen,"rooftop terrace, breakfast included, spa",734
HT-PVG-022,Hotel Shanghai Central West,Shanghai,China,3.4,Family Room,"pool, parking, kids club, restaurant",360
HT-PVG-023,The Terrace Shanghai West,Shanghai,China,3.8,Standard Double,"bar, rooftop terrace, airport shuttle",444
HT-PVG-024,The Shanghai Boutique West,Shanghai,China,3.4,Superior Queen,"gym, pool, bar, beach access, airport shuttle",406
HT-PVG-025,The Terrace Shanghai Annex,Shanghai,China,4.9,Junior Suite,"kids club, bar, wifi, pool, breakfast included, gym",649
HT-PVG-026,Shanghai Garden Residence II,Shanghai,China,4,Superior Queen,"spa, wifi, restaurant, kids club",463
HT-PVG-027,Villa Shanghai East,Shanghai,China,3.5,Executive Suite,"gym, spa, bar",318
HT-PVG-028,The Terrace Shanghai Annex,Shanghai,China,2.9,Deluxe King,"airport shuttle, gym, restaurant, bar, breakfast included",296
HT-PVG-029,Shanghai Harbour Suites II,Shanghai,China,3.1,Family Room,"wifi, restaurant, parking",339
HT-PVG-030,Shanghai Harbour Suites Riverside,Shanghai,China,3.6,Twin Room,"wifi, beach access, rooftop terrace, spa, bar, breakfast included",406
HT-PVG-031,The Old Town Inn Shanghai Riverside,Shanghai,China,4.9,Deluxe King,"rooftop terrace, gym, kids club, bar, spa",661
HT-PVG-032,The Grand Shanghai Hotel West,Shanghai,China,3.7,Superior Queen,"parking, gym, spa, breakfast included, restaurant, bar",485
HT-BKK-001,Hilton Bangkok,Bangkok,Thailand,4.8,Twin Room,"beach access, bar, gym",460
HT-BKK-002,Marriott Bangkok,Bangkok,Thailand,5,Junior Suite,"bar, breakfast included, spa",504
HT-BKK-003,Hyatt Regency Bangkok,Bangkok,Thailand,4.9,Deluxe King,"airport shuttle, restaurant, beach access",445
HT-BKK-004,Bangkok Garden Residence,Bangkok,Thailand,4.9,Family Room,"bar, airport shuttle, restaurant, rooftop terrace, parking",408
HT-BKK-005,Shangri-La Bangkok,Bangkok,Thailand,4.9,Executive Suite,"spa, gym, breakfast included, kids club",478
HT-BKK-006,Four Seasons Bangkok,Bangkok,Thailand,4.6,Standard Double,"parking, pool, breakfast included, airport shuttle, kids club, beach access",445
HT-BKK-007,Villa Bangkok,Bangkok,Thailand,3.1,Standard Double,"beach access, spa, gym, rooftop terrace",203
HT-BKK-008,Bangkok Harbour Suites,Bangkok,Thailand,4.2,Deluxe King,"kids club, beach access, wifi, pool",364
HT-BKK-009,The Grand Bangkok Hotel,Bangkok,Thailand,5,Standard Double,"rooftop terrace, wifi, beach access, gym",431
HT-BKK-010,Novotel Bangkok,Bangkok,Thailand,3.8,Family Room,"spa, gym, pool, beach access",280
HT-BKK-011,Villa Bangkok East,Bangkok,Thailand,4.8,Junior Suite,"beach access, kids club, spa, gym",321
HT-BKK-012,Mercure Bangkok,Bangkok,Thailand,3.7,Superior Queen,"pool, kids club, parking, beach access",235
HT-BKK-013,ibis Bangkok,Bangkok,Thailand,2.8,Deluxe King,"beach access, wifi, pool",182
HT-BKK-014,ibis Styles Bangkok,Bangkok,Thailand,2.4,Standard Double,"rooftop terrace, gym, restaurant",167
HT-BKK-015,Travelodge Bangkok,Bangkok,Thailand,2.2,Junior Suite,"parking, wifi, spa, pool",100
HT-BKK-016,Bangkok Garden Residence West,Bangkok,Thailand,3.4,Executive Suite,"pool, spa, bar",242
HT-BKK-017,Bangkok Garden Residence Annex,Bangkok,Thailand,3.7,Executive Suite,"wifi, kids club, airport shuttle",314
HT-BKK-018,The Terrace Bangkok,Bangkok,Thailand,3.7,Superior Queen,"restaurant, parking, breakfast included, rooftop terrace, gym",238
HT-BKK-019,The Grand Bangkok Hotel II,Bangkok,Thailand,3.9,Family Room,"restaurant, beach access, rooftop terrace",359
HT-BKK-020,The Old Town Inn Bangkok,Bangkok,Thailand,2.7,Executive Suite,"restaurant, gym, rooftop terrace, wifi, airport shuttle, parking",151
HT-BKK-021,Hotel Bangkok Central,Bangkok,Thailand,4,Deluxe King,"wifi, pool, parking",265
HT-BKK-022,Hotel Bangkok Central Annex,Bangkok,Thailand,3.7,Deluxe King,"wifi, pool, gym, airport shuttle, spa, rooftop terrace",306
HT-BKK-023,Casa Bangkok,Bangkok,Thailand,2.7,Executive Suite,"airport shuttle, spa, restaurant, gym, bar",162
HT-BKK-024,The Bangkok Boutique,Bangkok,Thailand,5,Deluxe King,"rooftop terrace, spa, kids club, restaurant, parking",538
HT-BKK-025,The Grand Bangkok Hotel East,Bangkok,Thailand,4.8,Superior Queen,"gym, bar, beach access, rooftop terrace, spa, restaurant",468
HT-BKK-026,The Bangkok Boutique Annex,Bangkok,Thailand,4.4,Standard Double,"bar, airport shuttle, pool",350
HT-BKK-027,The Grand Bangkok Hotel Annex,Bangkok,Thailand,3.9,Superior Queen,"rooftop terrace, parking, beach access, restaurant, wifi",229
HT-BKK-028,Casa Bangkok Annex,Bangkok,Thailand,3,Junior Suite,"spa, pool, beach access, breakfast included",155
HT-BKK-029,The Bangkok Boutique East,Bangkok,Thailand,3.9,Deluxe King,"wifi, rooftop terrace, gym",232
HT-BKK-030,The Old Town Inn Bangkok Annex,Bangkok,Thailand,4.9,Standard Double,"kids club, pool, gym, wifi, parking",334
HT-BKK-031,The Terrace Bangkok West,Bangkok,Thailand,3,Executive Suite,"spa, parking, kids club, beach access, bar",190
HT-BKK-032,The Bangkok House,Bangkok,Thailand,3.4,Standard Double,"wifi, rooftop terrace, breakfast included, airport shuttle, pool, beach access",180
HT-CNX-001,The Terrace Chiang Mai,Chiang Mai,Thailand,3,Junior Suite,"beach access, pool, kids club, spa, airport shuttle",155
HT-CNX-002,Marriott Chiang Mai,Chiang Mai,Thailand,4.9,Standard Double,"bar, beach access, breakfast included, parking, restaurant, spa",438
HT-CNX-003,Hyatt Regency Chiang Mai,Chiang Mai,Thailand,4.6,Executive Suite,"spa, pool, airport shuttle, breakfast included",356
HT-CNX-004,InterContinental Chiang Mai,Chiang Mai,Thailand,4.8,Family Room,"kids club, pool, wifi, spa, gym, rooftop terrace",422
HT-CNX-005,Shangri-La Chiang Mai,Chiang Mai,Thailand,5,Junior Suite,"kids club, beach access, bar, spa",450
HT-CNX-006,Four Seasons Chiang Mai,Chiang Mai,Thailand,4.5,Twin Room,"bar, breakfast included, spa",312
HT-CNX-007,Casa Chiang Mai,Chiang Mai,Thailand,4.1,Twin Room,"wifi, pool, gym, kids club",253
HT-CNX-008,Crowne Plaza Chiang Mai,Chiang Mai,Thailand,4.4,Twin Room,"breakfast included, wifi, airport shuttle, spa, bar",286
HT-CNX-009,Radisson Blu Chiang Mai,Chiang Mai,Thailand,4.2,Executive Suite,"restaurant, kids club, gym",293
HT-CNX-010,Novotel Chiang Mai,Chiang Mai,Thailand,3.8,Superior Queen,"airport shuttle, wifi, pool",252
HT-CNX-011,Chiang Mai Garden Residence,Chiang Mai,Thailand,4,Twin Room,"rooftop terrace, wifi, bar, beach access",203
HT-CNX-012,Mercure Chiang Mai,Chiang Mai,Thailand,3.5,Superior Queen,"parking, wifi, beach access",243
HT-CNX-013,ibis Chiang Mai,Chiang Mai,Thailand,2.9,Twin Room,"wifi, spa, bar, parking",121
HT-CNX-014,ibis Styles Chiang Mai,Chiang Mai,Thailand,3,Superior Queen,"bar, pool, kids club, airport shuttle, wifi",192
HT-CNX-015,Travelodge Chiang Mai,Chiang Mai,Thailand,2.7,Standard Double,"parking, wifi, beach access, kids club",119
HT-CNX-016,The Grand Chiang Mai Hotel,Chiang Mai,Thailand,4.1,Twin Room,"airport shuttle, parking, wifi",217
HT-CNX-017,Chiang Mai Garden Residence Riverside,Chiang Mai,Thailand,4.6,Superior Queen,"spa, gym, breakfast included, kids club",306
HT-CNX-018,The Grand Chiang Mai Hotel Riverside,Chiang Mai,Thailand,4.9,Standard Double,"wifi, kids club, bar, pool, parking",360
HT-CNX-019,Casa Chiang Mai East,Chiang Mai,Thailand,3.8,Junior Suite,"spa, restaurant, beach access, airport shuttle",240
HT-CNX-020,Hotel Chiang Mai Central,Chiang Mai,Thailand,4.1,Standard Double,"parking, wifi, restaurant, breakfast included, pool",232
HT-CNX-021,Villa Chiang Mai,Chiang Mai,Thailand,5,Family Room,"pool, parking, wifi, beach access, gym",428
HT-CNX-022,The Chiang Mai House,Chiang Mai,Thailand,4.6,Superior Queen,"restaurant, airport shuttle, wifi, kids club, breakfast included",303
HT-CNX-023,Hotel Chiang Mai Central Annex,Chiang Mai,Thailand,4.4,Twin Room,"spa, wifi, bar, parking, beach access",332
HT-CNX-024,Casa Chiang Mai East,Chiang Mai,Thailand,2.9,Executive Suite,"pool, wifi, beach access, breakfast included, gym, rooftop terrace",190
HT-CNX-025,The Grand Chiang Mai Hotel Annex,Chiang Mai,Thailand,3.4,Superior Queen,"rooftop terrace, gym, wifi, pool, bar",189
HT-CNX-026,Casa Chiang Mai West,Chiang Mai,Thailand,4,Family Room,"wifi, pool, airport shuttle, beach access, parking, breakfast included",242
HT-CNX-027,The Chiang Mai House II,Chiang Mai,Thailand,4.3,Deluxe King,"wifi, breakfast included, restaurant, pool, kids club",297
HT-CNX-028,Hotel Chiang Mai Central Riverside,Chiang Mai,Thailand,3.6,Deluxe King,"airport shuttle, beach access, wifi, pool, bar, rooftop terrace",261
HT-CNX-029,The Chiang Mai House II,Chiang Mai,Thailand,4.1,Family Room,"rooftop terrace, spa, restaurant, gym",304
HT-CNX-030,Villa Chiang Mai East,Chiang Mai,Thailand,3.7,Superior Queen,"restaurant, beach access, wifi, bar, pool, breakfast included",241
HT-CNX-031,Chiang Mai Harbour Suites,Chiang Mai,Thailand,4.7,Standard Double,"wifi, kids club, airport shuttle, rooftop terrace, bar, pool",337
HT-CNX-032,Chiang Mai Harbour Suites East,Chiang Mai,Thailand,3.6,Junior Suite,"gym, airport shuttle, restaurant, pool, rooftop terrace, beach access",230
HT-CNX-033,The Terrace Chiang Mai West,Chiang Mai,Thailand,4.3,Junior Suite,"wifi, kids club, restaurant, airport shuttle, pool, beach access",249
HT-HKT-001,Hilton Phuket,Phuket,Thailand,4.5,Superior Queen,"parking, spa, airport shuttle, breakfast included",489
HT-HKT-002,Hotel Phuket Central,Phuket,Thailand,3.4,Family Room,"rooftop terrace, breakfast included, restaurant, gym, kids club, spa",210
HT-HKT-003,Hyatt Regency Phuket,Phuket,Thailand,4.6,Twin Room,"parking, pool, beach access",481
HT-HKT-004,InterContinental Phuket,Phuket,Thailand,4.8,Twin Room,"parking, wifi, beach access",531
HT-HKT-005,Shangri-La Phuket,Phuket,Thailand,4.5,Standard Double,"bar, spa, rooftop terrace, kids club",493
HT-HKT-006,Four Seasons Phuket,Phuket,Thailand,4.7,Twin Room,"spa, wifi, beach access, restaurant, pool",491
HT-HKT-007,Sheraton Phuket,Phuket,Thailand,4.4,Family Room,"kids club, restaurant, bar",430
HT-HKT-008,Crowne Plaza Phuket,Phuket,Thailand,4.1,Junior Suite,"breakfast included, gym, restaurant, rooftop terrace, bar, pool",322
HT-HKT-009,Radisson Blu Phuket,Phuket,Thailand,4.3,Deluxe King,"spa, parking, gym, bar, breakfast included, airport shuttle",417
HT-HKT-010,The Phuket House,Phuket,Thailand,3.4,Deluxe King,"gym, airport shuttle, parking",250
HT-HKT-011,Holiday Inn Phuket,Phuket,Thailand,3,Twin Room,"kids club, gym, restaurant, wifi, pool",232
HT-HKT-012,Mercure Phuket,Phuket,Thailand,3.2,Deluxe King,"pool, spa, gym",225
HT-HKT-013,ibis Phuket,Phuket,Thailand,2.7,Family Room,"rooftop terrace, airport shuttle, breakfast included, spa",185
HT-HKT-014,ibis Styles Phuket,Phuket,Thailand,2.7,Twin Room,"pool, spa, rooftop terrace, bar, breakfast included, wifi",157
HT-HKT-015,Travelodge Phuket,Phuket,Thailand,2.8,Executive Suite,"spa, wifi, kids club",146
HT-HKT-016,The Phuket Boutique,Phuket,Thailand,4.7,Deluxe King,"airport shuttle, wifi, bar, restaurant, beach access, rooftop terrace",422
HT-HKT-017,Phuket Garden Residence,Phuket,Thailand,3.5,Executive Suite,"wifi, breakfast included, parking, spa",309
HT-HKT-018,Phuket Garden Residence II,Phuket,Thailand,4.5,Deluxe King,"breakfast included, gym, kids club",307
HT-HKT-019,The Terrace Phuket,Phuket,Thailand,4.4,Standard Double,"breakfast included, spa, gym, kids club, pool, bar",324
HT-HKT-020,The Phuket House II,Phuket,Thailand,3.8,Executive Suite,"kids club, breakfast included, beach access",331
HT-HKT-021,Hotel Phuket Central Annex,Phuket,Thailand,3.5,Executive Suite,"wifi, kids club, restaurant",225
HT-HKT-022,Phuket Harbour Suites,Phuket,Thailand,2.9,Deluxe King,"wifi, kids club, pool",178
HT-HKT-023,Phuket Garden Residence Annex,Phuket,Thailand,2.9,Junior Suite,"bar, breakfast included, spa, beach access",162
HT-HKT-024,The Terrace Phuket Riverside,Phuket,Thailand,3.3,Standard Double,"breakfast included, spa, kids club, beach access, gym, bar",234
HT-HKT-025,Casa Phuket,Phuket,Thailand,2.8,Standard Double,"restaurant, wifi, kids club, bar, airport shuttle",150
HT-HKT-026,Casa Phuket Riverside,Phuket,Thailand,3,Superior Queen,"beach access, wifi, pool, bar, airport shuttle, parking",159
HT-HKT-027,Phuket Garden Residence Riverside,Phuket,Thailand,4.3,Superior Queen,"kids club, wifi, pool, gym, breakfast included, bar",396
HT-HKT-028,The Phuket Boutique West,Phuket,Thailand,2.6,Superior Queen,"wifi, parking, airport shuttle",146
HT-HKT-029,Villa Phuket,Phuket,Thailand,2.7,Junior Suite,"wifi, breakfast included, beach access, kids club",139
HT-HKT-030,The Grand Phuket Hotel,Phuket,Thailand,2.7,Junior Suite,"airport shuttle, restaurant, bar, breakfast included",198
HT-SIN-001,The Old Town Inn Singapore,Singapore,Singapore,3.6,Family Room,"bar, gym, restaurant",554
HT-SIN-002,Singapore Garden Residence,Singapore,Singapore,2.9,Standard Double,"gym, breakfast included, pool",361
HT-SIN-003,Hyatt Regency Singapore,Singapore,Singapore,5,Superior Queen,"spa, gym, bar",774
HT-SIN-004,The Singapore House,Singapore,Singapore,3.3,Superior Queen,"spa, kids club, airport shuttle, pool, beach access",481
HT-SIN-005,Shangri-La Singapore,Singapore,Singapore,5,Standard Double,"bar, beach access, wifi, spa",963
HT-SIN-006,Casa Singapore,Singapore,Singapore,3.4,Twin Room,"pool, breakfast included, beach access, kids club",530
HT-SIN-007,The Old Town Inn Singapore II,Singapore,Singapore,3.5,Standard Double,"gym, airport shuttle, pool, restaurant, rooftop terrace, wifi",472
HT-SIN-008,Crowne Plaza Singapore,Singapore,Singapore,3.5,Family Room,"parking, beach access, airport shuttle, spa, kids club",574
HT-SIN-009,Singapore Garden Residence Annex,Singapore,Singapore,2.8,Executive Suite,"restaurant, kids club, beach access, gym, pool, wifi",348
HT-SIN-010,Novotel Singapore,Singapore,Singapore,4.5,Family Room,"beach access, breakfast included, bar, kids club, parking, airport shuttle",594
HT-SIN-011,Holiday Inn Singapore,Singapore,Singapore,3.4,Family Room,"wifi, restaurant, airport shuttle",429
HT-SIN-012,Mercure Singapore,Singapore,Singapore,3.4,Standard Double,"rooftop terrace, restaurant, gym",543
HT-SIN-013,ibis Singapore,Singapore,Singapore,2.3,Family Room,"bar, kids club, airport shuttle, spa, beach access, parking",193
HT-SIN-014,ibis Styles Singapore,Singapore,Singapore,2.7,Standard Double,"wifi, gym, pool, restaurant",298
HT-SIN-015,Travelodge Singapore,Singapore,Singapore,2.9,Superior Queen,"restaurant, parking, pool, airport shuttle, gym, kids club",308
HT-SIN-016,The Singapore Boutique,Singapore,Singapore,5,Junior Suite,"kids club, parking, wifi",700
HT-SIN-017,Casa Singapore Annex,Singapore,Singapore,4.1,Executive Suite,"kids club, gym, breakfast included, airport shuttle, beach access, wifi",603
HT-SIN-018,The Grand Singapore Hotel,Singapore,Singapore,4,Twin Room,"parking, bar, spa",545
HT-SIN-019,The Grand Singapore Hotel Annex,Singapore,Singapore,2.9,Junior Suite,"airport shuttle, beach access, parking",364
HT-SIN-020,Villa Singapore,Singapore,Singapore,3.5,Standard Double,"breakfast included, rooftop terrace, restaurant, spa, parking",534
HT-SIN-021,Singapore Harbour Suites,Singapore,Singapore,4.2,Standard Double,"spa, wifi, airport shuttle, rooftop terrace",617
HT-SIN-022,The Grand Singapore Hotel Annex,Singapore,Singapore,3.1,Executive Suite,"bar, spa, airport shuttle, beach access",396
HT-SIN-023,Singapore Harbour Suites Annex,Singapore,Singapore,3.4,Executive Suite,"bar, rooftop terrace, spa, parking",433
HT-SIN-024,The Grand Singapore Hotel Riverside,Singapore,Singapore,3.2,Executive Suite,"airport shuttle, rooftop terrace, kids club, spa, pool",458
HT-SIN-025,The Terrace Singapore,Singapore,Singapore,4.4,Twin Room,"bar, beach access, gym, parking, rooftop terrace",558
HT-SIN-026,The Terrace Singapore Riverside,Singapore,Singapore,3.8,Family Room,"pool, airport shuttle, restaurant",576
HT-SIN-027,Hotel Singapore Central,Singapore,Singapore,4,Junior Suite,"pool, beach access, spa",640
HT-SIN-028,The Terrace Singapore West,Singapore,Singapore,3,Family Room,"gym, breakfast included, beach access, pool",425
HT-SIN-029,Casa Singapore Riverside,Singapore,Singapore,2.9,Deluxe King,"wifi, rooftop terrace, bar, restaurant",311
HT-SIN-030,The Old Town Inn Singapore East,Singapore,Singapore,4.3,Superior Queen,"kids club, wifi, beach access, pool",630
HT-KUL-001,The Kuala Lumpur House,Kuala Lumpur,Malaysia,2.9,Standard Double,"rooftop terrace, beach access, wifi, kids club",197
HT-KUL-002,Marriott Kuala Lumpur,Kuala Lumpur,Malaysia,4.9,Deluxe King,"airport shuttle, kids club, rooftop terrace, gym, spa",338
HT-KUL-003,Hyatt Regency Kuala Lumpur,Kuala Lumpur,Malaysia,4.9,Superior Queen,"airport shuttle, gym, breakfast included, pool, bar, parking",519
HT-KUL-004,InterContinental Kuala Lumpur,Kuala Lumpur,Malaysia,4.5,Executive Suite,"breakfast included, spa, rooftop terrace, gym, bar",442
HT-KUL-005,Kuala Lumpur Harbour Suites,Kuala Lumpur,Malaysia,3.2,Family Room,"kids club, spa, gym, bar",230
HT-KUL-006,Four Seasons Kuala Lumpur,Kuala Lumpur,Malaysia,4.6,Standard Double,"spa, gym, kids club, airport shuttle",346
HT-KUL-007,Villa Kuala Lumpur,Kuala Lumpur,Malaysia,4.6,Twin Room,"breakfast included, restaurant, spa, gym, pool, bar",427
HT-KUL-008,Kuala Lumpur Harbour Suites East,Kuala Lumpur,Malaysia,4.8,Junior Suite,"gym, pool, breakfast included",512
HT-KUL-009,The Kuala Lumpur Boutique,Kuala Lumpur,Malaysia,5,Family Room,"bar, airport shuttle, beach access, wifi",487
HT-KUL-010,Novotel Kuala Lumpur,Kuala Lumpur,Malaysia,3.9,Executive Suite,"wifi, restaurant, beach access",265
HT-KUL-011,Holiday Inn Kuala Lumpur,Kuala Lumpur,Malaysia,3.7,Junior Suite,"airport shuttle, beach access, wifi",253
HT-KUL-012,Mercure Kuala Lumpur,Kuala Lumpur,Malaysia,3.8,Deluxe King,"spa, bar, beach access",275
HT-KUL-013,Kuala Lumpur Harbour Suites West,Kuala Lumpur,Malaysia,4.5,Executive Suite,"spa, rooftop terrace, beach access, gym, bar, breakfast included",379
HT-KUL-014,ibis Styles Kuala Lumpur,Kuala Lumpur,Malaysia,2.4,Deluxe King,"beach access, kids club, bar, pool, restaurant",139
HT-KUL-015,Travelodge Kuala Lumpur,Kuala Lumpur,Malaysia,2.7,Twin Room,"spa, bar, gym, beach access",162
HT-KUL-016,Hotel Kuala Lumpur Central,Kuala Lumpur,Malaysia,4.3,Superior Queen,"rooftop terrace, spa, beach access",330
HT-KUL-017,Villa Kuala Lumpur Annex,Kuala Lumpur,Malaysia,3.6,Junior Suite,"rooftop terrace, airport shuttle, spa, breakfast included, beach access, gym",215
HT-KUL-018,The Grand Kuala Lumpur Hotel,Kuala Lumpur,Malaysia,4.5,Junior Suite,"wifi, kids club, airport shuttle, pool, beach access",290
HT-KUL-019,The Grand Kuala Lumpur Hotel Riverside,Kuala Lumpur,Malaysia,4.5,Standard Double,"wifi, pool, breakfast included, rooftop terrace, kids club",354
HT-KUL-020,The Old Town Inn Kuala Lumpur,Kuala Lumpur,Malaysia,3.3,Standard Double,"restaurant, wifi, parking",214
HT-KUL-021,Kuala Lumpur Harbour Suites East,Kuala Lumpur,Malaysia,3.9,Family Room,"pool, rooftop terrace, spa, restaurant, bar, breakfast included",251
HT-KUL-022,The Kuala Lumpur House II,Kuala Lumpur,Malaysia,2.6,Twin Room,"airport shuttle, gym, spa, pool",187
HT-KUL-023,The Kuala Lumpur House East,Kuala Lumpur,Malaysia,3.2,Superior Queen,"parking, breakfast included, wifi, kids club",202
HT-KUL-024,The Grand Kuala Lumpur Hotel West,Kuala Lumpur,Malaysia,3,Executive Suite,"spa, breakfast included, parking, bar, beach access, restaurant",220
HT-KUL-025,The Kuala Lumpur House Annex,Kuala Lumpur,Malaysia,4.8,Standard Double,"kids club, airport shuttle, rooftop terrace",413
HT-KUL-026,The Terrace Kuala Lumpur,Kuala Lumpur,Malaysia,2.8,Family Room,"airport shuttle, pool, gym, beach access, parking, restaurant",171
HT-KUL-027,The Old Town Inn Kuala Lumpur Annex,Kuala Lumpur,Malaysia,4.1,Twin Room,"breakfast included, rooftop terrace, spa, gym",286
HT-KUL-028,The Terrace Kuala Lumpur West,Kuala Lumpur,Malaysia,2.9,Twin Room,"breakfast included, gym, bar, rooftop terrace",187
HT-KUL-029,The Grand Kuala Lumpur Hotel II,Kuala Lumpur,Malaysia,2.6,Family Room,"parking, pool, beach access, gym",167
HT-KUL-030,The Terrace Kuala Lumpur West,Kuala Lumpur,Malaysia,4.5,Deluxe King,"wifi, beach access, pool, rooftop terrace",407
HT-KUL-031,The Grand Kuala Lumpur Hotel II,Kuala Lumpur,Malaysia,3.7,Junior Suite,"gym, bar, wifi, parking",263
HT-KUL-032,Kuala Lumpur Harbour Suites II,Kuala Lumpur,Malaysia,3.5,Twin Room,"wifi, kids club, parking",279
HT-KUL-033,Kuala Lumpur Garden Residence,Kuala Lumpur,Malaysia,4.5,Twin Room,"gym, pool, beach access, spa, wifi, airport shuttle",322
HT-KUL-034,The Grand Kuala Lumpur Hotel East,Kuala Lumpur,Malaysia,4.2,Family Room,"spa, gym, kids club, airport shuttle, parking",358
HT-KUL-035,The Kuala Lumpur Boutique Annex,Kuala Lumpur,Malaysia,5,Deluxe King,"airport shuttle, spa, wifi, pool",504
HT-KUL-036,Hotel Kuala Lumpur Central Riverside,Kuala Lumpur,Malaysia,4.9,Standard Double,"spa, restaurant, breakfast included, beach access, parking",519
HT-DPS-001,Hilton Denpasar,Denpasar,Indonesia,4.6,Junior Suite,"kids club, airport shuttle, wifi",413
HT-DPS-002,The Denpasar House,Denpasar,Indonesia,4.9,Twin Room,"wifi, beach access, pool, airport shuttle, rooftop terrace",348
HT-DPS-003,Denpasar Garden Residence,Denpasar,Indonesia,4.9,Family Room,"parking, wifi, pool, restaurant",436
HT-DPS-004,InterContinental Denpasar,Denpasar,Indonesia,4.5,Executive Suite,"restaurant, wifi, beach access, pool, airport shuttle",421
HT-DPS-005,Shangri-La Denpasar,Denpasar,Indonesia,4.7,Deluxe King,"pool, beach access, rooftop terrace",326
HT-DPS-006,Four Seasons Denpasar,Denpasar,Indonesia,4.7,Family Room,"airport shuttle, gym, spa, parking, bar",305
HT-DPS-007,Sheraton Denpasar,Denpasar,Indonesia,4.4,Family Room,"spa, rooftop terrace, wifi",354
HT-DPS-008,Crowne Plaza Denpasar,Denpasar,Indonesia,3.8,Deluxe King,"bar, airport shuttle, parking, breakfast included, rooftop terrace",206
HT-DPS-009,Radisson Blu Denpasar,Denpasar,Indonesia,3.6,Superior Queen,"airport shuttle, breakfast included, kids club, restaurant, gym, wifi",269
HT-DPS-010,Novotel Denpasar,Denpasar,Indonesia,3.7,Deluxe King,"wifi, breakfast included, parking, bar, kids club",197
HT-DPS-011,Holiday Inn Denpasar,Denpasar,Indonesia,3.5,Standard Double,"restaurant, parking, airport shuttle",244
HT-DPS-012,Denpasar Harbour Suites,Denpasar,Indonesia,3.5,Family Room,"wifi, parking, beach access",197
HT-DPS-013,Villa Denpasar,Denpasar,Indonesia,2.7,Superior Queen,"bar, parking, spa, rooftop terrace",166
HT-DPS-014,ibis Styles Denpasar,Denpasar,Indonesia,2.2,Executive Suite,"wifi, spa, airport shuttle, bar, rooftop terrace",135
HT-DPS-015,Travelodge Denpasar,Denpasar,Indonesia,2.8,Family Room,"restaurant, airport shuttle, kids club, beach access, spa, pool",144
HT-DPS-016,Denpasar Harbour Suites East,Denpasar,Indonesia,3.1,Twin Room,"beach access, rooftop terrace, parking, pool, gym",215
HT-DPS-017,Denpasar Harbour Suites II,Denpasar,Indonesia,2.9,Junior Suite,"kids club, wifi, spa, parking, pool",166
HT-DPS-018,The Terrace Denpasar,Denpasar,Indonesia,2.8,Superior Queen,"bar, pool, beach access, wifi",160
HT-DPS-019,Casa Denpasar,Denpasar,Indonesia,4.5,Deluxe King,"parking, beach access, breakfast included, rooftop terrace, bar, spa",358
HT-DPS-020,The Old Town Inn Denpasar,Denpasar,Indonesia,3.2,Deluxe King,"beach access, bar, spa, restaurant",239
HT-DPS-021,Denpasar Harbour Suites West,Denpasar,Indonesia,4.2,Superior Queen,"wifi, airport shuttle, pool, kids club",236
HT-DPS-022,Denpasar Harbour Suites East,Denpasar,Indonesia,4,Junior Suite,"wifi, airport shuttle, kids club, pool, parking",238
HT-DPS-023,Denpasar Garden Residence Annex,Denpasar,Indonesia,5,Family Room,"wifi, beach access, airport shuttle, parking",480
HT-DPS-024,The Terrace Denpasar West,Denpasar,Indonesia,4,Deluxe King,"kids club, breakfast included, spa, parking, bar, airport shuttle",276
HT-DPS-025,Villa Denpasar Annex,Denpasar,Indonesia,4,Twin Room,"pool, beach access, bar, breakfast included",281
HT-DPS-026,The Grand Denpasar Hotel,Denpasar,Indonesia,3.7,Superior Queen,"beach access, bar, spa, parking",247
HT-DPS-027,The Denpasar House II,Denpasar,Indonesia,3.1,Executive Suite,"airport shuttle, bar, pool, kids club, spa",221
HT-DPS-028,The Denpasar Boutique,Denpasar,Indonesia,2.7,Executive Suite,"pool, rooftop terrace, beach access, gym",142
HT-DPS-029,Denpasar Garden Residence East,Denpasar,Indonesia,2.6,Deluxe King,"breakfast included, spa, beach access, kids club, pool",111
HT-DPS-030,Casa Denpasar II,Denpasar,Indonesia,3.1,Family Room,"pool, gym, wifi, restaurant, airport shuttle, spa",153
HT-DPS-031,The Denpasar House West,Denpasar,Indonesia,3.2,Superior Queen,"kids club, beach access, breakfast included, spa",150
HT-DPS-032,Denpasar Harbour Suites II,Denpasar,Indonesia,2.6,Junior Suite,"beach access, kids club, wifi, rooftop terrace, pool",142
HT-DPS-033,Denpasar Garden Residence II,Denpasar,Indonesia,4.6,Junior Suite,"beach access, wifi, spa, pool, breakfast included",331
HT-DPS-034,The Old Town Inn Denpasar Annex,Denpasar,Indonesia,3.2,Deluxe King,"wifi, breakfast included, bar",202
HT-DPS-035,Casa Denpasar Annex,Denpasar,Indonesia,4.9,Family Room,"bar, kids club, gym",440
HT-CGK-001,Hilton Jakarta,Jakarta,Indonesia,4.8,Standard Double,"beach access, airport shuttle, restaurant, pool, wifi, spa",346
HT-CGK-002,The Jakarta Boutique,Jakarta,Indonesia,4.7,Twin Room,"kids club, wifi, pool",429
HT-CGK-003,Hyatt Regency Jakarta,Jakarta,Indonesia,4.7,Superior Queen,"bar, airport shuttle, wifi, beach access",284
HT-CGK-004,InterContinental Jakarta,Jakarta,Indonesia,4.5,Deluxe King,"wifi, pool, beach access, breakfast included, gym",279
HT-CGK-005,Shangri-La Jakarta,Jakarta,Indonesia,4.9,Deluxe King,"spa, airport shuttle, parking, rooftop terrace, pool",474
HT-CGK-006,Four Seasons Jakarta,Jakarta,Indonesia,4.9,Executive Suite,"spa, kids club, airport shuttle",444
HT-CGK-007,The Terrace Jakarta,Jakarta,Indonesia,4.6,Family Room,"beach access, wifi, airport shuttle, restaurant, breakfast included, rooftop terrace",328
HT-CGK-008,The Old Town Inn Jakarta,Jakarta,Indonesia,3.2,Executive Suite,"restaurant, bar, beach access",167
HT-CGK-009,Jakarta Harbour Suites,Jakarta,Indonesia,4.4,Junior Suite,"breakfast included, bar, beach access, spa, gym",401
HT-CGK-010,Novotel Jakarta,Jakarta,Indonesia,3.5,Standard Double,"airport shuttle, restaurant, beach access",244
HT-CGK-011,Holiday Inn Jakarta,Jakarta,Indonesia,3.9,Junior Suite,"wifi, pool, beach access, bar, breakfast included",292
HT-CGK-012,Casa Jakarta,Jakarta,Indonesia,2.5,Family Room,"bar, rooftop terrace, breakfast included, parking, spa",153
HT-CGK-013,ibis Jakarta,Jakarta,Indonesia,2.5,Deluxe King,"wifi, spa, beach access",119
HT-CGK-014,ibis Styles Jakarta,Jakarta,Indonesia,2.1,Superior Queen,"parking, wifi, kids club, pool, gym, spa",102
HT-CGK-015,The Jakarta Boutique Annex,Jakarta,Indonesia,3.2,Junior Suite,"restaurant, wifi, breakfast included, bar",159
HT-CGK-016,Jakarta Garden Residence,Jakarta,Indonesia,3.9,Junior Suite,"restaurant, kids club, parking, airport shuttle, wifi, spa",303
HT-CGK-017,The Grand Jakarta Hotel,Jakarta,Indonesia,3.8,Superior Queen,"spa, gym, rooftop terrace, parking, airport shuttle, pool",263
HT-CGK-018,The Jakarta House,Jakarta,Indonesia,3.6,Deluxe King,"parking, airport shuttle, bar, wifi, pool",260
HT-CGK-019,The Jakarta House East,Jakarta,Indonesia,4.6,Junior Suite,"bar, beach access, airport shuttle, parking, breakfast included, restaurant",280
HT-CGK-020,The Jakarta Boutique Riverside,Jakarta,Indonesia,3.9,Junior Suite,"beach access, rooftop terrace, wifi, pool, airport shuttle, gym",313
HT-CGK-021,The Jakarta Boutique East,Jakarta,Indonesia,2.6,Superior Queen,"breakfast included, restaurant, kids club",133
HT-CGK-022,Villa Jakarta,Jakarta,Indonesia,4.1,Executive Suite,"parking, airport shuttle, kids club, spa, pool, rooftop terrace",335
HT-CGK-023,The Jakarta House Annex,Jakarta,Indonesia,4.6,Standard Double,"pool, spa, breakfast included, wifi",348
HT-CGK-024,Villa Jakarta Riverside,Jakarta,Indonesia,2.8,Deluxe King,"spa, beach access, parking, wifi, airport shuttle, bar",163
HT-CGK-025,Jakarta Garden Residence East,Jakarta,Indonesia,4.1,Executive Suite,"bar, wifi, pool, gym",277
HT-CGK-026,The Grand Jakarta Hotel Riverside,Jakarta,Indonesia,3.9,Executive Suite,"breakfast included, gym, spa, beach access, bar, airport shuttle",272
HT-CGK-027,The Terrace Jakarta Annex,Jakarta,Indonesia,2.8,Superior Queen,"spa, gym, bar, wifi, rooftop terrace",163
HT-CGK-028,Hotel Jakarta Central,Jakarta,Indonesia,2.7,Family Room,"airport shuttle, gym, pool, rooftop terrace, beach access, spa",132
HT-CGK-029,Hotel Jakarta Central II,Jakarta,Indonesia,4.6,Twin Room,"restaurant, airport shuttle, rooftop terrace",352
HT-CGK-030,The Jakarta House East,Jakarta,Indonesia,4.6,Standard Double,"pool, gym, spa, rooftop terrace, breakfast included",290
HT-HAN-001,The Terrace Hanoi,Hanoi,Vietnam,4.4,Junior Suite,"spa, bar, kids club, pool, restaurant, gym",286
HT-HAN-002,Marriott Hanoi,Hanoi,Vietnam,4.8,Executive Suite,"gym, spa, breakfast included",381
HT-HAN-003,Hyatt Regency Hanoi,Hanoi,Vietnam,4.6,Standard Double,"beach access, restaurant, wifi, pool, bar",341
HT-HAN-004,Hotel Hanoi Central,Hanoi,Vietnam,3.2,Standard Double,"restaurant, wifi, bar, pool, beach access",144
HT-HAN-005,Shangri-La Hanoi,Hanoi,Vietnam,5,Deluxe King,"beach access, rooftop terrace, spa, bar",458
HT-HAN-006,Hanoi Garden Residence,Hanoi,Vietnam,3.3,Junior Suite,"kids club, bar, gym, parking, beach access, restaurant",158
HT-HAN-007,Hanoi Harbour Suites,Hanoi,Vietnam,4.8,Junior Suite,"pool, wifi, spa",442
HT-HAN-008,Crowne Plaza Hanoi,Hanoi,Vietnam,3.7,Superior Queen,"spa, pool, airport shuttle, beach access, kids club",182
HT-HAN-009,Radisson Blu Hanoi,Hanoi,Vietnam,3.9,Superior Queen,"breakfast included, airport shuttle, wifi",211
HT-HAN-010,Novotel Hanoi,Hanoi,Vietnam,3.7,Family Room,"parking, kids club, wifi, bar, pool",245
HT-HAN-011,Holiday Inn Hanoi,Hanoi,Vietnam,3.1,Deluxe King,"parking, rooftop terrace, airport shuttle, kids club",147
HT-HAN-012,The Hanoi Boutique,Hanoi,Vietnam,4.1,Junior Suite,"kids club, parking, pool, spa, breakfast included, beach access",211
HT-HAN-013,Casa Hanoi,Hanoi,Vietnam,3.1,Twin Room,"gym, restaurant, rooftop terrace, beach access",168
HT-HAN-014,ibis Styles Hanoi,Hanoi,Vietnam,2,Junior Suite,"bar, rooftop terrace, wifi, pool, breakfast included",77
HT-HAN-015,Hanoi Garden Residence East,Hanoi,Vietnam,3.9,Junior Suite,"gym, spa, beach access",294
HT-HAN-016,Hotel Hanoi Central Riverside,Hanoi,Vietnam,4.4,Twin Room,"pool, gym, breakfast included, spa",242
HT-HAN-017,The Grand Hanoi Hotel,Hanoi,Vietnam,4.9,Standard Double,"breakfast included, wifi, kids club, restaurant, beach access",325
HT-HAN-018,The Hanoi House,Hanoi,Vietnam,4,Twin Room,"spa, bar, rooftop terrace, gym, pool",269
HT-HAN-019,Casa Hanoi East,Hanoi,Vietnam,2.7,Junior Suite,"wifi, airport shuttle, beach access, bar, spa",110
HT-HAN-020,Hotel Hanoi Central West,Hanoi,Vietnam,2.8,Superior Queen,"wifi, bar, pool",153
HT-HAN-021,The Grand Hanoi Hotel West,Hanoi,Vietnam,4.5,Standard Double,"wifi, rooftop terrace, kids club",255
HT-HAN-022,Casa Hanoi II,Hanoi,Vietnam,4.5,Family Room,"wifi, kids club, pool, parking",306
HT-HAN-023,The Grand Hanoi Hotel West,Hanoi,Vietnam,4.9,Family Room,"wifi, airport shuttle, beach access, restaurant",434
HT-HAN-024,Villa Hanoi,Hanoi,Vietnam,5,Twin Room,"spa, restaurant, beach access, rooftop terrace, breakfast included",370
HT-HAN-025,Hotel Hanoi Central West,Hanoi,Vietnam,3.2,Superior Queen,"pool, beach access, spa, bar",140
HT-HAN-026,Casa Hanoi Annex,Hanoi,Vietnam,2.9,Junior Suite,"spa, restaurant, rooftop terrace",143
HT-HAN-027,The Old Town Inn Hanoi,Hanoi,Vietnam,3.7,Deluxe King,"parking, wifi, kids club, rooftop terrace, pool, bar",195
HT-HAN-028,The Hanoi House II,Hanoi,Vietnam,3.2,Superior Queen,"beach access, bar, rooftop terrace, gym",214
HT-HAN-029,Hotel Hanoi Central Annex,Hanoi,Vietnam,2.9,Twin Room,"pool, airport shuttle, beach access, gym, wifi",151
HT-HAN-030,The Terrace Hanoi Annex,Hanoi,Vietnam,3.5,Family Room,"bar, wifi, rooftop terrace, restaurant, parking",221
HT-HAN-031,The Hanoi House II,Hanoi,Vietnam,4.5,Family Room,"rooftop terrace, beach access, gym",273
HT-HAN-032,The Terrace Hanoi Riverside,Hanoi,Vietnam,3,Superior Queen,"wifi, pool, parking, gym, kids club, restaurant",138
HT-HAN-033,Hotel Hanoi Central Riverside,Hanoi,Vietnam,3.9,Standard Double,"airport shuttle, wifi, bar",291
HT-HAN-034,The Old Town Inn Hanoi East,Hanoi,Vietnam,2.7,Executive Suite,"restaurant, bar, wifi, airport shuttle, parking, kids club",122
HT-SGN-001,The Old Town Inn Ho Chi Minh City,Ho Chi Minh City,Vietnam,3,Family Room,"gym, rooftop terrace, airport shuttle, wifi, kids club",201
HT-SGN-002,Marriott Ho Chi Minh City,Ho Chi Minh City,Vietnam,4.7,Family Room,"breakfast included, wifi, restaurant, beach access",331
HT-SGN-003,Hotel Ho Chi Minh City Central,Ho Chi Minh City,Vietnam,3.7,Family Room,"airport shuttle, pool, restaurant, rooftop terrace, beach access, parking",249
HT-SGN-004,InterContinental Ho Chi Minh City,Ho Chi Minh City,Vietnam,4.6,Family Room,"pool, bar, kids club",274
HT-SGN-005,Shangri-La Ho Chi Minh City,Ho Chi Minh City,Vietnam,5,Twin Room,"airport shuttle, wifi, pool",465
HT-SGN-006,Four Seasons Ho Chi Minh City,Ho Chi Minh City,Vietnam,4.5,Superior Queen,"bar, pool, kids club, rooftop terrace, beach access",273
HT-SGN-007,Sheraton Ho Chi Minh City,Ho Chi Minh City,Vietnam,4,Standard Double,"breakfast included, spa, restaurant, bar",282
HT-SGN-008,The Ho Chi Minh City Boutique,Ho Chi Minh City,Vietnam,4.5,Deluxe King,"wifi, pool, parking",328
HT-SGN-009,Ho Chi Minh City Garden Residence,Ho Chi Minh City,Vietnam,4.5,Standard Double,"breakfast included, pool, beach access",249
HT-SGN-010,Novotel Ho Chi Minh City,Ho Chi Minh City,Vietnam,4.2,Deluxe King,"wifi, pool, kids club, rooftop terrace, airport shuttle",325
HT-SGN-011,The Ho Chi Minh City Boutique Annex,Ho Chi Minh City,Vietnam,2.8,Standard Double,"spa, pool, restaurant",144
HT-SGN-012,The Terrace Ho Chi Minh City,Ho Chi Minh City,Vietnam,4.5,Executive Suite,"spa, breakfast included, beach access, parking",391
HT-SGN-013,Ho Chi Minh City Harbour Suites,Ho Chi Minh City,Vietnam,4.1,Twin Room,"wifi, spa, bar",273
HT-SGN-014,Hotel Ho Chi Minh City Central II,Ho Chi Minh City,Vietnam,3.4,Family Room,"gym, restaurant, airport shuttle",192
HT-SGN-015,Travelodge Ho Chi Minh City,Ho Chi Minh City,Vietnam,2.8,Superior Queen,"spa, airport shuttle, gym",170
HT-SGN-016,Villa Ho Chi Minh City,Ho Chi Minh City,Vietnam,3.9,Superior Queen,"wifi, pool, beach access",237
HT-SGN-017,Ho Chi Minh City Garden Residence Riverside,Ho Chi Minh City,Vietnam,3.5,Deluxe King,"gym, breakfast included, pool",245
HT-SGN-018,The Terrace Ho Chi Minh City Annex,Ho Chi Minh City,Vietnam,3.6,Executive Suite,"pool, kids club, beach access, gym",203
HT-SGN-019,Ho Chi Minh City Harbour Suites East,Ho Chi Minh City,Vietnam,4.3,Superior Queen,"wifi, restaurant, bar",330
HT-SGN-020,The Ho Chi Minh City Boutique II,Ho Chi Minh City,Vietnam,4.5,Superior Queen,"wifi, kids club, gym",388
HT-SGN-021,The Ho Chi Minh City House,Ho Chi Minh City,Vietnam,4.4,Family Room,"parking, airport shuttle, bar, breakfast included",327
HT-SGN-022,Ho Chi Minh City Garden Residence East,Ho Chi Minh City,Vietnam,3.4,Executive Suite,"spa, gym, beach access, kids club, breakfast included, rooftop terrace",160
HT-SGN-023,The Grand Ho Chi Minh City Hotel,Ho Chi Minh City,Vietnam,3.6,Deluxe King,"restaurant, gym, wifi",213
HT-SGN-024,The Grand Ho Chi Minh City Hotel Annex,Ho Chi Minh City,Vietnam,3.9,Standard Double,"bar, spa, beach access, kids club",265
HT-SGN-025,Ho Chi Minh City Garden Residence West,Ho Chi Minh City,Vietnam,4.6,Family Room,"breakfast included, gym, beach access, bar, spa",344
HT-SGN-026,The Ho Chi Minh City House East,Ho Chi Minh City,Vietnam,3,Junior Suite,"gym, pool, beach access, rooftop terrace, parking, bar",149
HT-SGN-027,The Ho Chi Minh City Boutique Riverside,Ho Chi Minh City,Vietnam,3.4,Standard Double,"gym, bar, beach access, wifi",168
HT-SGN-028,Hotel Ho Chi Minh City Central West,Ho Chi Minh City,Vietnam,3.6,Executive Suite,"wifi, breakfast included, spa, parking, rooftop terrace, pool",238
HT-SGN-029,Villa Ho Chi Minh City West,Ho Chi Minh City,Vietnam,3.9,Executive Suite,"wifi, pool, bar, gym",234
HT-SGN-030,The Grand Ho Chi Minh City Hotel Annex,Ho Chi Minh City,Vietnam,4.9,Superior Queen,"breakfast included, rooftop terrace, wifi, pool, gym",406
HT-SGN-031,Hotel Ho Chi Minh City Central East,Ho Chi Minh City,Vietnam,3.8,Standard Double,"restaurant, wifi, airport shuttle",283
HT-SGN-032,The Terrace Ho Chi Minh City II,Ho Chi Minh City,Vietnam,3.6,Junior Suite,"kids club, bar, airport shuttle, wifi",207
HT-SGN-033,Ho Chi Minh City Garden Residence East,Ho Chi Minh City,Vietnam,2.7,Executive Suite,"wifi, pool, restaurant, airport shuttle",167
HT-SGN-034,The Terrace Ho Chi Minh City II,Ho Chi Minh City,Vietnam,2.8,Superior Queen,"spa, breakfast included, pool, wifi, rooftop terrace, beach access",119
HT-DAD-001,Hotel Da Nang Central,Da Nang,Vietnam,3.9,Family Room,"breakfast included, pool, spa",286
HT-DAD-002,Marriott Da Nang,Da Nang,Vietnam,4.9,Junior Suite,"spa, rooftop terrace, gym",342
HT-DAD-003,The Da Nang House,Da Nang,Vietnam,4.4,Superior Queen,"parking, airport shuttle, kids club",356
HT-DAD-004,InterContinental Da Nang,Da Nang,Vietnam,4.6,Superior Queen,"wifi, pool, beach access, gym",369
HT-DAD-005,Shangri-La Da Nang,Da Nang,Vietnam,4.6,Executive Suite,"parking, wifi, airport shuttle, breakfast included",274
HT-DAD-006,Four Seasons Da Nang,Da Nang,Vietnam,4.6,Standard Double,"restaurant, parking, rooftop terrace",265
HT-DAD-007,Sheraton Da Nang,Da Nang,Vietnam,3.7,Standard Double,"wifi, breakfast included, bar, rooftop terrace, airport shuttle",254
HT-DAD-008,Crowne Plaza Da Nang,Da Nang,Vietnam,4,Deluxe King,"spa, kids club, rooftop terrace, pool",210
HT-DAD-009,Radisson Blu Da Nang,Da Nang,Vietnam,3.8,Standard Double,"wifi, breakfast included, kids club, bar",211
HT-DAD-010,Novotel Da Nang,Da Nang,Vietnam,4.2,Junior Suite,"airport shuttle, parking, wifi, kids club",339
HT-DAD-011,The Da Nang House Annex,Da Nang,Vietnam,3.2,Executive Suite,"pool, beach access, parking, wifi",199
HT-DAD-012,Mercure Da Nang,Da Nang,Vietnam,3.6,Standard Double,"spa, airport shuttle, restaurant, gym, beach access",207
HT-DAD-013,ibis Da Nang,Da Nang,Vietnam,3,Standard Double,"spa, airport shuttle, beach access, parking",142
HT-DAD-014,Da Nang Garden Residence,Da Nang,Vietnam,2.9,Junior Suite,"breakfast included, airport shuttle, beach access, kids club, spa",131
HT-DAD-015,Casa Da Nang,Da Nang,Vietnam,4.1,Family Room,"beach access, spa, rooftop terrace, kids club",281
HT-DAD-016,Da Nang Harbour Suites,Da Nang,Vietnam,3.8,Twin Room,"spa, wifi, parking, kids club, bar",238
HT-DAD-017,The Da Nang Boutique,Da Nang,Vietnam,5,Superior Queen,"gym, wifi, airport shuttle, parking, spa",458
HT-DAD-018,Villa Da Nang,Da Nang,Vietnam,3,Junior Suite,"airport shuttle, bar, breakfast included, beach access",136
HT-DAD-019,Casa Da Nang West,Da Nang,Vietnam,2.6,Twin Room,"wifi, rooftop terrace, kids club, restaurant, breakfast included, airport shuttle",126
HT-DAD-020,The Grand Da Nang Hotel,Da Nang,Vietnam,4.4,Standard Double,"gym, spa, wifi, kids club, rooftop terrace, airport shuttle",315
HT-DAD-021,The Da Nang Boutique West,Da Nang,Vietnam,3.1,Twin Room,"spa, wifi, rooftop terrace",143
HT-DAD-022,Villa Da Nang Riverside,Da Nang,Vietnam,3.9,Twin Room,"wifi, beach access, pool, airport shuttle, gym, spa",289
HT-DAD-023,The Da Nang House II,Da Nang,Vietnam,3.8,Standard Double,"airport shuttle, wifi, pool, parking, beach access, gym",279
HT-DAD-024,Casa Da Nang West,Da Nang,Vietnam,3,Executive Suite,"wifi, pool, gym",175
HT-DAD-025,Hotel Da Nang Central West,Da Nang,Vietnam,3.5,Junior Suite,"beach access, parking, wifi, pool",231
HT-DAD-026,The Da Nang House East,Da Nang,Vietnam,3.1,Deluxe King,"airport shuttle, rooftop terrace, restaurant, pool, kids club, wifi",195
HT-DAD-027,The Old Town Inn Da Nang,Da Nang,Vietnam,4,Deluxe King,"beach access, wifi, spa, kids club, parking",227
HT-DAD-028,Casa Da Nang Annex,Da Nang,Vietnam,4.2,Superior Queen,"parking, bar, kids club",344
HT-DAD-029,Da Nang Harbour Suites Riverside,Da Nang,Vietnam,3.4,Standard Double,"airport shuttle, kids club, beach access, gym, pool",164
HT-DAD-030,Casa Da Nang West,Da Nang,Vietnam,3.6,Superior Queen,"parking, restaurant, airport shuttle, wifi",174
HT-DAD-031,The Grand Da Nang Hotel East,Da Nang,Vietnam,4.8,Superior Queen,"kids club, gym, rooftop terrace",299
HT-DAD-032,Da Nang Garden Residence West,Da Nang,Vietnam,2.8,Junior Suite,"gym, restaurant, airport shuttle, parking",155
HT-DAD-033,Da Nang Harbour Suites Annex,Da Nang,Vietnam,3,Deluxe King,"airport shuttle, parking, restaurant, bar, breakfast included",150
HT-DAD-034,The Da Nang Boutique Riverside,Da Nang,Vietnam,3.2,Executive Suite,"beach access, restaurant, breakfast included, parking",187
HT-MNL-001,Hilton Manila,Manila,Philippines,4.6,Twin Room,"gym, spa, kids club, rooftop terrace",403
HT-MNL-002,Marriott Manila,Manila,Philippines,4.9,Twin Room,"beach access, gym, spa, parking",409
HT-MNL-003,Hyatt Regency Manila,Manila,Philippines,4.8,Standard Double,"restaurant, spa, kids club",310
HT-MNL-004,The Terrace Manila,Manila,Philippines,4.5,Twin Room,"wifi, airport shuttle, rooftop terrace, parking, pool, bar",417
HT-MNL-005,Shangri-La Manila,Manila,Philippines,4.6,Executive Suite,"restaurant, bar, parking, pool, wifi, kids club",379
HT-MNL-006,Villa Manila,Manila,Philippines,3.7,Deluxe King,"parking, airport shuttle, restaurant, bar",244
HT-MNL-007,The Grand Manila Hotel,Manila,Philippines,4.6,Executive Suite,"kids club, spa, rooftop terrace, restaurant, gym",335
HT-MNL-008,Crowne Plaza Manila,Manila,Philippines,4,Deluxe King,"spa, kids club, wifi, breakfast included, parking, pool",273
HT-MNL-009,Radisson Blu Manila,Manila,Philippines,3.5,Junior Suite,"airport shuttle, bar, beach access, kids club, wifi",191
HT-MNL-010,Novotel Manila,Manila,Philippines,3.8,Superior Queen,"rooftop terrace, wifi, kids club, beach access, parking, restaurant",214
HT-MNL-011,Casa Manila,Manila,Philippines,4.2,Junior Suite,"pool, kids club, beach access, gym, rooftop terrace",288
HT-MNL-012,Mercure Manila,Manila,Philippines,3.8,Family Room,"bar, pool, wifi, restaurant",248
HT-MNL-013,ibis Manila,Manila,Philippines,2.7,Junior Suite,"rooftop terrace, wifi, kids club, pool, gym",166
HT-MNL-014,ibis Styles Manila,Manila,Philippines,2.9,Standard Double,"bar, breakfast included, rooftop terrace",134
HT-MNL-015,Travelodge Manila,Manila,Philippines,2.4,Junior Suite,"bar, wifi, pool, rooftop terrace, parking",121
HT-MNL-016,Manila Garden Residence,Manila,Philippines,2.9,Twin Room,"kids club, beach access, gym, pool, restaurant, rooftop terrace",132
HT-MNL-017,The Old Town Inn Manila,Manila,Philippines,4.6,Superior Queen,"parking, beach access, wifi, rooftop terrace, restaurant, pool",311
HT-MNL-018,Hotel Manila Central,Manila,Philippines,3.6,Executive Suite,"breakfast included, gym, parking, spa",283
HT-MNL-019,Villa Manila Riverside,Manila,Philippines,3.1,Executive Suite,"spa, pool, kids club",191
HT-MNL-020,Villa Manila East,Manila,Philippines,4.6,Executive Suite,"rooftop terrace, breakfast included, parking, gym",301
HT-MNL-021,Casa Manila East,Manila,Philippines,5,Family Room,"bar, restaurant, parking, spa",464
HT-MNL-022,The Manila House,Manila,Philippines,4.9,Twin Room,"airport shuttle, spa, breakfast included",489
HT-MNL-023,The Grand Manila Hotel II,Manila,Philippines,3.7,Superior Queen,"spa, parking, gym, bar, pool, kids club",254
HT-MNL-024,Villa Manila Annex,Manila,Philippines,3.2,Deluxe King,"parking, beach access, breakfast included, spa, rooftop terrace",232
HT-MNL-025,The Manila Boutique,Manila,Philippines,3.3,Executive Suite,"pool, gym, beach access, restaurant",173
HT-MNL-026,The Terrace Manila Annex,Manila,Philippines,4,Deluxe King,"wifi, pool, gym, airport shuttle",233
HT-MNL-027,The Grand Manila Hotel East,Manila,Philippines,4.9,Standard Double,"rooftop terrace, beach access, bar",379
HT-MNL-028,Manila Harbour Suites,Manila,Philippines,3.7,Deluxe King,"bar, airport shuttle, gym, pool, beach access",268
HT-MNL-029,The Old Town Inn Manila West,Manila,Philippines,2.7,Twin Room,"restaurant, bar, pool",139
HT-MNL-030,Manila Garden Residence II,Manila,Philippines,4.3,Standard Double,"spa, gym, parking, rooftop terrace, wifi, beach access",349
HT-MNL-031,The Grand Manila Hotel Annex,Manila,Philippines,4.6,Family Room,"airport shuttle, restaurant, bar, gym, pool",420
HT-MNL-032,The Grand Manila Hotel II,Manila,Philippines,2.7,Junior Suite,"kids club, gym, beach access",176
HT-MNL-033,The Manila Boutique Annex,Manila,Philippines,2.6,Executive Suite,"beach access, restaurant, gym, pool",153
HT-MNL-034,The Manila Boutique II,Manila,Philippines,3.2,Deluxe King,"rooftop terrace, bar, spa",232
HT-MNL-035,Villa Manila West,Manila,Philippines,3.8,Family Room,"bar, breakfast included, spa, airport shuttle, gym",214
HT-DEL-001,The Grand Delhi Hotel,Delhi,India,4.4,Junior Suite,"gym, bar, beach access, spa",281
HT-DEL-002,Marriott Delhi,Delhi,India,5,Standard Double,"bar, breakfast included, beach access, kids club, spa, airport shuttle",356
HT-DEL-003,Hyatt Regency Delhi,Delhi,India,4.9,Executive Suite,"gym, spa, bar, beach access",307
HT-DEL-004,InterContinental Delhi,Delhi,India,4.8,Standard Double,"restaurant, bar, breakfast included",330
HT-DEL-005,Shangri-La Delhi,Delhi,India,4.8,Family Room,"spa, restaurant, gym, rooftop terrace, beach access",352
HT-DEL-006,Casa Delhi,Delhi,India,3.9,Standard Double,"bar, spa, beach access",211
HT-DEL-007,Sheraton Delhi,Delhi,India,4,Superior Queen,"pool, wifi, bar, kids club",227
HT-DEL-008,Crowne Plaza Delhi,Delhi,India,3.8,Executive Suite,"restaurant, breakfast included, wifi, pool",262
HT-DEL-009,Radisson Blu Delhi,Delhi,India,4,Twin Room,"restaurant, gym, beach access, pool, rooftop terrace, spa",288
HT-DEL-010,The Old Town Inn Delhi,Delhi,India,3.4,Superior Queen,"bar, gym, airport shuttle, spa, pool, rooftop terrace",147
HT-DEL-011,Holiday Inn Delhi,Delhi,India,3.4,Superior Queen,"restaurant, wifi, beach access, pool",218
HT-DEL-012,Mercure Delhi,Delhi,India,3.6,Junior Suite,"wifi, pool, gym, spa, beach access, restaurant",175
HT-DEL-013,ibis Delhi,Delhi,India,3,Deluxe King,"beach access, restaurant, parking, breakfast included",170
HT-DEL-014,ibis Styles Delhi,Delhi,India,2.1,Twin Room,"restaurant, breakfast included, airport shuttle, beach access, wifi, parking",69
HT-DEL-015,Travelodge Delhi,Delhi,India,2.5,Superior Queen,"pool, beach access, wifi, rooftop terrace, bar",100
HT-DEL-016,Casa Delhi Riverside,Delhi,India,3.2,Junior Suite,"parking, wifi, beach access, bar",155
HT-DEL-017,The Delhi Boutique,Delhi,India,4.5,Family Room,"parking, airport shuttle, bar",350
HT-DEL-018,The Old Town Inn Delhi II,Delhi,India,4.4,Superior Queen,"beach access, wifi, pool, gym",291
HT-DEL-019,Casa Delhi East,Delhi,India,3,Standard Double,"wifi, kids club, rooftop terrace",129
HT-DEL-020,Delhi Garden Residence,Delhi,India,3,Family Room,"restaurant, beach access, pool, parking",167
HT-DEL-021,The Old Town Inn Delhi II,Delhi,India,4,Deluxe King,"wifi, bar, pool, parking",184
HT-DEL-022,The Terrace Delhi,Delhi,India,3.9,Junior Suite,"pool, parking, kids club",245
HT-DEL-023,The Delhi Boutique Annex,Delhi,India,3.2,Twin Room,"beach access, spa, bar, airport shuttle, restaurant, parking",138
HT-DEL-024,Casa Delhi Riverside,Delhi,India,2.7,Standard Double,"spa, gym, beach access, kids club",150
HT-DEL-025,Villa Delhi,Delhi,India,3.3,Deluxe King,"rooftop terrace, spa, beach access",163
HT-DEL-026,Villa Delhi East,Delhi,India,4.1,Standard Double,"parking, restaurant, gym",300
HT-DEL-027,Hotel Delhi Central,Delhi,India,4.8,Family Room,"breakfast included, bar, restaurant",343
HT-DEL-028,Delhi Garden Residence II,Delhi,India,4.4,Deluxe King,"gym, kids club, pool, rooftop terrace, wifi",315
HT-DEL-029,Delhi Harbour Suites,Delhi,India,4.5,Superior Queen,"airport shuttle, beach access, parking, restaurant, wifi",289
HT-DEL-030,Delhi Garden Residence Annex,Delhi,India,4.8,Twin Room,"wifi, pool, restaurant",399
HT-BOM-001,Mumbai Garden Residence,Mumbai,India,2.6,Executive Suite,"wifi, pool, parking, breakfast included",101
HT-BOM-002,Marriott Mumbai,Mumbai,India,4.7,Junior Suite,"spa, wifi, rooftop terrace",351
HT-BOM-003,Hyatt Regency Mumbai,Mumbai,India,4.8,Superior Queen,"parking, breakfast included, beach access, spa",364
HT-BOM-004,Casa Mumbai,Mumbai,India,4.6,Twin Room,"bar, airport shuttle, kids club, breakfast included, beach access, restaurant",334
HT-BOM-005,Shangri-La Mumbai,Mumbai,India,4.6,Twin Room,"wifi, pool, airport shuttle, restaurant",394
HT-BOM-006,Four Seasons Mumbai,Mumbai,India,4.6,Twin Room,"airport shuttle, pool, spa, rooftop terrace",394
HT-BOM-007,Sheraton Mumbai,Mumbai,India,3.8,Twin Room,"spa, wifi, beach access, kids club, pool",240
HT-BOM-008,Crowne Plaza Mumbai,Mumbai,India,3.9,Junior Suite,"pool, wifi, airport shuttle, parking, breakfast included",253
HT-BOM-009,Radisson Blu Mumbai,Mumbai,India,4,Superior Queen,"rooftop terrace, wifi, parking, spa, gym",240
HT-BOM-010,Novotel Mumbai,Mumbai,India,3.5,Standard Double,"rooftop terrace, spa, airport shuttle, wifi, restaurant, breakfast included",249
HT-BOM-011,Holiday Inn Mumbai,Mumbai,India,3.6,Junior Suite,"breakfast included, spa, beach access, bar, kids club, gym",213
HT-BOM-012,Mercure Mumbai,Mumbai,India,3.6,Twin Room,"gym, restaurant, kids club",176
HT-BOM-013,The Terrace Mumbai,Mumbai,India,3.7,Superior Queen,"gym, restaurant, pool, bar",262
HT-BOM-014,Villa Mumbai,Mumbai,India,5,Family Room,"breakfast included, rooftop terrace, beach access, kids club",340
HT-BOM-015,Travelodge Mumbai,Mumbai,India,2.4,Superior Queen,"wifi, beach access, pool",140
HT-BOM-016,The Mumbai Boutique,Mumbai,India,4.5,Deluxe King,"gym, wifi, kids club, bar, parking, breakfast included",315
HT-BOM-017,The Grand Mumbai Hotel,Mumbai,India,4.5,Junior Suite,"beach access, airport shuttle, wifi",309
HT-BOM-018,The Mumbai Boutique II,Mumbai,India,4.6,Executive Suite,"breakfast included, bar, gym, kids club, pool",375
HT-BOM-019,Hotel Mumbai Central,Mumbai,India,3.3,Executive Suite,"beach access, restaurant, wifi",176
HT-BOM-020,Casa Mumbai II,Mumbai,India,4.6,Superior Queen,"rooftop terrace, bar, pool, wifi, parking",318
HT-BOM-021,The Terrace Mumbai East,Mumbai,India,4.3,Superior Queen,"breakfast included, spa, rooftop terrace, bar, parking, kids club",283
HT-BOM-022,The Mumbai Boutique II,Mumbai,India,4.3,Standard Double,"gym, bar, parking, wifi, kids club, restaurant",314
HT-BOM-023,The Terrace Mumbai Annex,Mumbai,India,3.4,Family Room,"beach access, parking, breakfast included, pool",187
HT-BOM-024,The Old Town Inn Mumbai,Mumbai,India,4.4,Family Room,"wifi, spa, kids club",300
HT-BOM-025,The Grand Mumbai Hotel East,Mumbai,India,4.2,Standard Double,"spa, rooftop terrace, breakfast included",220
HT-BOM-026,The Mumbai House,Mumbai,India,4,Junior Suite,"restaurant, kids club, bar, gym, spa, pool",232
HT-BOM-027,Mumbai Harbour Suites,Mumbai,India,4.9,Standard Double,"pool, airport shuttle, restaurant, rooftop terrace, spa",342
HT-BOM-028,Villa Mumbai II,Mumbai,India,3.1,Twin Room,"wifi, pool, parking, bar",169
HT-BOM-029,The Terrace Mumbai II,Mumbai,India,3.8,Twin Room,"spa, restaurant, airport shuttle, gym",204
HT-BOM-030,Mumbai Harbour Suites East,Mumbai,India,2.9,Junior Suite,"bar, restaurant, wifi, spa",178
HT-BOM-031,Mumbai Garden Residence Annex,Mumbai,India,4.7,Twin Room,"pool, bar, airport shuttle, rooftop terrace, breakfast included, beach access",311
HT-BOM-032,Mumbai Harbour Suites Annex,Mumbai,India,3.5,Twin Room,"airport shuttle, spa, parking, gym, rooftop terrace",221
HT-BOM-033,Hotel Mumbai Central Annex,Mumbai,India,4.6,Standard Double,"kids club, breakfast included, wifi, airport shuttle, rooftop terrace, beach access",322
HT-BOM-034,The Grand Mumbai Hotel Annex,Mumbai,India,4.4,Standard Double,"spa, breakfast included, gym",329
HT-BOM-035,Hotel Mumbai Central Annex,Mumbai,India,3.1,Junior Suite,"wifi, beach access, kids club",200
HT-CMB-001,The Colombo House,Colombo,Sri Lanka,3.6,Junior Suite,"wifi, spa, breakfast included, beach access, rooftop terrace",168
HT-CMB-002,Marriott Colombo,Colombo,Sri Lanka,5,Family Room,"airport shuttle, restaurant, rooftop terrace, wifi, pool",417
HT-CMB-003,The Grand Colombo Hotel,Colombo,Sri Lanka,4.5,Twin Room,"wifi, gym, bar",273
HT-CMB-004,InterContinental Colombo,Colombo,Sri Lanka,4.8,Executive Suite,"breakfast included, gym, beach access",276
HT-CMB-005,The Colombo House Annex,Colombo,Sri Lanka,4.7,Family Room,"gym, bar, parking, beach access",292
HT-CMB-006,Four Seasons Colombo,Colombo,Sri Lanka,4.6,Family Room,"beach access, airport shuttle, pool",344
HT-CMB-007,Sheraton Colombo,Colombo,Sri Lanka,3.8,Executive Suite,"bar, wifi, parking",215
HT-CMB-008,Crowne Plaza Colombo,Colombo,Sri Lanka,3.5,Superior Queen,"kids club, gym, pool, airport shuttle, wifi",215
HT-CMB-009,Radisson Blu Colombo,Colombo,Sri Lanka,4.3,Deluxe King,"spa, kids club, airport shuttle",280
HT-CMB-010,The Old Town Inn Colombo,Colombo,Sri Lanka,5,Twin Room,"spa, pool, wifi",329
HT-CMB-011,Villa Colombo,Colombo,Sri Lanka,4.3,Executive Suite,"spa, wifi, gym, pool, airport shuttle, kids club",305
HT-CMB-012,Hotel Colombo Central,Colombo,Sri Lanka,2.6,Superior Queen,"bar, wifi, breakfast included, kids club, parking, pool",157
HT-CMB-013,ibis Colombo,Colombo,Sri Lanka,2,Family Room,"gym, wifi, rooftop terrace, pool",92
HT-CMB-014,The Terrace Colombo,Colombo,Sri Lanka,2.6,Twin Room,"spa, restaurant, airport shuttle",134
HT-CMB-015,Travelodge Colombo,Colombo,Sri Lanka,2.4,Family Room,"bar, spa, wifi, gym, rooftop terrace, pool",137
HT-CMB-016,The Colombo House West,Colombo,Sri Lanka,2.7,Superior Queen,"wifi, pool, kids club, gym, parking, spa",108
HT-CMB-017,Casa Colombo,Colombo,Sri Lanka,3.6,Junior Suite,"kids club, airport shuttle, spa, gym, rooftop terrace",174
HT-CMB-018,Colombo Garden Residence,Colombo,Sri Lanka,2.5,Family Room,"bar, parking, beach access, kids club",121
HT-CMB-019,Casa Colombo Riverside,Colombo,Sri Lanka,3.6,Executive Suite,"spa, gym, rooftop terrace, airport shuttle",205
HT-CMB-020,Hotel Colombo Central Riverside,Colombo,Sri Lanka,4.3,Family Room,"beach access, rooftop terrace, spa, gym, bar, airport shuttle",314
HT-CMB-021,Colombo Harbour Suites,Colombo,Sri Lanka,2.9,Superior Queen,"rooftop terrace, wifi, parking",131
HT-CMB-022,Colombo Garden Residence East,Colombo,Sri Lanka,3,Deluxe King,"wifi, airport shuttle, pool, beach access",186
HT-CMB-023,The Old Town Inn Colombo Annex,Colombo,Sri Lanka,3,Twin Room,"wifi, pool, bar, restaurant, gym",180
HT-CMB-024,Villa Colombo Riverside,Colombo,Sri Lanka,2.6,Standard Double,"pool, beach access, kids club, airport shuttle, spa",109
HT-CMB-025,The Grand Colombo Hotel Annex,Colombo,Sri Lanka,5,Standard Double,"rooftop terrace, wifi, beach access, pool, gym",472
HT-CMB-026,The Old Town Inn Colombo Annex,Colombo,Sri Lanka,3.5,Deluxe King,"breakfast included, rooftop terrace, wifi",229
HT-CMB-027,The Terrace Colombo West,Colombo,Sri Lanka,4.1,Executive Suite,"airport shuttle, wifi, beach access, bar",211
HT-CMB-028,The Old Town Inn Colombo West,Colombo,Sri Lanka,2.6,Standard Double,"parking, pool, beach access, kids club",140
HT-CMB-029,The Colombo House East,Colombo,Sri Lanka,3.2,Deluxe King,"breakfast included, wifi, kids club, beach access, bar, gym",178
HT-CMB-030,The Colombo Boutique,Colombo,Sri Lanka,2.6,Executive Suite,"airport shuttle, kids club, restaurant, wifi, beach access",143
HT-CMB-031,Villa Colombo Riverside,Colombo,Sri Lanka,4.7,Deluxe King,"breakfast included, bar, rooftop terrace, spa, beach access, gym",288
HT-CMB-032,The Terrace Colombo East,Colombo,Sri Lanka,2.9,Twin Room,"gym, restaurant, bar, wifi, pool",178
HT-DXB-001,Hilton Dubai,Dubai,United Arab Emirates,4.8,Superior Queen,"restaurant, airport shuttle, parking, spa",626
HT-DXB-002,Hotel Dubai Central,Dubai,United Arab Emirates,4.9,Superior Queen,"pool, breakfast included, kids club, beach access, rooftop terrace, parking",619
HT-DXB-003,The Dubai House,Dubai,United Arab Emirates,3.9,Family Room,"bar, pool, airport shuttle, gym, wifi",416
HT-DXB-004,InterContinental Dubai,Dubai,United Arab Emirates,4.9,Twin Room,"wifi, beach access, spa, rooftop terrace",971
HT-DXB-005,Shangri-La Dubai,Dubai,United Arab Emirates,4.9,Superior Queen,"parking, restaurant, gym, breakfast included, airport shuttle",887
HT-DXB-006,Dubai Garden Residence,Dubai,United Arab Emirates,4.1,Twin Room,"bar, spa, gym, rooftop terrace, wifi, parking",659
HT-DXB-007,The Old Town Inn Dubai,Dubai,United Arab Emirates,3.3,Deluxe King,"beach access, bar, gym, restaurant, rooftop terrace",499
HT-DXB-008,The Dubai Boutique,Dubai,United Arab Emirates,4.8,Standard Double,"breakfast included, rooftop terrace, spa, pool",752
HT-DXB-009,The Old Town Inn Dubai West,Dubai,United Arab Emirates,2.6,Junior Suite,"bar, rooftop terrace, wifi, pool, airport shuttle, gym",220
HT-DXB-010,The Dubai House Annex,Dubai,United Arab Emirates,3,Standard Double,"bar, rooftop terrace, beach access, restaurant, wifi",295
HT-DXB-011,Holiday Inn Dubai,Dubai,United Arab Emirates,3.5,Family Room,"restaurant, bar, rooftop terrace, breakfast included, spa, gym",415
HT-DXB-012,The Dubai House II,Dubai,United Arab Emirates,4.3,Superior Queen,"spa, breakfast included, bar, wifi, restaurant, rooftop terrace",661
HT-DXB-013,Casa Dubai,Dubai,United Arab Emirates,4,Superior Queen,"restaurant, breakfast included, airport shuttle",530
HT-DXB-014,The Old Town Inn Dubai II,Dubai,United Arab Emirates,4.2,Executive Suite,"breakfast included, pool, parking, beach access",682
HT-DXB-015,Travelodge Dubai,Dubai,United Arab Emirates,2.6,Junior Suite,"rooftop terrace, kids club, airport shuttle, breakfast included",315
HT-DXB-016,The Grand Dubai Hotel,Dubai,United Arab Emirates,3.6,Twin Room,"spa, beach access, restaurant, pool",449
HT-DXB-017,Casa Dubai II,Dubai,United Arab Emirates,3.3,Junior Suite,"spa, gym, pool, parking, rooftop terrace, beach access",436
HT-DXB-018,Hotel Dubai Central Annex,Dubai,United Arab Emirates,2.8,Twin Room,"rooftop terrace, airport shuttle, parking, pool, spa",314
HT-DXB-019,The Dubai House West,Dubai,United Arab Emirates,4.5,Family Room,"wifi, beach access, bar, kids club",532
HT-DXB-020,Dubai Harbour Suites,Dubai,United Arab Emirates,4.5,Standard Double,"wifi, pool, bar, gym",762
HT-DXB-021,The Grand Dubai Hotel Annex,Dubai,United Arab Emirates,3,Twin Room,"pool, parking, restaurant, rooftop terrace, spa, beach access",272
HT-DXB-022,The Dubai Boutique Riverside,Dubai,United Arab Emirates,3,Junior Suite,"gym, pool, restaurant, airport shuttle, spa, breakfast included",329
HT-DXB-023,Dubai Garden Residence Riverside,Dubai,United Arab Emirates,5,Family Room,"wifi, pool, bar",809
HT-DXB-024,The Dubai House Annex,Dubai,United Arab Emirates,4.4,Superior Queen,"wifi, pool, restaurant, bar, airport shuttle, beach access",752
HT-DXB-025,Dubai Garden Residence East,Dubai,United Arab Emirates,2.6,Standard Double,"bar, spa, breakfast included, pool, parking",334
HT-DXB-026,The Grand Dubai Hotel Annex,Dubai,United Arab Emirates,3.8,Junior Suite,"airport shuttle, restaurant, bar, parking, breakfast included",447
HT-DXB-027,The Grand Dubai Hotel East,Dubai,United Arab Emirates,4,Executive Suite,"kids club, rooftop terrace, wifi, spa",450
HT-DXB-028,Casa Dubai West,Dubai,United Arab Emirates,4.6,Standard Double,"spa, airport shuttle, pool",874
HT-DXB-029,Hotel Dubai Central East,Dubai,United Arab Emirates,4.6,Junior Suite,"parking, beach access, rooftop terrace, kids club, airport shuttle",786
HT-DXB-030,The Dubai Boutique II,Dubai,United Arab Emirates,4.5,Superior Queen,"airport shuttle, wifi, pool, bar, restaurant, gym",664
HT-DXB-031,Dubai Harbour Suites West,Dubai,United Arab Emirates,3,Family Room,"gym, parking, breakfast included",356
HT-DXB-032,The Dubai House Riverside,Dubai,United Arab Emirates,3.2,Family Room,"gym, restaurant, spa, breakfast included, wifi, pool",478
HT-DXB-033,Dubai Harbour Suites East,Dubai,United Arab Emirates,3.9,Standard Double,"restaurant, wifi, airport shuttle",610
HT-DXB-034,Hotel Dubai Central Annex,Dubai,United Arab Emirates,4.5,Twin Room,"wifi, beach access, spa, pool, gym, restaurant",756
HT-DXB-035,The Terrace Dubai,Dubai,United Arab Emirates,3.3,Executive Suite,"airport shuttle, pool, bar, spa, gym",444
HT-DXB-036,The Terrace Dubai II,Dubai,United Arab Emirates,3.1,Deluxe King,"spa, breakfast included, restaurant, parking, kids club, beach access",335
HT-DXB-037,Villa Dubai,Dubai,United Arab Emirates,3.1,Family Room,"airport shuttle, wifi, restaurant, gym, parking",430
HT-DXB-038,Villa Dubai East,Dubai,United Arab Emirates,2.8,Superior Queen,"bar, kids club, gym, spa, beach access, parking",272
HT-DOH-001,Hilton Doha,Doha,Qatar,4.7,Superior Queen,"kids club, spa, bar, wifi, breakfast included, parking",573
HT-DOH-002,Casa Doha,Doha,Qatar,4.7,Twin Room,"wifi, spa, kids club, breakfast included, rooftop terrace",792
HT-DOH-003,The Terrace Doha,Doha,Qatar,3.5,Junior Suite,"kids club, spa, wifi, rooftop terrace, breakfast included",486
HT-DOH-004,InterContinental Doha,Doha,Qatar,4.8,Twin Room,"restaurant, wifi, rooftop terrace",709
HT-DOH-005,Shangri-La Doha,Doha,Qatar,4.8,Twin Room,"spa, pool, kids club, restaurant, parking, beach access",574
HT-DOH-006,The Terrace Doha Riverside,Doha,Qatar,3.7,Family Room,"bar, pool, wifi",470
HT-DOH-007,Sheraton Doha,Doha,Qatar,3.7,Executive Suite,"airport shuttle, restaurant, wifi, kids club, pool, bar",501
HT-DOH-008,Crowne Plaza Doha,Doha,Qatar,4.4,Deluxe King,"airport shuttle, bar, breakfast included, spa, rooftop terrace",777
HT-DOH-009,Radisson Blu Doha,Doha,Qatar,3.8,Junior Suite,"gym, airport shuttle, restaurant, pool, spa",382
HT-DOH-010,The Terrace Doha East,Doha,Qatar,2.5,Twin Room,"wifi, restaurant, kids club",217
HT-DOH-011,Holiday Inn Doha,Doha,Qatar,3.8,Executive Suite,"pool, restaurant, beach access",448
HT-DOH-012,The Terrace Doha East,Doha,Qatar,4,Junior Suite,"parking, beach access, wifi",644
HT-DOH-013,The Terrace Doha Annex,Doha,Qatar,4.5,Standard Double,"airport shuttle, wifi, kids club, spa",588
HT-DOH-014,ibis Styles Doha,Doha,Qatar,2.1,Standard Double,"breakfast included, spa, bar, gym, rooftop terrace",243
HT-DOH-015,Doha Garden Residence,Doha,Qatar,3.3,Superior Queen,"wifi, pool, beach access, gym",374
HT-DOH-016,Villa Doha,Doha,Qatar,4.2,Executive Suite,"restaurant, gym, spa",554
HT-DOH-017,Doha Harbour Suites,Doha,Qatar,3.9,Twin Room,"restaurant, spa, airport shuttle, beach access, wifi, rooftop terrace",548
HT-DOH-018,The Doha House,Doha,Qatar,4.4,Deluxe King,"airport shuttle, wifi, breakfast included",717
HT-DOH-019,Villa Doha Riverside,Doha,Qatar,2.6,Family Room,"kids club, bar, wifi, pool, rooftop terrace",297
HT-DOH-020,The Terrace Doha Riverside,Doha,Qatar,2.7,Standard Double,"restaurant, wifi, airport shuttle, rooftop terrace, parking, breakfast included",331
HT-DOH-021,Doha Harbour Suites West,Doha,Qatar,3.4,Twin Room,"beach access, restaurant, breakfast included, bar, pool, parking",354
HT-DOH-022,Doha Garden Residence II,Doha,Qatar,4.9,Executive Suite,"restaurant, beach access, wifi, rooftop terrace, gym, bar",728
HT-DOH-023,The Old Town Inn Doha,Doha,Qatar,4,Twin Room,"wifi, rooftop terrace, bar, parking, pool, kids club",453
HT-DOH-024,The Grand Doha Hotel,Doha,Qatar,3.1,Executive Suite,"kids club, pool, airport shuttle, gym",411
HT-DOH-025,The Doha Boutique,Doha,Qatar,3.3,Superior Queen,"airport shuttle, gym, beach access, pool, parking, rooftop terrace",412
HT-DOH-026,Villa Doha West,Doha,Qatar,2.7,Junior Suite,"bar, pool, beach access, restaurant",229
HT-DOH-027,Doha Garden Residence West,Doha,Qatar,4.4,Executive Suite,"restaurant, parking, wifi, bar, pool, beach access",504
HT-DOH-028,The Doha Boutique West,Doha,Qatar,4.1,Superior Queen,"restaurant, wifi, pool, bar",467
HT-DOH-029,Hotel Doha Central,Doha,Qatar,4,Executive Suite,"wifi, restaurant, parking, pool, bar, rooftop terrace",536
HT-DOH-030,The Terrace Doha East,Doha,Qatar,3.1,Deluxe King,"restaurant, beach access, bar, parking, breakfast included, spa",312
HT-IST-001,Istanbul Garden Residence,Istanbul,Turkey,3.3,Standard Double,"wifi, spa, airport shuttle, pool, parking, breakfast included",232
HT-IST-002,Villa Istanbul,Istanbul,Turkey,3.8,Junior Suite,"kids club, breakfast included, bar, restaurant, parking, gym",344
HT-IST-003,Hyatt Regency Istanbul,Istanbul,Turkey,5,Superior Queen,"breakfast included, wifi, parking, restaurant, bar",410
HT-IST-004,InterContinental Istanbul,Istanbul,Turkey,5,Junior Suite,"wifi, spa, beach access",449
HT-IST-005,Shangri-La Istanbul,Istanbul,Turkey,4.7,Twin Room,"wifi, restaurant, beach access, bar, pool, rooftop terrace",367
HT-IST-006,Four Seasons Istanbul,Istanbul,Turkey,4.5,Executive Suite,"gym, restaurant, parking",429
HT-IST-007,Istanbul Garden Residence East,Istanbul,Turkey,3.6,Executive Suite,"breakfast included, pool, parking",276
HT-IST-008,Crowne Plaza Istanbul,Istanbul,Turkey,3.8,Standard Double,"breakfast included, kids club, beach access",245
HT-IST-009,Radisson Blu Istanbul,Istanbul,Turkey,3.9,Standard Double,"kids club, restaurant, wifi, airport shuttle, pool",271
HT-IST-010,Novotel Istanbul,Istanbul,Turkey,4.4,Family Room,"rooftop terrace, beach access, bar, pool",451
HT-IST-011,The Old Town Inn Istanbul,Istanbul,Turkey,3.4,Superior Queen,"spa, breakfast included, airport shuttle, wifi, bar, beach access",216
HT-IST-012,Mercure Istanbul,Istanbul,Turkey,3.3,Twin Room,"airport shuttle, gym, rooftop terrace, pool",276
HT-IST-013,ibis Istanbul,Istanbul,Turkey,2.2,Family Room,"wifi, bar, pool, beach access",127
HT-IST-014,Villa Istanbul East,Istanbul,Turkey,4.4,Deluxe King,"gym, pool, bar, restaurant, wifi, spa",486
HT-IST-015,Casa Istanbul,Istanbul,Turkey,4.6,Executive Suite,"airport shuttle, wifi, pool, breakfast included, bar",408
HT-IST-016,Istanbul Harbour Suites,Istanbul,Turkey,4.3,Twin Room,"beach access, bar, spa",429
HT-IST-017,The Istanbul House,Istanbul,Turkey,4.7,Junior Suite,"wifi, breakfast included, gym, pool, restaurant, kids club",529
HT-IST-018,The Old Town Inn Istanbul Riverside,Istanbul,Turkey,3.2,Superior Queen,"gym, bar, restaurant, breakfast included, beach access, rooftop terrace",194
HT-IST-019,Istanbul Harbour Suites East,Istanbul,Turkey,3.9,Superior Queen,"beach access, airport shuttle, parking",350
HT-IST-020,Istanbul Garden Residence West,Istanbul,Turkey,2.7,Standard Double,"breakfast included, bar, spa, airport shuttle, rooftop terrace",212
HT-IST-021,Villa Istanbul Annex,Istanbul,Turkey,3.2,Standard Double,"wifi, beach access, pool, gym, breakfast included, parking",212
HT-IST-022,Villa Istanbul West,Istanbul,Turkey,3.7,Twin Room,"spa, parking, pool, wifi, kids club, breakfast included",341
HT-IST-023,Casa Istanbul Annex,Istanbul,Turkey,4,Family Room,"rooftop terrace, spa, airport shuttle, gym",428
HT-IST-024,Hotel Istanbul Central,Istanbul,Turkey,3.4,Standard Double,"bar, breakfast included, beach access, restaurant",327
HT-IST-025,Casa Istanbul West,Istanbul,Turkey,4.2,Superior Queen,"spa, breakfast included, beach access, airport shuttle, gym, restaurant",434
HT-IST-026,Istanbul Garden Residence West,Istanbul,Turkey,2.8,Standard Double,"wifi, restaurant, kids club",236
HT-IST-027,The Istanbul Boutique,Istanbul,Turkey,2.8,Standard Double,"wifi, pool, airport shuttle, bar",169
HT-IST-028,Casa Istanbul Riverside,Istanbul,Turkey,4,Standard Double,"airport shuttle, spa, rooftop terrace, parking",379
HT-IST-029,Istanbul Garden Residence East,Istanbul,Turkey,4.1,Family Room,"spa, beach access, pool",409
HT-IST-030,Hotel Istanbul Central Annex,Istanbul,Turkey,2.6,Standard Double,"spa, gym, pool, rooftop terrace",175
HT-IST-031,The Old Town Inn Istanbul II,Istanbul,Turkey,2.6,Executive Suite,"parking, wifi, rooftop terrace, airport shuttle, beach access",184
HT-IST-032,Istanbul Garden Residence Riverside,Istanbul,Turkey,4.6,Family Room,"spa, pool, bar, kids club, rooftop terrace, breakfast included",429
HT-IST-033,The Terrace Istanbul,Istanbul,Turkey,3.9,Superior Queen,"airport shuttle, parking, beach access, bar, gym, rooftop terrace",376
HT-IST-034,The Old Town Inn Istanbul Annex,Istanbul,Turkey,5,Junior Suite,"airport shuttle, kids club, breakfast included",488
HT-IST-035,The Grand Istanbul Hotel,Istanbul,Turkey,4.9,Superior Queen,"spa, restaurant, gym, airport shuttle, breakfast included",447
HT-IST-036,Istanbul Harbour Suites East,Istanbul,Turkey,4.4,Family Room,"bar, spa, parking, airport shuttle",365
HT-CAI-001,Cairo Garden Residence,Cairo,Egypt,2.6,Superior Queen,"wifi, breakfast included, bar, pool, rooftop terrace, gym",113
HT-CAI-002,Marriott Cairo,Cairo,Egypt,4.9,Superior Queen,"wifi, kids club, beach access, pool, breakfast included",385
HT-CAI-003,The Old Town Inn Cairo,Cairo,Egypt,4.6,Superior Queen,"restaurant, bar, airport shuttle, wifi, kids club, beach access",263
HT-CAI-004,InterContinental Cairo,Cairo,Egypt,4.8,Superior Queen,"gym, pool, wifi",312
HT-CAI-005,Hotel Cairo Central,Cairo,Egypt,4.1,Family Room,"pool, wifi, beach access, restaurant",206
HT-CAI-006,Four Seasons Cairo,Cairo,Egypt,4.8,Standard Double,"rooftop terrace, breakfast included, kids club, parking, pool",337
HT-CAI-007,Sheraton Cairo,Cairo,Egypt,4,Executive Suite,"wifi, pool, bar",279
HT-CAI-008,Crowne Plaza Cairo,Cairo,Egypt,4.2,Junior Suite,"beach access, bar, gym, rooftop terrace",209
HT-CAI-009,Hotel Cairo Central II,Cairo,Egypt,3.7,Deluxe King,"rooftop terrace, wifi, beach access",197
HT-CAI-010,Villa Cairo,Cairo,Egypt,3.9,Junior Suite,"spa, beach access, airport shuttle, gym, parking",224
HT-CAI-011,Holiday Inn Cairo,Cairo,Egypt,3,Junior Suite,"wifi, kids club, pool, bar",131
HT-CAI-012,Mercure Cairo,Cairo,Egypt,3.2,Family Room,"wifi, beach access, breakfast included, bar, rooftop terrace, pool",129
HT-CAI-013,ibis Cairo,Cairo,Egypt,2.2,Twin Room,"restaurant, parking, wifi",100
HT-CAI-014,ibis Styles Cairo,Cairo,Egypt,2.1,Standard Double,"wifi, pool, kids club, gym, beach access",93
HT-CAI-015,Travelodge Cairo,Cairo,Egypt,2.9,Twin Room,"beach access, pool, kids club",131
HT-CAI-016,The Cairo House,Cairo,Egypt,3.2,Junior Suite,"bar, kids club, pool, breakfast included, restaurant, spa",176
HT-CAI-017,Cairo Harbour Suites,Cairo,Egypt,4.5,Superior Queen,"spa, gym, kids club",317
HT-CAI-018,Cairo Garden Residence West,Cairo,Egypt,3.1,Junior Suite,"gym, pool, wifi, spa",143
HT-CAI-019,Hotel Cairo Central Annex,Cairo,Egypt,4.8,Executive Suite,"restaurant, pool, wifi, breakfast included, kids club",284
HT-CAI-020,The Cairo Boutique,Cairo,Egypt,4.1,Family Room,"gym, breakfast included, pool",296
HT-CAI-021,The Cairo House East,Cairo,Egypt,2.8,Junior Suite,"beach access, gym, airport shuttle, parking",161
HT-CAI-022,Cairo Harbour Suites Annex,Cairo,Egypt,3.6,Deluxe King,"bar, wifi, pool, airport shuttle, kids club",180
HT-CAI-023,Hotel Cairo Central East,Cairo,Egypt,3.6,Deluxe King,"wifi, restaurant, airport shuttle, breakfast included, parking",237
HT-CAI-024,The Old Town Inn Cairo West,Cairo,Egypt,2.9,Standard Double,"rooftop terrace, airport shuttle, parking, pool",115
HT-CAI-025,Hotel Cairo Central West,Cairo,Egypt,4.1,Standard Double,"breakfast included, spa, kids club, gym, airport shuttle",229
HT-CAI-026,Casa Cairo,Cairo,Egypt,4.8,Twin Room,"bar, airport shuttle, rooftop terrace",309
HT-CAI-027,The Old Town Inn Cairo East,Cairo,Egypt,2.6,Junior Suite,"rooftop terrace, wifi, restaurant, breakfast included, parking",107
HT-CAI-028,The Grand Cairo Hotel,Cairo,Egypt,2.6,Deluxe King,"restaurant, spa, bar, wifi, rooftop terrace, beach access",113
HT-CAI-029,The Old Town Inn Cairo East,Cairo,Egypt,3.6,Standard Double,"beach access, restaurant, spa, airport shuttle, gym",239
HT-CAI-030,Cairo Garden Residence Annex,Cairo,Egypt,3.9,Superior Queen,"breakfast included, pool, spa, restaurant",180
HT-RAK-001,Marrakech Garden Residence,Marrakech,Morocco,4.3,Twin Room,"airport shuttle, spa, beach access, restaurant",379
HT-RAK-002,Villa Marrakech,Marrakech,Morocco,3.4,Superior Queen,"beach access, breakfast included, rooftop terrace",190
HT-RAK-003,The Marrakech House,Marrakech,Morocco,2.9,Junior Suite,"spa, bar, rooftop terrace, airport shuttle, beach access, gym",183
HT-RAK-004,InterContinental Marrakech,Marrakech,Morocco,5,Family Room,"parking, gym, restaurant",420
HT-RAK-005,Shangri-La Marrakech,Marrakech,Morocco,5,Superior Queen,"rooftop terrace, pool, bar, parking, wifi, gym",377
HT-RAK-006,Four Seasons Marrakech,Marrakech,Morocco,4.7,Deluxe King,"kids club, wifi, beach access, pool",312
HT-RAK-007,Sheraton Marrakech,Marrakech,Morocco,3.7,Standard Double,"beach access, airport shuttle, restaurant",254
HT-RAK-008,Crowne Plaza Marrakech,Marrakech,Morocco,4.5,Standard Double,"restaurant, kids club, beach access, pool",361
HT-RAK-009,Radisson Blu Marrakech,Marrakech,Morocco,4.5,Junior Suite,"kids club, rooftop terrace, wifi, bar, parking",319
HT-RAK-010,Novotel Marrakech,Marrakech,Morocco,4.5,Executive Suite,"wifi, airport shuttle, pool, beach access, rooftop terrace, parking",325
HT-RAK-011,The Marrakech Boutique,Marrakech,Morocco,2.6,Superior Queen,"spa, wifi, pool, breakfast included, parking",126
HT-RAK-012,Mercure Marrakech,Marrakech,Morocco,3.5,Deluxe King,"restaurant, spa, wifi, pool, kids club, beach access",180
HT-RAK-013,ibis Marrakech,Marrakech,Morocco,2.9,Junior Suite,"wifi, breakfast included, airport shuttle",205
HT-RAK-014,Marrakech Garden Residence Annex,Marrakech,Morocco,3.5,Junior Suite,"spa, gym, restaurant",276
HT-RAK-015,The Terrace Marrakech,Marrakech,Morocco,3.5,Family Room,"airport shuttle, wifi, rooftop terrace, parking, breakfast included",268
HT-RAK-016,Villa Marrakech Annex,Marrakech,Morocco,2.9,Family Room,"kids club, parking, breakfast included, pool",140
HT-RAK-017,The Marrakech House East,Marrakech,Morocco,3.5,Deluxe King,"spa, gym, restaurant, parking, bar, beach access",206
HT-RAK-018,The Terrace Marrakech II,Marrakech,Morocco,3.1,Family Room,"spa, airport shuttle, gym",196
HT-RAK-019,The Marrakech House West,Marrakech,Morocco,3.4,Twin Room,"breakfast included, airport shuttle, beach access, wifi, bar, pool",206
HT-RAK-020,The Terrace Marrakech West,Marrakech,Morocco,3.3,Executive Suite,"wifi, airport shuttle, pool, beach access, bar, spa",171
HT-RAK-021,The Old Town Inn Marrakech,Marrakech,Morocco,4,Junior Suite,"restaurant, bar, airport shuttle",321
HT-RAK-022,The Terrace Marrakech East,Marrakech,Morocco,2.5,Twin Room,"parking, breakfast included, rooftop terrace, restaurant",144
HT-RAK-023,Casa Marrakech,Marrakech,Morocco,3.8,Standard Double,"airport shuttle, wifi, rooftop terrace, pool, bar, parking",282
HT-RAK-024,The Marrakech Boutique Annex,Marrakech,Morocco,4,Superior Queen,"airport shuttle, spa, rooftop terrace, pool, gym, beach access",265
HT-RAK-025,Hotel Marrakech Central,Marrakech,Morocco,4.4,Superior Queen,"kids club, breakfast included, bar, beach access",310
HT-RAK-026,Hotel Marrakech Central Annex,Marrakech,Morocco,4.5,Deluxe King,"pool, beach access, restaurant, bar, rooftop terrace, parking",329
HT-RAK-027,The Terrace Marrakech West,Marrakech,Morocco,3.8,Deluxe King,"parking, wifi, kids club, beach access, pool",226
HT-RAK-028,Marrakech Garden Residence II,Marrakech,Morocco,3.4,Standard Double,"breakfast included, spa, gym, bar, rooftop terrace, airport shuttle",257
HT-RAK-029,The Terrace Marrakech Annex,Marrakech,Morocco,4.3,Junior Suite,"parking, wifi, beach access, pool",303
HT-RAK-030,Marrakech Garden Residence East,Marrakech,Morocco,3.8,Superior Queen,"wifi, airport shuttle, beach access, rooftop terrace",304
HT-RAK-031,Marrakech Harbour Suites,Marrakech,Morocco,3.2,Deluxe King,"wifi, rooftop terrace, parking, pool, restaurant",161
HT-CPT-001,Hilton Cape Town,Cape Town,South Africa,4.5,Superior Queen,"wifi, spa, bar, pool, breakfast included",409
HT-CPT-002,Marriott Cape Town,Cape Town,South Africa,4.6,Deluxe King,"parking, gym, beach access, wifi",493
HT-CPT-003,Hyatt Regency Cape Town,Cape Town,South Africa,4.9,Standard Double,"restaurant, airport shuttle, pool, bar",565
HT-CPT-004,InterContinental Cape Town,Cape Town,South Africa,4.7,Twin Room,"airport shuttle, bar, spa",369
HT-CPT-005,Shangri-La Cape Town,Cape Town,South Africa,4.7,Deluxe King,"bar, wifi, pool, beach access, parking, kids club",459
HT-CPT-006,The Cape Town House,Cape Town,South Africa,4.7,Superior Queen,"spa, pool, restaurant, bar",364
HT-CPT-007,Villa Cape Town,Cape Town,South Africa,2.7,Twin Room,"bar, breakfast included, parking, rooftop terrace",142
HT-CPT-008,Crowne Plaza Cape Town,Cape Town,South Africa,3.6,Twin Room,"rooftop terrace, restaurant, breakfast included, beach access, gym",241
HT-CPT-009,The Terrace Cape Town,Cape Town,South Africa,4.3,Deluxe King,"kids club, airport shuttle, pool",438
HT-CPT-010,Novotel Cape Town,Cape Town,South Africa,4,Executive Suite,"gym, breakfast included, pool, spa, wifi, parking",284
HT-CPT-011,Holiday Inn Cape Town,Cape Town,South Africa,4,Junior Suite,"parking, spa, kids club, gym, airport shuttle, breakfast included",402
HT-CPT-012,Mercure Cape Town,Cape Town,South Africa,4,Standard Double,"restaurant, spa, kids club, wifi, breakfast included, pool",312
HT-CPT-013,ibis Cape Town,Cape Town,South Africa,2.8,Standard Double,"airport shuttle, spa, parking, breakfast included, pool, beach access",178
HT-CPT-014,ibis Styles Cape Town,Cape Town,South Africa,2.3,Deluxe King,"rooftop terrace, restaurant, beach access",140
HT-CPT-015,Travelodge Cape Town,Cape Town,South Africa,2.9,Family Room,"kids club, wifi, airport shuttle, breakfast included, pool",182
HT-CPT-016,Hotel Cape Town Central,Cape Town,South Africa,3.5,Family Room,"restaurant, airport shuttle, wifi, pool, parking",316
HT-CPT-017,The Old Town Inn Cape Town,Cape Town,South Africa,4.1,Twin Room,"wifi, beach access, pool, rooftop terrace, gym, airport shuttle",268
HT-CPT-018,Cape Town Harbour Suites,Cape Town,South Africa,4.4,Junior Suite,"pool, kids club, beach access, restaurant",339
HT-CPT-019,Casa Cape Town,Cape Town,South Africa,4.8,Standard Double,"kids club, gym, spa, rooftop terrace",408
HT-CPT-020,Cape Town Garden Residence,Cape Town,South Africa,4.3,Junior Suite,"kids club, pool, bar",354
HT-CPT-021,The Cape Town House Riverside,Cape Town,South Africa,5,Twin Room,"breakfast included, airport shuttle, parking, spa, rooftop terrace, pool",453
HT-CPT-022,The Cape Town Boutique,Cape Town,South Africa,3.6,Junior Suite,"parking, breakfast included, spa",248
HT-CPT-023,The Old Town Inn Cape Town East,Cape Town,South Africa,4.7,Superior Queen,"restaurant, bar, breakfast included, spa, gym",516
HT-CPT-024,The Cape Town House Riverside,Cape Town,South Africa,2.9,Superior Queen,"gym, airport shuttle, rooftop terrace, bar, spa, kids club",209
HT-CPT-025,Villa Cape Town Riverside,Cape Town,South Africa,4.6,Executive Suite,"gym, parking, pool",398
HT-CPT-026,Cape Town Garden Residence II,Cape Town,South Africa,4.6,Deluxe King,"bar, wifi, breakfast included, beach access, spa, restaurant",319
HT-CPT-027,The Terrace Cape Town Riverside,Cape Town,South Africa,4.4,Superior Queen,"breakfast included, pool, wifi, restaurant",423
HT-CPT-028,Casa Cape Town West,Cape Town,South Africa,3.3,Executive Suite,"airport shuttle, gym, rooftop terrace",256
HT-CPT-029,The Cape Town Boutique Annex,Cape Town,South Africa,3,Family Room,"pool, restaurant, spa, bar, rooftop terrace, wifi",205
HT-CPT-030,Hotel Cape Town Central East,Cape Town,South Africa,4.8,Standard Double,"airport shuttle, wifi, kids club",340
HT-CPT-031,Villa Cape Town West,Cape Town,South Africa,3.2,Junior Suite,"wifi, rooftop terrace, pool, parking, gym",201
HT-CPT-032,The Terrace Cape Town Riverside,Cape Town,South Africa,3.6,Junior Suite,"pool, spa, bar, restaurant",274
HT-CPT-033,The Cape Town House II,Cape Town,South Africa,3.8,Standard Double,"rooftop terrace, breakfast included, beach access",334
HT-CPT-034,The Terrace Cape Town Annex,Cape Town,South Africa,2.9,Superior Queen,"bar, breakfast included, beach access, rooftop terrace",154
HT-CPT-035,Hotel Cape Town Central West,Cape Town,South Africa,3,Deluxe King,"wifi, pool, gym, rooftop terrace, breakfast included",238
HT-CPT-036,The Cape Town House West,Cape Town,South Africa,4.8,Standard Double,"wifi, rooftop terrace, restaurant, airport shuttle, pool",361
HT-CPT-037,Casa Cape Town West,Cape Town,South Africa,4.7,Executive Suite,"gym, spa, airport shuttle, bar",426
HT-NBO-001,Hilton Nairobi,Nairobi,Kenya,4.8,Family Room,"pool, breakfast included, beach access, bar",472
HT-NBO-002,The Terrace Nairobi,Nairobi,Kenya,2.9,Deluxe King,"bar, gym, beach access, rooftop terrace, spa, wifi",137
HT-NBO-003,Hyatt Regency Nairobi,Nairobi,Kenya,4.9,Superior Queen,"beach access, breakfast included, airport shuttle, kids club, bar, spa",502
HT-NBO-004,InterContinental Nairobi,Nairobi,Kenya,4.5,Family Room,"beach access, pool, spa",347
HT-NBO-005,Shangri-La Nairobi,Nairobi,Kenya,4.6,Twin Room,"bar, beach access, spa",331
HT-NBO-006,The Nairobi Boutique,Nairobi,Kenya,2.9,Deluxe King,"airport shuttle, wifi, spa",197
HT-NBO-007,The Grand Nairobi Hotel,Nairobi,Kenya,2.6,Deluxe King,"kids club, parking, wifi, pool, rooftop terrace, airport shuttle",136
HT-NBO-008,Crowne Plaza Nairobi,Nairobi,Kenya,4.5,Twin Room,"restaurant, bar, gym",315
HT-NBO-009,Radisson Blu Nairobi,Nairobi,Kenya,3.7,Junior Suite,"bar, spa, kids club, gym",235
HT-NBO-010,Novotel Nairobi,Nairobi,Kenya,4,Superior Queen,"rooftop terrace, spa, wifi, airport shuttle, parking",323
HT-NBO-011,Holiday Inn Nairobi,Nairobi,Kenya,3.6,Standard Double,"airport shuttle, breakfast included, restaurant, gym, pool, beach access",304
HT-NBO-012,Mercure Nairobi,Nairobi,Kenya,3.6,Deluxe King,"parking, wifi, airport shuttle, kids club",239
HT-NBO-013,ibis Nairobi,Nairobi,Kenya,2.9,Deluxe King,"wifi, kids club, pool, breakfast included, restaurant, parking",177
HT-NBO-014,ibis Styles Nairobi,Nairobi,Kenya,2.1,Superior Queen,"airport shuttle, breakfast included, rooftop terrace, spa, beach access",100
HT-NBO-015,Travelodge Nairobi,Nairobi,Kenya,2.3,Family Room,"breakfast included, spa, rooftop terrace, parking, wifi, gym",125
HT-NBO-016,Villa Nairobi,Nairobi,Kenya,3.6,Junior Suite,"wifi, airport shuttle, pool, beach access, rooftop terrace, parking",203
HT-NBO-017,Hotel Nairobi Central,Nairobi,Kenya,4.7,Deluxe King,"wifi, rooftop terrace, spa, bar, gym, beach access",493
HT-NBO-018,The Grand Nairobi Hotel II,Nairobi,Kenya,3.5,Family Room,"breakfast included, spa, kids club, gym",187
HT-NBO-019,Nairobi Garden Residence,Nairobi,Kenya,4.8,Twin Room,"bar, wifi, pool",480
HT-NBO-020,The Terrace Nairobi Annex,Nairobi,Kenya,4.5,Family Room,"restaurant, wifi, parking",421
HT-NBO-021,Hotel Nairobi Central Annex,Nairobi,Kenya,5,Superior Queen,"pool, breakfast included, beach access, rooftop terrace",363
HT-NBO-022,Villa Nairobi Annex,Nairobi,Kenya,4.2,Standard Double,"bar, pool, breakfast included, spa, airport shuttle",392
HT-NBO-023,The Grand Nairobi Hotel East,Nairobi,Kenya,4.6,Deluxe King,"restaurant, airport shuttle, beach access, gym, bar, rooftop terrace",423
HT-NBO-024,The Old Town Inn Nairobi,Nairobi,Kenya,4.3,Family Room,"rooftop terrace, pool, gym",353
HT-NBO-025,Nairobi Garden Residence Annex,Nairobi,Kenya,3.9,Superior Queen,"gym, beach access, rooftop terrace, pool, wifi, breakfast included",298
HT-NBO-026,The Grand Nairobi Hotel Annex,Nairobi,Kenya,4.6,Executive Suite,"bar, breakfast included, parking",478
HT-NBO-027,Casa Nairobi,Nairobi,Kenya,3.6,Twin Room,"spa, gym, wifi",246
HT-NBO-028,The Old Town Inn Nairobi West,Nairobi,Kenya,4.6,Executive Suite,"restaurant, wifi, parking, rooftop terrace",298
HT-NBO-029,Nairobi Garden Residence II,Nairobi,Kenya,2.7,Twin Room,"kids club, spa, parking, bar, pool, wifi",128
HT-NBO-030,Hotel Nairobi Central Annex,Nairobi,Kenya,4.2,Family Room,"pool, gym, kids club, bar, restaurant",301
HT-NBO-031,Casa Nairobi West,Nairobi,Kenya,3.1,Twin Room,"breakfast included, restaurant, beach access, bar, spa",211
HT-NBO-032,The Terrace Nairobi Riverside,Nairobi,Kenya,3.2,Deluxe King,"parking, breakfast included, gym, pool",174
HT-NBO-033,The Terrace Nairobi II,Nairobi,Kenya,4.6,Superior Queen,"spa, pool, beach access, restaurant",449
HT-LHR-001,Hilton London,London,United Kingdom,4.7,Superior Queen,"bar, wifi, pool, airport shuttle, gym",926
HT-LHR-002,Hotel London Central,London,United Kingdom,4.4,Superior Queen,"rooftop terrace, kids club, spa",641
HT-LHR-003,Hyatt Regency London,London,United Kingdom,4.8,Twin Room,"wifi, restaurant, kids club, pool",855
HT-LHR-004,InterContinental London,London,United Kingdom,4.8,Deluxe King,"rooftop terrace, restaurant, wifi, spa, gym, airport shuttle",797
HT-LHR-005,Shangri-La London,London,United Kingdom,4.6,Executive Suite,"wifi, airport shuttle, parking, beach access",808
HT-LHR-006,Four Seasons London,London,United Kingdom,4.7,Executive Suite,"pool, gym, rooftop terrace",792
HT-LHR-007,Sheraton London,London,United Kingdom,4.1,Superior Queen,"spa, gym, pool, parking, kids club",729
HT-LHR-008,The Old Town Inn London,London,United Kingdom,4.6,Junior Suite,"restaurant, beach access, pool",724
HT-LHR-009,Radisson Blu London,London,United Kingdom,3.7,Twin Room,"gym, pool, bar, rooftop terrace, spa",461
HT-LHR-010,Novotel London,London,United Kingdom,4.1,Executive Suite,"spa, kids club, airport shuttle, parking, breakfast included",767
HT-LHR-011,Holiday Inn London,London,United Kingdom,3.5,Twin Room,"rooftop terrace, kids club, gym, wifi",502
HT-LHR-012,Villa London,London,United Kingdom,3.5,Junior Suite,"restaurant, spa, pool, parking, rooftop terrace, kids club",511
HT-LHR-013,The London Boutique,London,United Kingdom,4.5,Deluxe King,"parking, airport shuttle, restaurant, kids club, bar, beach access",792
HT-LHR-014,The London House,London,United Kingdom,4.1,Junior Suite,"kids club, restaurant, wifi, airport shuttle, gym, bar",536
HT-LHR-015,The Terrace London,London,United Kingdom,5,Family Room,"kids club, wifi, pool, airport shuttle, gym, parking",796
HT-LHR-016,London Garden Residence,London,United Kingdom,2.7,Junior Suite,"bar, beach access, airport shuttle, kids club, wifi, pool",307
HT-LHR-017,The London Boutique East,London,United Kingdom,4.4,Junior Suite,"wifi, pool, beach access, kids club",789
HT-LHR-018,The London House Riverside,London,United Kingdom,3.8,Twin Room,"bar, rooftop terrace, restaurant",498
HT-LHR-019,The London Boutique West,London,United Kingdom,3.2,Executive Suite,"kids club, spa, restaurant, airport shuttle",480
HT-LHR-020,The Terrace London II,London,United Kingdom,4.2,Family Room,"breakfast included, rooftop terrace, beach access, wifi, restaurant",760
HT-LHR-021,The London House East,London,United Kingdom,4.3,Executive Suite,"pool, wifi, rooftop terrace, parking",589
HT-LHR-022,Casa London,London,United Kingdom,2.8,Family Room,"airport shuttle, bar, parking",280
HT-LHR-023,The London House West,London,United Kingdom,3.3,Superior Queen,"rooftop terrace, breakfast included, kids club",387
HT-LHR-024,The Terrace London West,London,United Kingdom,3.9,Standard Double,"airport shuttle, parking, breakfast included, rooftop terrace, spa, beach access",549
HT-LHR-025,The London House West,London,United Kingdom,4.8,Family Room,"airport shuttle, restaurant, kids club",764
HT-LHR-026,Villa London West,London,United Kingdom,4.9,Family Room,"parking, beach access, wifi, airport shuttle",938
HT-LHR-027,The Old Town Inn London II,London,United Kingdom,3.2,Twin Room,"gym, bar, spa, kids club",372
HT-LHR-028,The London House Riverside,London,United Kingdom,3.1,Deluxe King,"bar, restaurant, spa, wifi",401
HT-LHR-029,The Old Town Inn London East,London,United Kingdom,2.5,Superior Queen,"kids club, breakfast included, restaurant, spa, bar",309
HT-LHR-030,The London Boutique West,London,United Kingdom,2.6,Standard Double,"wifi, spa, bar, airport shuttle, parking",381
HT-LHR-031,The Terrace London Riverside,London,United Kingdom,2.8,Junior Suite,"wifi, spa, pool",337
HT-LHR-032,The Terrace London II,London,United Kingdom,3.3,Deluxe King,"restaurant, rooftop terrace, wifi, airport shuttle, pool, kids club",417
HT-LHR-033,London Garden Residence West,London,United Kingdom,2.5,Junior Suite,"restaurant, breakfast included, beach access, parking",349
HT-EDI-001,Villa Edinburgh,Edinburgh,United Kingdom,3.6,Standard Double,"breakfast included, airport shuttle, beach access, kids club, pool",460
HT-EDI-002,Marriott Edinburgh,Edinburgh,United Kingdom,4.5,Executive Suite,"breakfast included, restaurant, gym, bar, rooftop terrace, pool",506
HT-EDI-003,Hyatt Regency Edinburgh,Edinburgh,United Kingdom,4.7,Standard Double,"wifi, spa, pool, breakfast included, airport shuttle",615
HT-EDI-004,Casa Edinburgh,Edinburgh,United Kingdom,2.8,Executive Suite,"pool, restaurant, bar, beach access",326
HT-EDI-005,Shangri-La Edinburgh,Edinburgh,United Kingdom,4.7,Junior Suite,"restaurant, kids club, spa, beach access",571
HT-EDI-006,Four Seasons Edinburgh,Edinburgh,United Kingdom,4.5,Twin Room,"bar, beach access, airport shuttle, wifi, spa",506
HT-EDI-007,Sheraton Edinburgh,Edinburgh,United Kingdom,3.9,Deluxe King,"spa, kids club, bar",508
HT-EDI-008,Crowne Plaza Edinburgh,Edinburgh,United Kingdom,4.5,Deluxe King,"airport shuttle, breakfast included, kids club, bar, restaurant, beach access",581
HT-EDI-009,Radisson Blu Edinburgh,Edinburgh,United Kingdom,3.7,Junior Suite,"bar, wifi, restaurant, parking",353
HT-EDI-010,The Grand Edinburgh Hotel,Edinburgh,United Kingdom,3.8,Junior Suite,"restaurant, bar, gym",426
HT-EDI-011,Holiday Inn Edinburgh,Edinburgh,United Kingdom,3.5,Superior Queen,"bar, pool, kids club, airport shuttle, beach access, restaurant",368
HT-EDI-012,Casa Edinburgh West,Edinburgh,United Kingdom,4.4,Executive Suite,"pool, beach access, gym, restaurant, rooftop terrace",581
HT-EDI-013,ibis Edinburgh,Edinburgh,United Kingdom,2.4,Family Room,"bar, airport shuttle, parking, restaurant, beach access, gym",206
HT-EDI-014,ibis Styles Edinburgh,Edinburgh,United Kingdom,2.4,Junior Suite,"parking, gym, spa, breakfast included",210
HT-EDI-015,Travelodge Edinburgh,Edinburgh,United Kingdom,2.4,Junior Suite,"restaurant, spa, gym, kids club, breakfast included, rooftop terrace",178
HT-EDI-016,Edinburgh Garden Residence,Edinburgh,United Kingdom,4,Twin Room,"rooftop terrace, bar, spa",379
HT-EDI-017,The Edinburgh House,Edinburgh,United Kingdom,3.6,Family Room,"parking, gym, kids club, pool, restaurant",480
HT-EDI-018,The Terrace Edinburgh,Edinburgh,United Kingdom,4.2,Standard Double,"rooftop terrace, airport shuttle, restaurant",433
HT-EDI-019,Edinburgh Harbour Suites,Edinburgh,United Kingdom,4.7,Standard Double,"kids club, gym, pool",540
HT-EDI-020,Edinburgh Garden Residence Riverside,Edinburgh,United Kingdom,3.8,Family Room,"gym, pool, bar, restaurant, breakfast included, kids club",469
HT-EDI-021,The Edinburgh House Riverside,Edinburgh,United Kingdom,4.9,Family Room,"restaurant, wifi, pool, spa, kids club, rooftop terrace",758
HT-EDI-022,The Edinburgh Boutique,Edinburgh,United Kingdom,3.8,Executive Suite,"breakfast included, wifi, kids club, spa, airport shuttle",482
HT-EDI-023,The Edinburgh House West,Edinburgh,United Kingdom,4.2,Junior Suite,"spa, gym, airport shuttle, parking, restaurant, kids club",536
HT-EDI-024,Villa Edinburgh Annex,Edinburgh,United Kingdom,4.2,Family Room,"rooftop terrace, restaurant, pool, wifi",567
HT-EDI-025,Edinburgh Garden Residence East,Edinburgh,United Kingdom,2.6,Family Room,"spa, wifi, restaurant, parking",242
HT-EDI-026,The Grand Edinburgh Hotel II,Edinburgh,United Kingdom,3,Standard Double,"restaurant, spa, kids club",306
HT-EDI-027,Edinburgh Harbour Suites East,Edinburgh,United Kingdom,2.5,Junior Suite,"spa, wifi, rooftop terrace, restaurant",198
HT-EDI-028,Edinburgh Harbour Suites II,Edinburgh,United Kingdom,4.3,Junior Suite,"pool, wifi, airport shuttle, bar, breakfast included, restaurant",467
HT-EDI-029,Edinburgh Harbour Suites West,Edinburgh,United Kingdom,3.3,Deluxe King,"restaurant, spa, airport shuttle, bar, rooftop terrace",438
HT-EDI-030,Edinburgh Garden Residence Annex,Edinburgh,United Kingdom,4.2,Standard Double,"rooftop terrace, airport shuttle, restaurant, wifi",577
HT-EDI-031,Casa Edinburgh II,Edinburgh,United Kingdom,3.9,Standard Double,"beach access, restaurant, parking, rooftop terrace",535
HT-EDI-032,The Old Town Inn Edinburgh,Edinburgh,United Kingdom,4.3,Deluxe King,"wifi, breakfast included, restaurant, pool, beach access",601
HT-EDI-033,The Grand Edinburgh Hotel Annex,Edinburgh,United Kingdom,4.4,Family Room,"wifi, pool, gym, restaurant",631
HT-EDI-034,The Grand Edinburgh Hotel West,Edinburgh,United Kingdom,2.8,Standard Double,"wifi, pool, bar, parking",291
HT-CDG-001,Casa Paris,Paris,France,2.7,Junior Suite,"beach access, wifi, bar, restaurant, pool, gym",367
HT-CDG-002,Marriott Paris,Paris,France,4.9,Standard Double,"spa, airport shuttle, kids club, bar, gym, pool",824
HT-CDG-003,Hyatt Regency Paris,Paris,France,4.8,Family Room,"beach access, bar, pool, breakfast included, parking, gym",762
HT-CDG-004,The Grand Paris Hotel,Paris,France,4.3,Deluxe King,"breakfast included, bar, rooftop terrace",542
HT-CDG-005,The Paris Boutique,Paris,France,3.7,Executive Suite,"wifi, beach access, rooftop terrace",592
HT-CDG-006,Four Seasons Paris,Paris,France,4.9,Twin Room,"spa, pool, kids club, beach access, wifi",692
HT-CDG-007,Sheraton Paris,Paris,France,4.1,Executive Suite,"gym, kids club, bar, pool",758
HT-CDG-008,Casa Paris Riverside,Paris,France,3.9,Twin Room,"spa, pool, kids club, airport shuttle",492
HT-CDG-009,Radisson Blu Paris,Paris,France,3.8,Executive Suite,"spa, airport shuttle, gym",582
HT-CDG-010,Novotel Paris,Paris,France,3.6,Executive Suite,"spa, gym, beach access, pool, kids club",614
HT-CDG-011,Holiday Inn Paris,Paris,France,3.7,Superior Queen,"beach access, wifi, restaurant, airport shuttle",566
HT-CDG-012,Villa Paris,Paris,France,3.1,Superior Queen,"pool, airport shuttle, gym, wifi",475
HT-CDG-013,Villa Paris West,Paris,France,4.3,Twin Room,"wifi, pool, gym",804
HT-CDG-014,ibis Styles Paris,Paris,France,2.3,Deluxe King,"beach access, gym, pool, airport shuttle, spa, parking",296
HT-CDG-015,Travelodge Paris,Paris,France,2.3,Superior Queen,"gym, breakfast included, parking, spa, pool, beach access",235
HT-CDG-016,Paris Harbour Suites,Paris,France,3.6,Standard Double,"rooftop terrace, pool, spa, bar, parking",425
HT-CDG-017,The Paris House,Paris,France,3.8,Junior Suite,"beach access, pool, parking, rooftop terrace, gym, bar",492
HT-CDG-018,Paris Harbour Suites Annex,Paris,France,5,Executive Suite,"pool, breakfast included, restaurant, parking",794
HT-CDG-019,Casa Paris Annex,Paris,France,2.6,Twin Room,"gym, restaurant, pool, bar",269
HT-CDG-020,Villa Paris East,Paris,France,4.2,Executive Suite,"pool, wifi, breakfast included, gym, beach access, parking",652
HT-CDG-021,The Paris House East,Paris,France,3.2,Twin Room,"gym, breakfast included, bar, rooftop terrace, parking, airport shuttle",375
HT-CDG-022,Paris Garden Residence,Paris,France,4,Superior Queen,"spa, wifi, bar",623
HT-CDG-023,Paris Garden Residence Riverside,Paris,France,3.8,Junior Suite,"rooftop terrace, wifi, beach access",587
HT-CDG-024,Paris Harbour Suites West,Paris,France,3.2,Twin Room,"wifi, rooftop terrace, pool, breakfast included, beach access, restaurant",351
HT-CDG-025,Villa Paris Riverside,Paris,France,5,Junior Suite,"gym, bar, spa",700
HT-CDG-026,The Paris Boutique Annex,Paris,France,4.1,Twin Room,"breakfast included, kids club, restaurant, wifi",734
HT-CDG-027,The Paris House II,Paris,France,2.7,Junior Suite,"parking, wifi, kids club, pool, bar, spa",349
HT-CDG-028,The Paris House West,Paris,France,4.9,Standard Double,"parking, beach access, kids club",824
HT-CDG-029,Casa Paris West,Paris,France,4.1,Superior Queen,"breakfast included, restaurant, parking",698
HT-CDG-030,Villa Paris Riverside,Paris,France,4.1,Executive Suite,"breakfast included, gym, beach access",602
HT-CDG-031,The Paris Boutique Annex,Paris,France,5,Twin Room,"spa, wifi, gym",871
HT-CDG-032,The Grand Paris Hotel Annex,Paris,France,2.9,Family Room,"pool, wifi, bar, kids club",398
HT-CDG-033,Paris Garden Residence Annex,Paris,France,4.3,Junior Suite,"airport shuttle, wifi, pool, bar, gym, breakfast included",738
HT-CDG-034,Paris Harbour Suites II,Paris,France,4.4,Executive Suite,"bar, spa, gym",748
HT-NCE-001,Nice Garden Residence,Nice,France,4.3,Twin Room,"bar, wifi, beach access, pool, kids club",716
HT-NCE-002,Marriott Nice,Nice,France,4.7,Superior Queen,"spa, restaurant, rooftop terrace, wifi",603
HT-NCE-003,Hyatt Regency Nice,Nice,France,4.9,Standard Double,"kids club, wifi, pool, bar, rooftop terrace",650
HT-NCE-004,InterContinental Nice,Nice,France,4.7,Standard Double,"bar, spa, breakfast included, pool, rooftop terrace",781
HT-NCE-005,Shangri-La Nice,Nice,France,4.8,Deluxe King,"kids club, restaurant, gym, pool",678
HT-NCE-006,Four Seasons Nice,Nice,France,4.8,Standard Double,"breakfast included, wifi, kids club, spa",951
HT-NCE-007,Sheraton Nice,Nice,France,4.3,Junior Suite,"spa, bar, wifi, airport shuttle",680
HT-NCE-008,Casa Nice,Nice,France,4.6,Family Room,"wifi, breakfast included, bar, rooftop terrace, parking, restaurant",840
HT-NCE-009,Radisson Blu Nice,Nice,France,4.2,Family Room,"breakfast included, gym, kids club",682
HT-NCE-010,Novotel Nice,Nice,France,3.8,Standard Double,"spa, gym, wifi",452
HT-NCE-011,Nice Garden Residence II,Nice,France,4.4,Deluxe King,"spa, rooftop terrace, pool",676
HT-NCE-012,Casa Nice West,Nice,France,3.8,Executive Suite,"beach access, pool, wifi, kids club, spa",408
HT-NCE-013,The Old Town Inn Nice,Nice,France,4.2,Junior Suite,"pool, rooftop terrace, beach access, wifi, gym, spa",600
HT-NCE-014,ibis Styles Nice,Nice,France,2.9,Standard Double,"gym, spa, parking, kids club",293
HT-NCE-015,The Nice Boutique,Nice,France,3.7,Superior Queen,"pool, rooftop terrace, bar, beach access, kids club",380
HT-NCE-016,Casa Nice West,Nice,France,3,Junior Suite,"airport shuttle, wifi, pool",406
HT-NCE-017,Villa Nice,Nice,France,3.7,Superior Queen,"rooftop terrace, breakfast included, beach access",601
HT-NCE-018,Hotel Nice Central,Nice,France,4.2,Standard Double,"spa, airport shuttle, wifi, pool, breakfast included",501
HT-NCE-019,Casa Nice East,Nice,France,4.1,Junior Suite,"spa, gym, breakfast included, pool, bar, parking",671
HT-NCE-020,Casa Nice Annex,Nice,France,4.6,Executive Suite,"gym, pool, parking",888
HT-NCE-021,The Terrace Nice,Nice,France,4.8,Superior Queen,"breakfast included, gym, bar",641
HT-NCE-022,Nice Harbour Suites,Nice,France,4.6,Standard Double,"airport shuttle, wifi, kids club, pool, breakfast included",608
HT-NCE-023,Hotel Nice Central Annex,Nice,France,3.3,Junior Suite,"gym, breakfast included, bar",417
HT-NCE-024,The Terrace Nice Annex,Nice,France,3.9,Junior Suite,"gym, spa, beach access",477
HT-NCE-025,The Old Town Inn Nice West,Nice,France,2.6,Deluxe King,"wifi, restaurant, airport shuttle, kids club",239
HT-NCE-026,The Nice House,Nice,France,3.4,Superior Queen,"rooftop terrace, restaurant, bar, breakfast included, parking, spa",470
HT-NCE-027,The Nice Boutique West,Nice,France,4.1,Standard Double,"pool, wifi, kids club, bar, airport shuttle",715
HT-NCE-028,The Nice Boutique II,Nice,France,3.2,Deluxe King,"bar, pool, spa, wifi",438
HT-NCE-029,The Old Town Inn Nice Annex,Nice,France,4.4,Standard Double,"wifi, airport shuttle, beach access, kids club, pool, restaurant",796
HT-NCE-030,Nice Harbour Suites Riverside,Nice,France,4.2,Junior Suite,"spa, wifi, kids club",652
HT-NCE-031,Hotel Nice Central Riverside,Nice,France,3.4,Executive Suite,"spa, kids club, restaurant",486
HT-NCE-032,The Nice House West,Nice,France,3.6,Standard Double,"wifi, pool, rooftop terrace, gym, beach access, spa",453
HT-NCE-033,Hotel Nice Central West,Nice,France,4.8,Superior Queen,"gym, airport shuttle, restaurant, bar, beach access, spa",700
HT-NCE-034,Nice Garden Residence II,Nice,France,4.7,Executive Suite,"rooftop terrace, spa, kids club",859
HT-NCE-035,The Nice Boutique Annex,Nice,France,2.7,Deluxe King,"pool, gym, parking, airport shuttle, beach access, breakfast included",295
HT-NCE-036,Hotel Nice Central II,Nice,France,2.6,Junior Suite,"restaurant, bar, breakfast included",247
HT-NCE-037,The Grand Nice Hotel,Nice,France,2.9,Standard Double,"parking, pool, rooftop terrace, wifi",344
HT-FCO-001,Hilton Rome,Rome,Italy,4.9,Superior Queen,"kids club, airport shuttle, breakfast included, spa",670
HT-FCO-002,Casa Rome,Rome,Italy,4.1,Superior Queen,"wifi, spa, beach access, kids club, airport shuttle",445
HT-FCO-003,Casa Rome II,Rome,Italy,3.7,Deluxe King,"airport shuttle, spa, bar, restaurant, rooftop terrace",519
HT-FCO-004,InterContinental Rome,Rome,Italy,4.7,Twin Room,"kids club, restaurant, beach access",697
HT-FCO-005,Hotel Rome Central,Rome,Italy,2.9,Junior Suite,"bar, breakfast included, rooftop terrace, parking, beach access",310
HT-FCO-006,Four Seasons Rome,Rome,Italy,4.9,Family Room,"spa, wifi, pool, restaurant",737
HT-FCO-007,Sheraton Rome,Rome,Italy,3.8,Junior Suite,"beach access, kids club, rooftop terrace",491
HT-FCO-008,Casa Rome East,Rome,Italy,2.6,Superior Queen,"spa, airport shuttle, bar",300
HT-FCO-009,Rome Garden Residence,Rome,Italy,3.7,Executive Suite,"wifi, pool, breakfast included, rooftop terrace, gym, beach access",482
HT-FCO-010,The Terrace Rome,Rome,Italy,4,Junior Suite,"breakfast included, airport shuttle, parking, rooftop terrace, spa",554
HT-FCO-011,The Rome Boutique,Rome,Italy,3.1,Junior Suite,"parking, spa, airport shuttle",315
HT-FCO-012,Villa Rome,Rome,Italy,2.7,Superior Queen,"pool, spa, airport shuttle, bar, kids club",266
HT-FCO-013,Rome Garden Residence Annex,Rome,Italy,4.9,Junior Suite,"bar, airport shuttle, beach access, wifi, pool",636
HT-FCO-014,Rome Harbour Suites,Rome,Italy,4.9,Standard Double,"spa, airport shuttle, beach access",859
HT-FCO-015,Travelodge Rome,Rome,Italy,2.7,Twin Room,"breakfast included, airport shuttle, pool, kids club, bar, beach access",264
HT-FCO-016,The Rome House,Rome,Italy,4.1,Standard Double,"spa, gym, breakfast included",415
HT-FCO-017,Villa Rome East,Rome,Italy,2.5,Superior Queen,"gym, parking, rooftop terrace, bar, wifi, beach access",200
HT-FCO-018,The Terrace Rome West,Rome,Italy,3.1,Twin Room,"wifi, rooftop terrace, parking, restaurant, bar, pool",300
HT-FCO-019,Hotel Rome Central II,Rome,Italy,4.5,Standard Double,"pool, wifi, parking, rooftop terrace, bar, spa",669
HT-FCO-020,The Grand Rome Hotel,Rome,Italy,4.2,Standard Double,"kids club, breakfast included, airport shuttle, rooftop terrace, pool, wifi",546
HT-FCO-021,The Old Town Inn Rome,Rome,Italy,3.9,Executive Suite,"breakfast included, beach access, bar, airport shuttle, rooftop terrace",463
HT-FCO-022,Rome Harbour Suites East,Rome,Italy,4.9,Junior Suite,"gym, pool, kids club, airport shuttle, restaurant",724
HT-FCO-023,Rome Garden Residence Riverside,Rome,Italy,4.6,Junior Suite,"rooftop terrace, breakfast included, beach access, restaurant, spa, gym",496
HT-FCO-024,Villa Rome Annex,Rome,Italy,3,Executive Suite,"beach access, wifi, pool, rooftop terrace, kids club",332
HT-FCO-025,Rome Garden Residence East,Rome,Italy,3.5,Junior Suite,"kids club, airport shuttle, wifi, beach access",360
HT-FCO-026,Rome Garden Residence East,Rome,Italy,4.4,Standard Double,"pool, restaurant, airport shuttle, kids club",682
HT-FCO-027,The Old Town Inn Rome East,Rome,Italy,3.3,Standard Double,"airport shuttle, bar, breakfast included, rooftop terrace, beach access",372
HT-FCO-028,Villa Rome II,Rome,Italy,4,Family Room,"restaurant, spa, gym, breakfast included, airport shuttle, wifi",535
HT-FCO-029,Rome Harbour Suites Riverside,Rome,Italy,4.8,Standard Double,"beach access, restaurant, bar, airport shuttle, gym, pool",828
HT-FCO-030,Hotel Rome Central West,Rome,Italy,4.6,Superior Queen,"wifi, restaurant, kids club",568
HT-FCO-031,The Grand Rome Hotel Riverside,Rome,Italy,3.1,Executive Suite,"wifi, spa, kids club, bar",272
HT-FCO-032,Rome Garden Residence Annex,Rome,Italy,5,Deluxe King,"rooftop terrace, kids club, gym",568
HT-FCO-033,The Old Town Inn Rome West,Rome,Italy,4.4,Family Room,"gym, airport shuttle, restaurant",598
HT-VCE-001,Hilton Venice,Venice,Italy,4.7,Standard Double,"gym, rooftop terrace, parking, beach access",639
HT-VCE-002,Marriott Venice,Venice,Italy,4.9,Deluxe King,"parking, breakfast included, spa, restaurant",948
HT-VCE-003,Casa Venice,Venice,Italy,2.9,Standard Double,"rooftop terrace, restaurant, gym, pool, bar",398
HT-VCE-004,InterContinental Venice,Venice,Italy,4.6,Superior Queen,"gym, pool, parking, bar, kids club, beach access",786
HT-VCE-005,Shangri-La Venice,Venice,Italy,4.6,Executive Suite,"beach access, parking, bar, breakfast included",574
HT-VCE-006,Four Seasons Venice,Venice,Italy,4.6,Junior Suite,"wifi, gym, parking, spa",833
HT-VCE-007,Sheraton Venice,Venice,Italy,3.6,Deluxe King,"airport shuttle, parking, kids club",395
HT-VCE-008,Crowne Plaza Venice,Venice,Italy,3.8,Standard Double,"gym, airport shuttle, restaurant, pool, spa",555
HT-VCE-009,Villa Venice,Venice,Italy,4.9,Junior Suite,"gym, restaurant, spa, pool",979
HT-VCE-010,Hotel Venice Central,Venice,Italy,2.7,Twin Room,"wifi, pool, gym, airport shuttle, restaurant, parking",338
HT-VCE-011,The Terrace Venice,Venice,Italy,4.7,Twin Room,"gym, parking, pool",688
HT-VCE-012,Venice Harbour Suites,Venice,Italy,2.8,Executive Suite,"pool, airport shuttle, kids club, parking, wifi",335
HT-VCE-013,The Grand Venice Hotel,Venice,Italy,4.5,Standard Double,"gym, wifi, spa, pool, beach access",664
HT-VCE-014,ibis Styles Venice,Venice,Italy,2.6,Family Room,"rooftop terrace, beach access, restaurant, gym, breakfast included, parking",301
HT-VCE-015,Villa Venice East,Venice,Italy,2.9,Standard Double,"spa, gym, kids club",389
HT-VCE-016,Venice Garden Residence,Venice,Italy,4.6,Deluxe King,"restaurant, kids club, spa, bar, airport shuttle, breakfast included",629
HT-VCE-017,The Old Town Inn Venice,Venice,Italy,4.4,Executive Suite,"spa, wifi, pool",733
HT-VCE-018,Venice Harbour Suites II,Venice,Italy,4.4,Deluxe King,"breakfast included, beach access, parking",556
HT-VCE-019,Venice Garden Residence Annex,Venice,Italy,4.4,Standard Double,"gym, pool, wifi, breakfast included, kids club",790
HT-VCE-020,The Venice Boutique,Venice,Italy,2.6,Executive Suite,"airport shuttle, parking, beach access",271
HT-VCE-021,Hotel Venice Central Annex,Venice,Italy,3.5,Junior Suite,"airport shuttle, bar, kids club, parking, restaurant",373
HT-VCE-022,Venice Harbour Suites Riverside,Venice,Italy,4,Superior Queen,"rooftop terrace, restaurant, kids club, wifi, airport shuttle, pool",514
HT-VCE-023,Venice Garden Residence Riverside,Venice,Italy,4.3,Family Room,"pool, wifi, rooftop terrace, parking, gym, beach access",552
HT-VCE-024,Hotel Venice Central II,Venice,Italy,3.3,Standard Double,"wifi, kids club, restaurant, pool",491
HT-VCE-025,Venice Harbour Suites East,Venice,Italy,3,Standard Double,"airport shuttle, breakfast included, spa",366
HT-VCE-026,Hotel Venice Central Annex,Venice,Italy,2.8,Executive Suite,"beach access, wifi, pool, airport shuttle",351
HT-VCE-027,Hotel Venice Central Riverside,Venice,Italy,3.5,Deluxe King,"pool, beach access, breakfast included",531
HT-VCE-028,The Terrace Venice Riverside,Venice,Italy,3.2,Superior Queen,"wifi, pool, gym, spa",378
HT-VCE-029,Villa Venice Annex,Venice,Italy,4.9,Junior Suite,"pool, beach access, wifi, rooftop terrace",788
HT-VCE-030,Venice Harbour Suites West,Venice,Italy,2.7,Junior Suite,"wifi, pool, bar, restaurant",298
HT-VCE-031,The Venice Boutique West,Venice,Italy,2.6,Superior Queen,"spa, rooftop terrace, restaurant",350
HT-VCE-032,The Terrace Venice Riverside,Venice,Italy,4,Standard Double,"airport shuttle, pool, wifi",675
HT-VCE-033,Venice Harbour Suites II,Venice,Italy,3.1,Deluxe King,"wifi, restaurant, beach access, parking",349
HT-VCE-034,The Venice House,Venice,Italy,2.8,Superior Queen,"bar, spa, airport shuttle",387
HT-VCE-035,The Terrace Venice Riverside,Venice,Italy,3.3,Deluxe King,"pool, restaurant, breakfast included, airport shuttle, rooftop terrace, gym",475
HT-VCE-036,Venice Garden Residence Riverside,Venice,Italy,4.4,Deluxe King,"restaurant, beach access, bar, wifi, parking, airport shuttle",764
HT-VCE-037,Villa Venice East,Venice,Italy,3,Superior Queen,"rooftop terrace, kids club, bar, wifi, restaurant",295
HT-VCE-038,Villa Venice II,Venice,Italy,5,Twin Room,"bar, parking, gym, kids club, spa",674
HT-FLR-001,Florence Harbour Suites,Florence,Italy,3.7,Family Room,"pool, restaurant, airport shuttle, rooftop terrace, parking",468
HT-FLR-002,Marriott Florence,Florence,Italy,4.7,Executive Suite,"wifi, gym, breakfast included, spa, rooftop terrace",636
HT-FLR-003,Villa Florence,Florence,Italy,3.4,Executive Suite,"restaurant, bar, rooftop terrace, wifi, kids club",434
HT-FLR-004,The Grand Florence Hotel,Florence,Italy,3.5,Executive Suite,"kids club, spa, wifi",352
HT-FLR-005,Casa Florence,Florence,Italy,3.1,Superior Queen,"pool, spa, parking",296
HT-FLR-006,Four Seasons Florence,Florence,Italy,4.8,Junior Suite,"wifi, airport shuttle, kids club, spa, bar",816
HT-FLR-007,The Florence House,Florence,Italy,3.8,Standard Double,"airport shuttle, parking, beach access, breakfast included",567
HT-FLR-008,Crowne Plaza Florence,Florence,Italy,4.2,Junior Suite,"breakfast included, wifi, pool, gym, rooftop terrace, bar",479
HT-FLR-009,Radisson Blu Florence,Florence,Italy,4.4,Junior Suite,"kids club, wifi, pool, spa",484
HT-FLR-010,The Florence Boutique,Florence,Italy,2.8,Standard Double,"bar, kids club, breakfast included",349
HT-FLR-011,Holiday Inn Florence,Florence,Italy,3.7,Twin Room,"wifi, beach access, airport shuttle, bar, pool",420
HT-FLR-012,Mercure Florence,Florence,Italy,3.4,Standard Double,"spa, rooftop terrace, beach access, kids club, restaurant",385
HT-FLR-013,The Florence House West,Florence,Italy,3.9,Junior Suite,"wifi, spa, parking, rooftop terrace",535
HT-FLR-014,The Florence Boutique II,Florence,Italy,3.3,Twin Room,"kids club, rooftop terrace, beach access, breakfast included, restaurant",327
HT-FLR-015,The Florence Boutique Annex,Florence,Italy,2.6,Executive Suite,"kids club, pool, beach access, spa",255
HT-FLR-016,Villa Florence East,Florence,Italy,3.2,Standard Double,"gym, pool, kids club, wifi, spa, beach access",445
HT-FLR-017,The Old Town Inn Florence,Florence,Italy,3.3,Junior Suite,"spa, wifi, breakfast included, restaurant, airport shuttle",406
HT-FLR-018,Florence Harbour Suites Riverside,Florence,Italy,3,Standard Double,"wifi, bar, kids club, pool, gym",294
HT-FLR-019,Casa Florence West,Florence,Italy,3.3,Junior Suite,"bar, airport shuttle, gym, breakfast included",395
HT-FLR-020,The Old Town Inn Florence Riverside,Florence,Italy,4.2,Family Room,"kids club, breakfast included, beach access, spa, pool",694
HT-FLR-021,The Old Town Inn Florence West,Florence,Italy,4.2,Standard Double,"pool, wifi, spa",436
HT-FLR-022,The Terrace Florence,Florence,Italy,4.2,Deluxe King,"spa, bar, gym, breakfast included, kids club",597
HT-FLR-023,The Florence House Riverside,Florence,Italy,3.3,Executive Suite,"rooftop terrace, restaurant, beach access, spa",313
HT-FLR-024,Villa Florence East,Florence,Italy,2.8,Family Room,"wifi, pool, bar",321
HT-FLR-025,Casa Florence East,Florence,Italy,3.3,Family Room,"gym, airport shuttle, parking",316
HT-FLR-026,The Grand Florence Hotel II,Florence,Italy,2.7,Standard Double,"breakfast included, kids club, wifi",235
HT-FLR-027,Florence Garden Residence,Florence,Italy,2.8,Executive Suite,"kids club, wifi, pool",237
HT-FLR-028,The Old Town Inn Florence Riverside,Florence,Italy,2.8,Junior Suite,"wifi, restaurant, pool, gym",237
HT-FLR-029,Florence Harbour Suites II,Florence,Italy,3.6,Junior Suite,"pool, airport shuttle, kids club",352
HT-FLR-030,Villa Florence II,Florence,Italy,4.8,Executive Suite,"gym, parking, rooftop terrace, kids club, pool",796
HT-FLR-031,The Old Town Inn Florence East,Florence,Italy,4.1,Twin Room,"spa, beach access, parking, airport shuttle",438
HT-FLR-032,Casa Florence II,Florence,Italy,3.2,Family Room,"bar, beach access, breakfast included, pool",353
HT-BCN-001,Hilton Barcelona,Barcelona,Spain,5,Twin Room,"gym, airport shuttle, kids club, parking",772
HT-BCN-002,Marriott Barcelona,Barcelona,Spain,4.8,Executive Suite,"spa, restaurant, wifi",574
HT-BCN-003,Hyatt Regency Barcelona,Barcelona,Spain,4.6,Junior Suite,"wifi, airport shuttle, pool",671
HT-BCN-004,The Grand Barcelona Hotel,Barcelona,Spain,3.5,Family Room,"pool, beach access, wifi",333
HT-BCN-005,Shangri-La Barcelona,Barcelona,Spain,4.9,Twin Room,"beach access, parking, rooftop terrace",628
HT-BCN-006,The Old Town Inn Barcelona,Barcelona,Spain,4.8,Executive Suite,"kids club, parking, gym, restaurant, spa",567
HT-BCN-007,The Barcelona House,Barcelona,Spain,4.7,Superior Queen,"spa, bar, parking",739
HT-BCN-008,The Barcelona Boutique,Barcelona,Spain,3,Superior Queen,"airport shuttle, restaurant, parking, kids club, pool",307
HT-BCN-009,Radisson Blu Barcelona,Barcelona,Spain,3.8,Twin Room,"gym, pool, beach access, wifi, restaurant",540
HT-BCN-010,Novotel Barcelona,Barcelona,Spain,3.8,Deluxe King,"gym, bar, airport shuttle, rooftop terrace, spa, pool",457
HT-BCN-011,Barcelona Garden Residence,Barcelona,Spain,3.1,Deluxe King,"airport shuttle, breakfast included, gym, spa, pool, wifi",257
HT-BCN-012,Mercure Barcelona,Barcelona,Spain,3.5,Standard Double,"wifi, parking, pool, rooftop terrace",457
HT-BCN-013,ibis Barcelona,Barcelona,Spain,2.6,Superior Queen,"pool, spa, rooftop terrace, wifi",214
HT-BCN-014,ibis Styles Barcelona,Barcelona,Spain,2.1,Superior Queen,"airport shuttle, spa, pool, restaurant, bar",188
HT-BCN-015,The Old Town Inn Barcelona Annex,Barcelona,Spain,3.5,Deluxe King,"parking, beach access, restaurant, breakfast included, pool, wifi",308
HT-BCN-016,The Terrace Barcelona,Barcelona,Spain,3.8,Family Room,"pool, restaurant, beach access, spa",461
HT-BCN-017,The Grand Barcelona Hotel Riverside,Barcelona,Spain,3.6,Junior Suite,"gym, kids club, breakfast included, bar, wifi, airport shuttle",361
HT-BCN-018,Hotel Barcelona Central,Barcelona,Spain,2.6,Twin Room,"breakfast included, beach access, parking, airport shuttle, wifi, rooftop terrace",292
HT-BCN-019,Casa Barcelona,Barcelona,Spain,3.8,Family Room,"wifi, kids club, breakfast included, bar, rooftop terrace",474
HT-BCN-020,The Old Town Inn Barcelona II,Barcelona,Spain,4.6,Junior Suite,"bar, breakfast included, spa, pool, rooftop terrace, restaurant",723
HT-BCN-021,The Barcelona Boutique East,Barcelona,Spain,4.7,Superior Queen,"wifi, pool, gym, spa",595
HT-BCN-022,The Barcelona House Annex,Barcelona,Spain,4.3,Deluxe King,"wifi, restaurant, airport shuttle, bar, pool",483
HT-BCN-023,The Barcelona House East,Barcelona,Spain,4.4,Standard Double,"wifi, bar, pool",647
HT-BCN-024,Villa Barcelona,Barcelona,Spain,3.5,Family Room,"rooftop terrace, kids club, breakfast included, restaurant, pool, wifi",460
HT-BCN-025,Barcelona Garden Residence West,Barcelona,Spain,3.4,Family Room,"beach access, bar, wifi, kids club",301
HT-BCN-026,The Barcelona Boutique East,Barcelona,Spain,4.2,Twin Room,"wifi, pool, parking",414
HT-BCN-027,The Grand Barcelona Hotel Annex,Barcelona,Spain,3.7,Twin Room,"gym, pool, airport shuttle, bar, beach access",362
HT-BCN-028,Villa Barcelona West,Barcelona,Spain,3.1,Junior Suite,"beach access, airport shuttle, pool",266
HT-BCN-029,The Old Town Inn Barcelona Riverside,Barcelona,Spain,4.2,Superior Queen,"wifi, pool, bar, parking, spa",419
HT-BCN-030,The Barcelona House Riverside,Barcelona,Spain,4,Standard Double,"gym, pool, kids club, restaurant, wifi",544
HT-BCN-031,The Old Town Inn Barcelona East,Barcelona,Spain,2.9,Superior Queen,"wifi, restaurant, kids club",234
HT-BCN-032,The Terrace Barcelona Riverside,Barcelona,Spain,3.8,Deluxe King,"spa, bar, kids club, restaurant",445
HT-BCN-033,Casa Barcelona West,Barcelona,Spain,4,Standard Double,"wifi, beach access, airport shuttle, pool, gym",530
HT-MAD-001,The Terrace Madrid,Madrid,Spain,2.8,Deluxe King,"beach access, spa, pool, bar, rooftop terrace, airport shuttle",254
HT-MAD-002,Marriott Madrid,Madrid,Spain,4.7,Family Room,"restaurant, airport shuttle, pool",527
HT-MAD-003,Hyatt Regency Madrid,Madrid,Spain,4.7,Twin Room,"wifi, bar, beach access",545
HT-MAD-004,The Terrace Madrid Annex,Madrid,Spain,4.1,Executive Suite,"bar, breakfast included, wifi, airport shuttle, rooftop terrace",478
HT-MAD-005,Shangri-La Madrid,Madrid,Spain,4.7,Junior Suite,"breakfast included, pool, kids club, restaurant",602
HT-MAD-006,The Grand Madrid Hotel,Madrid,Spain,3,Superior Queen,"rooftop terrace, wifi, airport shuttle, kids club, breakfast included, restaurant",238
HT-MAD-007,Sheraton Madrid,Madrid,Spain,4.2,Executive Suite,"spa, gym, breakfast included, airport shuttle, pool",485
HT-MAD-008,Crowne Plaza Madrid,Madrid,Spain,3.6,Family Room,"airport shuttle, gym, spa, restaurant, pool",453
HT-MAD-009,Radisson Blu Madrid,Madrid,Spain,4.2,Deluxe King,"gym, spa, beach access, parking, rooftop terrace",428
HT-MAD-010,Novotel Madrid,Madrid,Spain,4.2,Junior Suite,"gym, pool, rooftop terrace, bar, breakfast included, spa",579
HT-MAD-011,Holiday Inn Madrid,Madrid,Spain,3,Standard Double,"bar, spa, airport shuttle",230
HT-MAD-012,Mercure Madrid,Madrid,Spain,3.1,Executive Suite,"parking, breakfast included, beach access, rooftop terrace, pool, spa",288
HT-MAD-013,ibis Madrid,Madrid,Spain,2.3,Deluxe King,"restaurant, breakfast included, airport shuttle, rooftop terrace",226
HT-MAD-014,ibis Styles Madrid,Madrid,Spain,2.1,Executive Suite,"gym, breakfast included, restaurant, spa, airport shuttle",190
HT-MAD-015,Travelodge Madrid,Madrid,Spain,2.8,Twin Room,"wifi, pool, gym, kids club, rooftop terrace",312
HT-MAD-016,The Madrid House,Madrid,Spain,4.6,Family Room,"rooftop terrace, beach access, bar",530
HT-MAD-017,Hotel Madrid Central,Madrid,Spain,4.9,Family Room,"restaurant, airport shuttle, breakfast included, spa, parking, bar",636
HT-MAD-018,Madrid Harbour Suites,Madrid,Spain,4.8,Twin Room,"wifi, parking, rooftop terrace",583
HT-MAD-019,Hotel Madrid Central Annex,Madrid,Spain,2.9,Standard Double,"kids club, beach access, spa, gym, breakfast included, rooftop terrace",252
HT-MAD-020,The Terrace Madrid Riverside,Madrid,Spain,3.9,Junior Suite,"restaurant, bar, beach access",369
HT-MAD-021,The Madrid Boutique,Madrid,Spain,4.9,Twin Room,"wifi, airport shuttle, rooftop terrace, pool",735
HT-MAD-022,Madrid Garden Residence,Madrid,Spain,3.8,Deluxe King,"restaurant, airport shuttle, spa",317
HT-MAD-023,The Terrace Madrid Riverside,Madrid,Spain,2.7,Deluxe King,"pool, breakfast included, wifi",231
HT-MAD-024,The Old Town Inn Madrid,Madrid,Spain,3.3,Standard Double,"spa, breakfast included, bar, gym, wifi",359
HT-MAD-025,The Madrid Boutique Annex,Madrid,Spain,3.1,Deluxe King,"wifi, parking, restaurant",288
HT-MAD-026,The Grand Madrid Hotel West,Madrid,Spain,3.1,Deluxe King,"wifi, rooftop terrace, pool, gym, parking",362
HT-MAD-027,Madrid Garden Residence West,Madrid,Spain,3.1,Standard Double,"restaurant, spa, gym, pool, airport shuttle, breakfast included",234
HT-MAD-028,Hotel Madrid Central West,Madrid,Spain,3.6,Standard Double,"pool, airport shuttle, beach access, breakfast included, bar, rooftop terrace",446
HT-MAD-029,Villa Madrid,Madrid,Spain,3.7,Executive Suite,"restaurant, spa, gym",394
HT-MAD-030,The Old Town Inn Madrid Annex,Madrid,Spain,2.6,Twin Room,"rooftop terrace, kids club, bar, parking, pool, spa",208
HT-MAD-031,The Grand Madrid Hotel Riverside,Madrid,Spain,3.9,Executive Suite,"wifi, pool, bar, restaurant, gym",468
HT-MAD-032,The Old Town Inn Madrid Annex,Madrid,Spain,2.6,Junior Suite,"bar, kids club, wifi",204
HT-MAD-033,The Grand Madrid Hotel Annex,Madrid,Spain,3,Executive Suite,"wifi, airport shuttle, restaurant",260
HT-MAD-034,Madrid Garden Residence Annex,Madrid,Spain,3.6,Deluxe King,"gym, rooftop terrace, restaurant",319
HT-MAD-035,Madrid Harbour Suites II,Madrid,Spain,4.1,Executive Suite,"beach access, bar, kids club, spa",456
HT-VLC-001,Villa Valencia,Valencia,Spain,2.9,Executive Suite,"breakfast included, bar, kids club, gym, spa, pool",245
HT-VLC-002,Marriott Valencia,Valencia,Spain,4.8,Family Room,"bar, gym, airport shuttle, rooftop terrace, pool",444
HT-VLC-003,The Valencia House,Valencia,Spain,4.6,Standard Double,"pool, spa, breakfast included",492
HT-VLC-004,The Grand Valencia Hotel,Valencia,Spain,4.7,Junior Suite,"kids club, airport shuttle, restaurant, pool, parking",516
HT-VLC-005,Shangri-La Valencia,Valencia,Spain,4.7,Junior Suite,"spa, beach access, bar",619
HT-VLC-006,Four Seasons Valencia,Valencia,Spain,4.6,Twin Room,"rooftop terrace, pool, wifi",601
HT-VLC-007,The Valencia House East,Valencia,Spain,3.3,Standard Double,"wifi, restaurant, pool, airport shuttle",229
HT-VLC-008,Crowne Plaza Valencia,Valencia,Spain,4.5,Junior Suite,"parking, gym, rooftop terrace, beach access, airport shuttle, breakfast included",491
HT-VLC-009,Radisson Blu Valencia,Valencia,Spain,4,Superior Queen,"wifi, pool, gym, parking, breakfast included",445
HT-VLC-010,Valencia Garden Residence,Valencia,Spain,3.3,Superior Queen,"beach access, spa, airport shuttle",342
HT-VLC-011,Holiday Inn Valencia,Valencia,Spain,4,Twin Room,"beach access, parking, restaurant, pool",378
HT-VLC-012,Hotel Valencia Central,Valencia,Spain,2.8,Deluxe King,"pool, breakfast included, spa, bar, kids club",216
HT-VLC-013,ibis Valencia,Valencia,Spain,2.6,Deluxe King,"rooftop terrace, spa, pool, wifi, gym",180
HT-VLC-014,ibis Styles Valencia,Valencia,Spain,2,Junior Suite,"wifi, pool, beach access, kids club",143
HT-VLC-015,Travelodge Valencia,Valencia,Spain,2.5,Junior Suite,"airport shuttle, breakfast included, restaurant, spa, bar, beach access",231
HT-VLC-016,Casa Valencia,Valencia,Spain,3.2,Junior Suite,"airport shuttle, bar, beach access, wifi",313
HT-VLC-017,Villa Valencia II,Valencia,Spain,4.1,Standard Double,"rooftop terrace, gym, beach access, spa",449
HT-VLC-018,The Terrace Valencia,Valencia,Spain,3.6,Junior Suite,"wifi, bar, parking, pool, beach access",311
HT-VLC-019,Villa Valencia II,Valencia,Spain,3.8,Junior Suite,"gym, parking, restaurant, kids club, rooftop terrace",438
HT-VLC-020,Hotel Valencia Central West,Valencia,Spain,4.3,Superior Queen,"airport shuttle, kids club, wifi",433
HT-VLC-021,The Valencia House Annex,Valencia,Spain,4.6,Twin Room,"wifi, pool, rooftop terrace, gym",497
HT-VLC-022,Villa Valencia Riverside,Valencia,Spain,4.7,Junior Suite,"wifi, restaurant, airport shuttle, pool, breakfast included, beach access",398
HT-VLC-023,The Valencia Boutique,Valencia,Spain,4.5,Deluxe King,"spa, wifi, airport shuttle, restaurant, rooftop terrace, kids club",487
HT-VLC-024,Hotel Valencia Central Riverside,Valencia,Spain,2.9,Junior Suite,"pool, restaurant, spa",269
HT-VLC-025,Villa Valencia Annex,Valencia,Spain,4.5,Superior Queen,"wifi, airport shuttle, kids club",441
HT-VLC-026,The Valencia House Annex,Valencia,Spain,3,Twin Room,"spa, wifi, pool, kids club",200
HT-VLC-027,Casa Valencia Annex,Valencia,Spain,4.5,Deluxe King,"restaurant, airport shuttle, gym, breakfast included, parking",578
HT-VLC-028,The Old Town Inn Valencia,Valencia,Spain,3.4,Executive Suite,"wifi, pool, bar, spa",277
HT-VLC-029,Valencia Garden Residence Riverside,Valencia,Spain,4.9,Deluxe King,"spa, wifi, kids club, pool",630
HT-VLC-030,Villa Valencia East,Valencia,Spain,4.5,Superior Queen,"restaurant, airport shuttle, kids club, spa, rooftop terrace, bar",514
HT-VLC-031,Casa Valencia II,Valencia,Spain,3.8,Twin Room,"pool, breakfast included, rooftop terrace, bar, airport shuttle",377
HT-VLC-032,Casa Valencia Annex,Valencia,Spain,4.8,Deluxe King,"wifi, spa, parking",464
HT-VLC-033,The Old Town Inn Valencia Annex,Valencia,Spain,3,Junior Suite,"bar, breakfast included, rooftop terrace",269
HT-VLC-034,Casa Valencia II,Valencia,Spain,3,Family Room,"breakfast included, spa, bar, parking, beach access, wifi",267
HT-VLC-035,Valencia Harbour Suites,Valencia,Spain,4.6,Superior Queen,"wifi, pool, rooftop terrace",605
HT-VLC-036,Casa Valencia East,Valencia,Spain,3.7,Junior Suite,"gym, rooftop terrace, airport shuttle",289
HT-VLC-037,The Valencia Boutique Riverside,Valencia,Spain,2.9,Twin Room,"restaurant, breakfast included, kids club, spa, bar",265
HT-LIS-001,Hilton Lisbon,Lisbon,Portugal,4.6,Junior Suite,"airport shuttle, spa, gym, bar, breakfast included",514
HT-LIS-002,Hotel Lisbon Central,Lisbon,Portugal,3.6,Superior Queen,"kids club, rooftop terrace, airport shuttle",269
HT-LIS-003,Hyatt Regency Lisbon,Lisbon,Portugal,4.8,Twin Room,"beach access, restaurant, bar, rooftop terrace",652
HT-LIS-004,Casa Lisbon,Lisbon,Portugal,4.7,Standard Double,"breakfast included, airport shuttle, wifi, kids club",596
HT-LIS-005,Hotel Lisbon Central Annex,Lisbon,Portugal,4.3,Junior Suite,"rooftop terrace, restaurant, wifi, spa, breakfast included",417
HT-LIS-006,Casa Lisbon East,Lisbon,Portugal,2.6,Deluxe King,"restaurant, spa, airport shuttle",228
HT-LIS-007,Villa Lisbon,Lisbon,Portugal,2.7,Twin Room,"rooftop terrace, spa, airport shuttle",247
HT-LIS-008,Lisbon Harbour Suites,Lisbon,Portugal,3.8,Executive Suite,"beach access, kids club, breakfast included, spa, bar",380
HT-LIS-009,Casa Lisbon Riverside,Lisbon,Portugal,4.4,Twin Room,"wifi, restaurant, pool, bar",466
HT-LIS-010,Novotel Lisbon,Lisbon,Portugal,4.1,Family Room,"kids club, spa, airport shuttle",347
HT-LIS-011,Holiday Inn Lisbon,Lisbon,Portugal,4,Standard Double,"airport shuttle, wifi, beach access, kids club, rooftop terrace",352
HT-LIS-012,Mercure Lisbon,Lisbon,Portugal,3.9,Superior Queen,"gym, spa, kids club",337
HT-LIS-013,Villa Lisbon Riverside,Lisbon,Portugal,4.3,Junior Suite,"parking, breakfast included, spa",430
HT-LIS-014,ibis Styles Lisbon,Lisbon,Portugal,2.4,Deluxe King,"wifi, pool, gym, spa, breakfast included",151
HT-LIS-015,Casa Lisbon West,Lisbon,Portugal,4,Junior Suite,"bar, spa, parking, gym, restaurant",481
HT-LIS-016,The Lisbon House,Lisbon,Portugal,3.5,Twin Room,"bar, breakfast included, parking, beach access, spa, restaurant",335
HT-LIS-017,The Grand Lisbon Hotel,Lisbon,Portugal,4.6,Twin Room,"restaurant, gym, rooftop terrace, parking, kids club, bar",514
HT-LIS-018,Lisbon Garden Residence,Lisbon,Portugal,4.5,Standard Double,"restaurant, gym, beach access, spa, airport shuttle",475
HT-LIS-019,Lisbon Garden Residence Annex,Lisbon,Portugal,2.8,Deluxe King,"parking, breakfast included, airport shuttle, gym, restaurant",177
HT-LIS-020,The Lisbon House Annex,Lisbon,Portugal,3.5,Junior Suite,"restaurant, wifi, pool, rooftop terrace, gym, bar",329
HT-LIS-021,The Lisbon House West,Lisbon,Portugal,4.6,Junior Suite,"airport shuttle, parking, kids club, beach access, spa",489
HT-LIS-022,The Terrace Lisbon,Lisbon,Portugal,4.3,Family Room,"airport shuttle, bar, rooftop terrace, kids club",470
HT-LIS-023,Villa Lisbon East,Lisbon,Portugal,4,Family Room,"wifi, pool, restaurant",344
HT-LIS-024,Casa Lisbon East,Lisbon,Portugal,3.3,Deluxe King,"spa, kids club, gym",336
HT-LIS-025,The Lisbon Boutique,Lisbon,Portugal,3.7,Junior Suite,"gym, beach access, spa, kids club",281
HT-LIS-026,Lisbon Harbour Suites Annex,Lisbon,Portugal,3.9,Executive Suite,"wifi, kids club, restaurant, rooftop terrace, pool, beach access",394
HT-LIS-027,The Terrace Lisbon West,Lisbon,Portugal,3,Junior Suite,"bar, restaurant, rooftop terrace",306
HT-LIS-028,Villa Lisbon Riverside,Lisbon,Portugal,3.5,Superior Queen,"gym, breakfast included, bar",357
HT-LIS-029,Villa Lisbon Riverside,Lisbon,Portugal,2.7,Superior Queen,"breakfast included, bar, wifi, spa, beach access, airport shuttle",170
HT-LIS-030,Casa Lisbon II,Lisbon,Portugal,3.2,Twin Room,"airport shuttle, bar, rooftop terrace, spa, gym, kids club",320
HT-LIS-031,The Lisbon Boutique II,Lisbon,Portugal,4.4,Executive Suite,"parking, rooftop terrace, beach access",466
HT-LIS-032,Casa Lisbon West,Lisbon,Portugal,4.3,Superior Queen,"wifi, beach access, airport shuttle, kids club, parking",399
HT-LIS-033,Lisbon Garden Residence Annex,Lisbon,Portugal,3.5,Family Room,"gym, airport shuttle, breakfast included, pool, wifi, bar",344
HT-OPO-001,Hilton Porto,Porto,Portugal,4.9,Family Room,"airport shuttle, beach access, spa, wifi",475
HT-OPO-002,Marriott Porto,Porto,Portugal,4.6,Junior Suite,"spa, kids club, bar, rooftop terrace",514
HT-OPO-003,The Porto Boutique,Porto,Portugal,3.3,Family Room,"gym, spa, restaurant, beach access",204
HT-OPO-004,The Old Town Inn Porto,Porto,Portugal,3.6,Family Room,"spa, wifi, airport shuttle",326
HT-OPO-005,Shangri-La Porto,Porto,Portugal,4.5,Executive Suite,"airport shuttle, spa, breakfast included",541
HT-OPO-006,The Porto Boutique West,Porto,Portugal,4.9,Standard Double,"parking, kids club, bar, beach access",410
HT-OPO-007,Villa Porto,Porto,Portugal,4.5,Family Room,"airport shuttle, spa, parking, wifi",503
HT-OPO-008,The Old Town Inn Porto Annex,Porto,Portugal,3.3,Standard Double,"rooftop terrace, kids club, restaurant, spa, gym",252
HT-OPO-009,Villa Porto East,Porto,Portugal,3.7,Standard Double,"gym, pool, wifi, rooftop terrace, spa",341
HT-OPO-010,Novotel Porto,Porto,Portugal,4.3,Junior Suite,"breakfast included, parking, spa, bar, beach access, wifi",488
HT-OPO-011,Holiday Inn Porto,Porto,Portugal,3.5,Junior Suite,"airport shuttle, wifi, pool, parking",249
HT-OPO-012,Mercure Porto,Porto,Portugal,3.3,Standard Double,"kids club, wifi, pool",316
HT-OPO-013,ibis Porto,Porto,Portugal,2.4,Superior Queen,"wifi, airport shuttle, bar, beach access, pool",176
HT-OPO-014,Villa Porto East,Porto,Portugal,3.2,Deluxe King,"pool, bar, airport shuttle, restaurant, beach access",211
HT-OPO-015,The Terrace Porto,Porto,Portugal,3.2,Twin Room,"airport shuttle, restaurant, gym, rooftop terrace, beach access",303
HT-OPO-016,The Old Town Inn Porto West,Porto,Portugal,4.1,Junior Suite,"beach access, bar, restaurant, rooftop terrace, airport shuttle, parking",398
HT-OPO-017,The Grand Porto Hotel,Porto,Portugal,3.9,Standard Double,"breakfast included, spa, gym, kids club",403
HT-OPO-018,The Porto House,Porto,Portugal,3,Twin Room,"beach access, rooftop terrace, airport shuttle, breakfast included, wifi, restaurant",184
HT-OPO-019,Porto Garden Residence,Porto,Portugal,3.2,Executive Suite,"breakfast included, restaurant, spa, rooftop terrace, kids club, gym",298
HT-OPO-020,Porto Harbour Suites,Porto,Portugal,4.4,Deluxe King,"wifi, kids club, pool, bar",500
HT-OPO-021,The Grand Porto Hotel Annex,Porto,Portugal,3,Executive Suite,"airport shuttle, breakfast included, bar, restaurant, spa, wifi",239
HT-OPO-022,The Porto Boutique West,Porto,Portugal,4.1,Deluxe King,"wifi, kids club, parking, rooftop terrace, spa, beach access",424
HT-OPO-023,The Terrace Porto West,Porto,Portugal,3.6,Deluxe King,"spa, rooftop terrace, pool, wifi, beach access",246
HT-OPO-024,Porto Garden Residence Annex,Porto,Portugal,4.7,Superior Queen,"wifi, parking, rooftop terrace, airport shuttle, restaurant, beach access",557
HT-OPO-025,Casa Porto,Porto,Portugal,4.5,Deluxe King,"airport shuttle, parking, spa, wifi, pool, restaurant",344
HT-OPO-026,Hotel Porto Central,Porto,Portugal,3,Deluxe King,"pool, gym, beach access",204
HT-OPO-027,The Terrace Porto Riverside,Porto,Portugal,3.1,Superior Queen,"wifi, bar, pool, breakfast included, kids club, rooftop terrace",261
HT-OPO-028,The Porto Boutique East,Porto,Portugal,3,Standard Double,"pool, beach access, wifi",283
HT-OPO-029,The Old Town Inn Porto West,Porto,Portugal,3.7,Executive Suite,"spa, airport shuttle, kids club, rooftop terrace",246
HT-OPO-030,Hotel Porto Central West,Porto,Portugal,2.9,Family Room,"spa, beach access, wifi, bar, kids club",252
HT-OPO-031,The Terrace Porto II,Porto,Portugal,4.1,Junior Suite,"spa, gym, beach access, parking, bar, pool",329
HT-AMS-001,Amsterdam Harbour Suites,Amsterdam,Netherlands,3.4,Standard Double,"restaurant, bar, beach access, rooftop terrace, kids club",547
HT-AMS-002,Marriott Amsterdam,Amsterdam,Netherlands,4.6,Family Room,"breakfast included, bar, kids club",695
HT-AMS-003,Amsterdam Garden Residence,Amsterdam,Netherlands,4.4,Family Room,"breakfast included, restaurant, wifi, airport shuttle, rooftop terrace, beach access",656
HT-AMS-004,The Terrace Amsterdam,Amsterdam,Netherlands,2.8,Superior Queen,"wifi, bar, spa, kids club",402
HT-AMS-005,The Grand Amsterdam Hotel,Amsterdam,Netherlands,4.3,Superior Queen,"spa, airport shuttle, wifi, bar",605
HT-AMS-006,Four Seasons Amsterdam,Amsterdam,Netherlands,4.7,Family Room,"bar, breakfast included, rooftop terrace, gym, parking, spa",818
HT-AMS-007,Villa Amsterdam,Amsterdam,Netherlands,3.7,Executive Suite,"wifi, rooftop terrace, spa, bar, airport shuttle",590
HT-AMS-008,Villa Amsterdam Riverside,Amsterdam,Netherlands,2.5,Family Room,"kids club, wifi, breakfast included, parking",336
HT-AMS-009,The Amsterdam House,Amsterdam,Netherlands,4.3,Superior Queen,"pool, restaurant, beach access, wifi",649
HT-AMS-010,The Terrace Amsterdam East,Amsterdam,Netherlands,4.8,Family Room,"breakfast included, parking, rooftop terrace, airport shuttle",911
HT-AMS-011,Holiday Inn Amsterdam,Amsterdam,Netherlands,3.9,Executive Suite,"pool, airport shuttle, parking, bar, spa",661
HT-AMS-012,Mercure Amsterdam,Amsterdam,Netherlands,3.7,Superior Queen,"airport shuttle, restaurant, breakfast included, parking, spa, rooftop terrace",507
HT-AMS-013,Amsterdam Harbour Suites Annex,Amsterdam,Netherlands,4.3,Standard Double,"restaurant, bar, spa, parking",813
HT-AMS-014,ibis Styles Amsterdam,Amsterdam,Netherlands,2.5,Family Room,"beach access, gym, bar",309
HT-AMS-015,Travelodge Amsterdam,Amsterdam,Netherlands,3,Twin Room,"wifi, breakfast included, airport shuttle, rooftop terrace, pool",359
HT-AMS-016,The Amsterdam Boutique,Amsterdam,Netherlands,4.5,Family Room,"airport shuttle, parking, gym, pool, beach access, bar",566
HT-AMS-017,The Amsterdam House Riverside,Amsterdam,Netherlands,3.7,Deluxe King,"parking, wifi, beach access, spa",629
HT-AMS-018,Casa Amsterdam,Amsterdam,Netherlands,3.6,Family Room,"restaurant, airport shuttle, rooftop terrace, gym",508
HT-AMS-019,The Amsterdam Boutique West,Amsterdam,Netherlands,2.9,Junior Suite,"gym, airport shuttle, breakfast included, bar, wifi, spa",327
HT-AMS-020,Villa Amsterdam Riverside,Amsterdam,Netherlands,2.7,Junior Suite,"restaurant, gym, breakfast included, airport shuttle, rooftop terrace",244
HT-AMS-021,Hotel Amsterdam Central,Amsterdam,Netherlands,4.8,Standard Double,"gym, kids club, airport shuttle, restaurant, rooftop terrace",796
HT-AMS-022,Amsterdam Harbour Suites II,Amsterdam,Netherlands,3.5,Junior Suite,"breakfast included, restaurant, spa",569
HT-AMS-023,The Terrace Amsterdam East,Amsterdam,Netherlands,3.8,Standard Double,"wifi, rooftop terrace, bar, spa, beach access, gym",602
HT-AMS-024,Hotel Amsterdam Central Riverside,Amsterdam,Netherlands,3.5,Superior Queen,"rooftop terrace, wifi, pool, kids club, gym",423
HT-AMS-025,The Old Town Inn Amsterdam,Amsterdam,Netherlands,5,Executive Suite,"gym, bar, kids club, beach access, airport shuttle, pool",832
HT-AMS-026,Amsterdam Harbour Suites II,Amsterdam,Netherlands,3.9,Standard Double,"wifi, spa, kids club, airport shuttle",469
HT-AMS-027,The Amsterdam Boutique II,Amsterdam,Netherlands,4.4,Deluxe King,"beach access, airport shuttle, rooftop terrace",761
HT-AMS-028,Amsterdam Garden Residence Annex,Amsterdam,Netherlands,3.4,Superior Queen,"wifi, pool, parking, bar, rooftop terrace",530
HT-AMS-029,Amsterdam Garden Residence Riverside,Amsterdam,Netherlands,3.3,Deluxe King,"kids club, pool, restaurant",477
HT-AMS-030,The Terrace Amsterdam East,Amsterdam,Netherlands,4.4,Junior Suite,"kids club, pool, gym",531
HT-BER-001,Hilton Berlin,Berlin,Germany,4.7,Executive Suite,"beach access, breakfast included, parking, restaurant, rooftop terrace",583
HT-BER-002,Marriott Berlin,Berlin,Germany,4.9,Superior Queen,"parking, kids club, airport shuttle",815
HT-BER-003,Hyatt Regency Berlin,Berlin,Germany,4.6,Deluxe King,"breakfast included, kids club, beach access, pool, airport shuttle, restaurant",549
HT-BER-004,The Terrace Berlin,Berlin,Germany,2.9,Junior Suite,"parking, gym, kids club, airport shuttle",270
HT-BER-005,The Berlin Boutique,Berlin,Germany,4.5,Junior Suite,"spa, bar, gym, breakfast included, airport shuttle, beach access",450
HT-BER-006,Four Seasons Berlin,Berlin,Germany,4.6,Twin Room,"wifi, parking, breakfast included",659
HT-BER-007,The Berlin Boutique II,Berlin,Germany,4.5,Twin Room,"bar, spa, beach access, pool, airport shuttle",651
HT-BER-008,The Grand Berlin Hotel,Berlin,Germany,2.7,Twin Room,"rooftop terrace, spa, breakfast included",223
HT-BER-009,Radisson Blu Berlin,Berlin,Germany,4.1,Superior Queen,"rooftop terrace, wifi, breakfast included, kids club, bar, spa",520
HT-BER-010,Novotel Berlin,Berlin,Germany,4.4,Standard Double,"pool, spa, kids club, restaurant",647
HT-BER-011,Holiday Inn Berlin,Berlin,Germany,3.2,Executive Suite,"wifi, restaurant, pool, gym",304
HT-BER-012,Mercure Berlin,Berlin,Germany,3.8,Twin Room,"kids club, gym, bar, wifi, spa",411
HT-BER-013,Casa Berlin,Berlin,Germany,3.2,Family Room,"wifi, pool, gym",367
HT-BER-014,The Old Town Inn Berlin,Berlin,Germany,4.3,Standard Double,"wifi, restaurant, kids club, pool, airport shuttle, beach access",472
HT-BER-015,Villa Berlin,Berlin,Germany,4.3,Superior Queen,"spa, bar, restaurant",488
HT-BER-016,The Old Town Inn Berlin II,Berlin,Germany,4.9,Standard Double,"airport shuttle, pool, parking, bar",692
HT-BER-017,Berlin Harbour Suites,Berlin,Germany,4,Standard Double,"airport shuttle, parking, rooftop terrace",376
HT-BER-018,The Terrace Berlin West,Berlin,Germany,3,Standard Double,"breakfast included, bar, wifi, rooftop terrace",355
HT-BER-019,The Berlin Boutique East,Berlin,Germany,3.3,Standard Double,"gym, airport shuttle, kids club, rooftop terrace, pool, beach access",419
HT-BER-020,The Berlin Boutique Riverside,Berlin,Germany,2.6,Deluxe King,"restaurant, spa, gym, beach access, parking",186
HT-BER-021,The Grand Berlin Hotel East,Berlin,Germany,4.3,Deluxe King,"restaurant, wifi, airport shuttle, pool, rooftop terrace, gym",616
HT-BER-022,The Old Town Inn Berlin II,Berlin,Germany,3,Deluxe King,"bar, parking, rooftop terrace, airport shuttle",233
HT-BER-023,The Old Town Inn Berlin II,Berlin,Germany,4.1,Twin Room,"kids club, wifi, beach access",511
HT-BER-024,The Grand Berlin Hotel Riverside,Berlin,Germany,2.6,Twin Room,"kids club, airport shuttle, parking",232
HT-BER-025,The Old Town Inn Berlin Annex,Berlin,Germany,3.8,Twin Room,"spa, gym, pool, kids club, restaurant",499
HT-BER-026,The Berlin House,Berlin,Germany,4,Superior Queen,"airport shuttle, pool, wifi, restaurant",585
HT-BER-027,The Grand Berlin Hotel Riverside,Berlin,Germany,3.5,Executive Suite,"spa, gym, pool, parking",333
HT-BER-028,Berlin Garden Residence,Berlin,Germany,3.1,Standard Double,"wifi, bar, rooftop terrace, pool, airport shuttle",355
HT-BER-029,Villa Berlin West,Berlin,Germany,3.8,Deluxe King,"bar, restaurant, gym, rooftop terrace, spa",357
HT-BER-030,The Berlin Boutique Annex,Berlin,Germany,2.8,Family Room,"beach access, rooftop terrace, spa, gym, breakfast included, restaurant",212
HT-BER-031,Villa Berlin East,Berlin,Germany,4.9,Junior Suite,"spa, beach access, airport shuttle, kids club, restaurant",634
HT-BER-032,Berlin Harbour Suites West,Berlin,Germany,2.9,Standard Double,"breakfast included, rooftop terrace, airport shuttle",245
HT-PRG-001,Hilton Prague,Prague,Czech Republic,4.7,Superior Queen,"restaurant, gym, kids club, wifi",562
HT-PRG-002,Marriott Prague,Prague,Czech Republic,4.6,Executive Suite,"wifi, airport shuttle, restaurant, pool",393
HT-PRG-003,Hyatt Regency Prague,Prague,Czech Republic,4.7,Superior Queen,"bar, parking, spa, wifi, restaurant",455
HT-PRG-004,Villa Prague,Prague,Czech Republic,4.1,Twin Room,"spa, wifi, pool, parking, bar, kids club",380
HT-PRG-005,Villa Prague II,Prague,Czech Republic,3.7,Executive Suite,"wifi, rooftop terrace, restaurant, beach access, parking, pool",286
HT-PRG-006,Villa Prague West,Prague,Czech Republic,4.2,Deluxe King,"spa, wifi, breakfast included, gym, pool",480
HT-PRG-007,Sheraton Prague,Prague,Czech Republic,4.1,Family Room,"wifi, kids club, pool",329
HT-PRG-008,Villa Prague West,Prague,Czech Republic,3.1,Standard Double,"restaurant, beach access, rooftop terrace",219
HT-PRG-009,Radisson Blu Prague,Prague,Czech Republic,4.2,Deluxe King,"wifi, gym, parking, spa, breakfast included, kids club",423
HT-PRG-010,The Grand Prague Hotel,Prague,Czech Republic,3.9,Twin Room,"airport shuttle, restaurant, beach access, rooftop terrace, parking",419
HT-PRG-011,Holiday Inn Prague,Prague,Czech Republic,3.8,Superior Queen,"breakfast included, spa, airport shuttle",283
HT-PRG-012,Prague Harbour Suites,Prague,Czech Republic,3.2,Superior Queen,"bar, airport shuttle, wifi",269
HT-PRG-013,Hotel Prague Central,Prague,Czech Republic,4.5,Deluxe King,"beach access, parking, kids club, wifi, airport shuttle, pool",357
HT-PRG-014,ibis Styles Prague,Prague,Czech Republic,2.1,Family Room,"spa, gym, parking, airport shuttle",145
HT-PRG-015,The Grand Prague Hotel West,Prague,Czech Republic,3.2,Family Room,"gym, spa, breakfast included, restaurant",211
HT-PRG-016,The Grand Prague Hotel Annex,Prague,Czech Republic,4.3,Deluxe King,"restaurant, airport shuttle, gym",365
HT-PRG-017,The Old Town Inn Prague,Prague,Czech Republic,3.6,Standard Double,"kids club, parking, wifi, pool, rooftop terrace, beach access",337
HT-PRG-018,The Terrace Prague,Prague,Czech Republic,4.8,Standard Double,"kids club, pool, breakfast included, spa, airport shuttle, restaurant",530
HT-PRG-019,The Old Town Inn Prague West,Prague,Czech Republic,3.1,Standard Double,"wifi, bar, beach access, kids club, breakfast included, parking",272
HT-PRG-020,Casa Prague,Prague,Czech Republic,4.3,Junior Suite,"gym, wifi, kids club, spa, pool, breakfast included",476
HT-PRG-021,Villa Prague West,Prague,Czech Republic,3.3,Deluxe King,"wifi, rooftop terrace, pool, kids club, gym, parking",214
HT-PRG-022,The Grand Prague Hotel II,Prague,Czech Republic,3.5,Deluxe King,"breakfast included, bar, beach access, spa, pool",353
HT-PRG-023,Prague Garden Residence,Prague,Czech Republic,3.4,Junior Suite,"kids club, breakfast included, spa",331
HT-PRG-024,The Terrace Prague Riverside,Prague,Czech Republic,2.6,Family Room,"pool, airport shuttle, wifi, restaurant, beach access",209
HT-PRG-025,Prague Harbour Suites East,Prague,Czech Republic,4,Junior Suite,"airport shuttle, parking, rooftop terrace, spa, breakfast included",361
HT-PRG-026,The Prague House,Prague,Czech Republic,3.4,Twin Room,"gym, spa, kids club, breakfast included",302
HT-PRG-027,Prague Harbour Suites II,Prague,Czech Republic,3.8,Superior Queen,"beach access, gym, airport shuttle, parking, bar",260
HT-PRG-028,Prague Harbour Suites East,Prague,Czech Republic,2.9,Standard Double,"parking, rooftop terrace, wifi, pool",242
HT-PRG-029,The Grand Prague Hotel West,Prague,Czech Republic,5,Executive Suite,"rooftop terrace, breakfast included, restaurant, gym",493
HT-PRG-030,Prague Harbour Suites Riverside,Prague,Czech Republic,4.2,Junior Suite,"beach access, spa, airport shuttle, bar",400
HT-PRG-031,The Prague Boutique,Prague,Czech Republic,2.7,Family Room,"spa, airport shuttle, bar, pool, beach access",195
HT-PRG-032,Casa Prague West,Prague,Czech Republic,3.8,Junior Suite,"spa, airport shuttle, beach access",366
HT-PRG-033,Prague Harbour Suites Riverside,Prague,Czech Republic,4.3,Deluxe King,"bar, spa, airport shuttle, kids club, rooftop terrace, wifi",508
HT-PRG-034,Prague Garden Residence East,Prague,Czech Republic,2.6,Family Room,"wifi, airport shuttle, kids club, pool, restaurant",206
HT-PRG-035,Hotel Prague Central West,Prague,Czech Republic,5,Junior Suite,"restaurant, bar, breakfast included, spa",638
HT-PRG-036,The Old Town Inn Prague East,Prague,Czech Republic,3.8,Executive Suite,"wifi, pool, restaurant, gym, rooftop terrace, airport shuttle",363
HT-PRG-037,The Old Town Inn Prague West,Prague,Czech Republic,4.4,Superior Queen,"gym, kids club, bar, pool, rooftop terrace",392
HT-PRG-038,Hotel Prague Central II,Prague,Czech Republic,4.7,Superior Queen,"airport shuttle, pool, rooftop terrace, parking",371
HT-VIE-001,Villa Vienna,Vienna,Austria,3.5,Superior Queen,"restaurant, gym, rooftop terrace",424
HT-VIE-002,Marriott Vienna,Vienna,Austria,4.7,Standard Double,"gym, pool, kids club, airport shuttle",684
HT-VIE-003,Vienna Harbour Suites,Vienna,Austria,3.6,Standard Double,"kids club, pool, spa, bar, airport shuttle, restaurant",421
HT-VIE-004,InterContinental Vienna,Vienna,Austria,4.9,Executive Suite,"spa, rooftop terrace, gym",785
HT-VIE-005,Shangri-La Vienna,Vienna,Austria,4.7,Executive Suite,"bar, breakfast included, restaurant, kids club, airport shuttle, wifi",684
HT-VIE-006,Four Seasons Vienna,Vienna,Austria,5,Superior Queen,"parking, gym, wifi",652
HT-VIE-007,Sheraton Vienna,Vienna,Austria,3.7,Junior Suite,"pool, restaurant, beach access, wifi",519
HT-VIE-008,The Vienna Boutique,Vienna,Austria,2.8,Superior Queen,"beach access, restaurant, bar",318
HT-VIE-009,Radisson Blu Vienna,Vienna,Austria,4,Deluxe King,"beach access, kids club, wifi",393
HT-VIE-010,The Old Town Inn Vienna,Vienna,Austria,3.6,Executive Suite,"restaurant, bar, beach access, spa, pool",472
HT-VIE-011,The Vienna House,Vienna,Austria,4.5,Superior Queen,"wifi, airport shuttle, parking, pool, rooftop terrace, kids club",628
HT-VIE-012,Mercure Vienna,Vienna,Austria,4,Deluxe King,"spa, airport shuttle, bar, beach access, gym",407
HT-VIE-013,ibis Vienna,Vienna,Austria,2.5,Standard Double,"wifi, rooftop terrace, pool, gym, spa, parking",250
HT-VIE-014,ibis Styles Vienna,Vienna,Austria,3,Superior Queen,"pool, wifi, restaurant, gym",297
HT-VIE-015,Travelodge Vienna,Vienna,Austria,2,Junior Suite,"breakfast included, beach access, rooftop terrace, parking, bar, airport shuttle",218
HT-VIE-016,The Old Town Inn Vienna Riverside,Vienna,Austria,4.4,Junior Suite,"airport shuttle, beach access, spa, wifi",687
HT-VIE-017,The Vienna Boutique Riverside,Vienna,Austria,3,Executive Suite,"restaurant, breakfast included, spa, gym, pool, beach access",332
HT-VIE-018,Vienna Garden Residence,Vienna,Austria,4.8,Twin Room,"breakfast included, beach access, spa, bar",717
HT-VIE-019,Casa Vienna,Vienna,Austria,4.1,Family Room,"airport shuttle, kids club, spa, gym, rooftop terrace",603
HT-VIE-020,The Terrace Vienna,Vienna,Austria,2.6,Junior Suite,"kids club, wifi, pool, bar, beach access",226
HT-VIE-021,The Old Town Inn Vienna West,Vienna,Austria,2.6,Standard Double,"restaurant, wifi, parking",252
HT-VIE-022,The Terrace Vienna East,Vienna,Austria,4.3,Executive Suite,"spa, wifi, parking, rooftop terrace, kids club",687
HT-VIE-023,The Vienna Boutique East,Vienna,Austria,3.8,Junior Suite,"breakfast included, bar, spa, airport shuttle, kids club, gym",465
HT-VIE-024,The Vienna House Annex,Vienna,Austria,4.8,Junior Suite,"bar, beach access, airport shuttle, kids club, spa, restaurant",717
HT-VIE-025,Vienna Harbour Suites Riverside,Vienna,Austria,4.7,Family Room,"wifi, spa, kids club, restaurant",741
HT-VIE-026,Hotel Vienna Central,Vienna,Austria,3.5,Junior Suite,"spa, gym, beach access",474
HT-VIE-027,The Vienna Boutique II,Vienna,Austria,3.6,Family Room,"rooftop terrace, pool, gym, airport shuttle, restaurant",437
HT-VIE-028,The Grand Vienna Hotel,Vienna,Austria,3.4,Superior Queen,"breakfast included, kids club, beach access, parking, airport shuttle, spa",372
HT-VIE-029,The Old Town Inn Vienna West,Vienna,Austria,4.8,Family Room,"parking, pool, rooftop terrace, spa, bar",606
HT-VIE-030,Vienna Harbour Suites Riverside,Vienna,Austria,4.3,Deluxe King,"pool, restaurant, parking, spa, bar, kids club",488
HT-VIE-031,Vienna Garden Residence II,Vienna,Austria,2.8,Superior Queen,"restaurant, parking, wifi, breakfast included, spa",337
HT-KRK-001,The Krakow Boutique,Krakow,Poland,2.6,Executive Suite,"breakfast included, wifi, kids club, rooftop terrace, restaurant, pool",181
HT-KRK-002,Marriott Krakow,Krakow,Poland,5,Junior Suite,"rooftop terrace, wifi, beach access, kids club, parking, restaurant",470
HT-KRK-003,Krakow Garden Residence,Krakow,Poland,2.8,Executive Suite,"restaurant, beach access, kids club, wifi, parking, bar",177
HT-KRK-004,Villa Krakow,Krakow,Poland,4.5,Standard Double,"restaurant, breakfast included, airport shuttle",403
HT-KRK-005,Shangri-La Krakow,Krakow,Poland,4.9,Superior Queen,"spa, bar, airport shuttle",420
HT-KRK-006,The Old Town Inn Krakow,Krakow,Poland,3.1,Executive Suite,"rooftop terrace, beach access, spa, bar",222
HT-KRK-007,Sheraton Krakow,Krakow,Poland,4.1,Twin Room,"wifi, rooftop terrace, pool",355
HT-KRK-008,Villa Krakow Annex,Krakow,Poland,3.7,Standard Double,"spa, pool, restaurant, beach access, kids club",303
HT-KRK-009,Radisson Blu Krakow,Krakow,Poland,3.9,Family Room,"gym, breakfast included, beach access",326
HT-KRK-010,Krakow Garden Residence Annex,Krakow,Poland,4.2,Standard Double,"wifi, spa, bar, parking",373
HT-KRK-011,Holiday Inn Krakow,Krakow,Poland,3.3,Executive Suite,"parking, pool, breakfast included, wifi, spa, airport shuttle",170
HT-KRK-012,Casa Krakow,Krakow,Poland,3,Executive Suite,"restaurant, airport shuttle, beach access",177
HT-KRK-013,ibis Krakow,Krakow,Poland,2,Deluxe King,"kids club, spa, beach access, gym, pool, bar",87
HT-KRK-014,ibis Styles Krakow,Krakow,Poland,2.2,Deluxe King,"bar, wifi, pool",142
HT-KRK-015,Travelodge Krakow,Krakow,Poland,2.6,Deluxe King,"parking, beach access, breakfast included, rooftop terrace",168
HT-KRK-016,Krakow Harbour Suites,Krakow,Poland,3.4,Standard Double,"airport shuttle, breakfast included, parking, gym, wifi",235
HT-KRK-017,The Terrace Krakow,Krakow,Poland,4.6,Superior Queen,"kids club, restaurant, wifi",460
HT-KRK-018,The Terrace Krakow Annex,Krakow,Poland,3.2,Superior Queen,"airport shuttle, breakfast included, wifi, parking",166
HT-KRK-019,The Terrace Krakow Annex,Krakow,Poland,3.7,Standard Double,"airport shuttle, parking, bar, pool, kids club, wifi",283
HT-KRK-020,The Grand Krakow Hotel,Krakow,Poland,2.6,Superior Queen,"wifi, pool, gym, parking",168
HT-KRK-021,The Krakow House,Krakow,Poland,4.1,Superior Queen,"rooftop terrace, gym, beach access",316
HT-KRK-022,The Grand Krakow Hotel West,Krakow,Poland,3,Superior Queen,"airport shuttle, pool, gym",177
HT-KRK-023,Krakow Garden Residence East,Krakow,Poland,2.6,Twin Room,"wifi, beach access, spa, parking",152
HT-KRK-024,Hotel Krakow Central,Krakow,Poland,3.6,Executive Suite,"bar, kids club, beach access, wifi",304
HT-KRK-025,Hotel Krakow Central West,Krakow,Poland,4.4,Superior Queen,"rooftop terrace, wifi, spa",432
HT-KRK-026,The Krakow House II,Krakow,Poland,2.5,Standard Double,"rooftop terrace, gym, spa, airport shuttle, pool, beach access",122
HT-KRK-027,Casa Krakow II,Krakow,Poland,2.9,Junior Suite,"airport shuttle, bar, beach access, parking, kids club",178
HT-KRK-028,Hotel Krakow Central Riverside,Krakow,Poland,3.8,Family Room,"kids club, spa, beach access, restaurant",317
HT-KRK-029,The Krakow House Annex,Krakow,Poland,2.8,Executive Suite,"wifi, pool, airport shuttle, restaurant, bar, gym",163
HT-KRK-030,The Terrace Krakow East,Krakow,Poland,3,Family Room,"parking, bar, breakfast included",199
HT-KRK-031,Casa Krakow Annex,Krakow,Poland,3,Superior Queen,"gym, airport shuttle, restaurant",179
HT-KRK-032,The Terrace Krakow Riverside,Krakow,Poland,4.5,Junior Suite,"kids club, airport shuttle, beach access, gym, restaurant",442
HT-KRK-033,Krakow Garden Residence West,Krakow,Poland,2.9,Deluxe King,"pool, kids club, airport shuttle, wifi",160
HT-KRK-034,Krakow Garden Residence Riverside,Krakow,Poland,3,Standard Double,"airport shuttle, spa, parking, pool, gym",175
HT-KRK-035,The Old Town Inn Krakow Annex,Krakow,Poland,3.2,Twin Room,"wifi, gym, beach access, rooftop terrace, parking",242
HT-KRK-036,Villa Krakow II,Krakow,Poland,4.9,Deluxe King,"beach access, gym, pool, bar",362
HT-KRK-037,The Grand Krakow Hotel Annex,Krakow,Poland,2.8,Superior Queen,"restaurant, pool, spa",150
HT-ATH-001,Casa Athens,Athens,Greece,3.5,Deluxe King,"wifi, kids club, pool, spa",362
HT-ATH-002,Marriott Athens,Athens,Greece,5,Superior Queen,"spa, gym, beach access, pool, breakfast included",708
HT-ATH-003,The Old Town Inn Athens,Athens,Greece,4.7,Twin Room,"airport shuttle, spa, kids club, gym, bar, rooftop terrace",511
HT-ATH-004,The Grand Athens Hotel,Athens,Greece,4.5,Executive Suite,"beach access, pool, kids club",459
HT-ATH-005,Shangri-La Athens,Athens,Greece,4.8,Family Room,"spa, gym, kids club",597
HT-ATH-006,Four Seasons Athens,Athens,Greece,4.9,Twin Room,"restaurant, wifi, airport shuttle, rooftop terrace, beach access",614
HT-ATH-007,The Athens House,Athens,Greece,3.2,Executive Suite,"airport shuttle, wifi, rooftop terrace",244
HT-ATH-008,Crowne Plaza Athens,Athens,Greece,3.6,Junior Suite,"gym, pool, kids club",252
HT-ATH-009,Athens Harbour Suites,Athens,Greece,4.4,Superior Queen,"airport shuttle, pool, restaurant, bar, wifi, beach access",494
HT-ATH-010,Hotel Athens Central,Athens,Greece,3.2,Family Room,"gym, beach access, wifi, rooftop terrace",282
HT-ATH-011,The Grand Athens Hotel Annex,Athens,Greece,2.6,Superior Queen,"restaurant, spa, kids club",158
HT-ATH-012,Mercure Athens,Athens,Greece,3,Twin Room,"spa, bar, gym, rooftop terrace, breakfast included, beach access",221
HT-ATH-013,ibis Athens,Athens,Greece,2.9,Deluxe King,"airport shuttle, pool, wifi",280
HT-ATH-014,The Grand Athens Hotel II,Athens,Greece,3.5,Family Room,"rooftop terrace, kids club, gym, wifi",261
HT-ATH-015,The Athens House Riverside,Athens,Greece,2.9,Superior Queen,"restaurant, wifi, kids club, spa, bar",276
HT-ATH-016,Villa Athens,Athens,Greece,4.7,Junior Suite,"pool, wifi, parking, airport shuttle",634
HT-ATH-017,Casa Athens II,Athens,Greece,5,Family Room,"breakfast included, restaurant, parking",598
HT-ATH-018,Casa Athens Riverside,Athens,Greece,3.2,Junior Suite,"parking, kids club, beach access",246
HT-ATH-019,The Old Town Inn Athens East,Athens,Greece,2.8,Standard Double,"breakfast included, restaurant, spa, airport shuttle, rooftop terrace",230
HT-ATH-020,The Athens House II,Athens,Greece,4.8,Deluxe King,"rooftop terrace, spa, kids club, bar",469
HT-ATH-021,Athens Garden Residence,Athens,Greece,4.4,Twin Room,"spa, bar, kids club",534
HT-ATH-022,The Athens House East,Athens,Greece,2.6,Deluxe King,"parking, gym, breakfast included, bar, rooftop terrace",209
HT-ATH-023,The Athens Boutique,Athens,Greece,2.9,Deluxe King,"wifi, pool, rooftop terrace, beach access, restaurant",254
HT-ATH-024,The Grand Athens Hotel West,Athens,Greece,2.5,Superior Queen,"airport shuttle, spa, beach access, pool, breakfast included",160
HT-ATH-025,Villa Athens West,Athens,Greece,3.6,Executive Suite,"rooftop terrace, wifi, kids club, pool, airport shuttle, bar",332
HT-ATH-026,The Grand Athens Hotel Riverside,Athens,Greece,3.8,Family Room,"bar, wifi, rooftop terrace, breakfast included, parking",289
HT-ATH-027,The Old Town Inn Athens West,Athens,Greece,4,Standard Double,"wifi, pool, kids club, parking",412
HT-ATH-028,Casa Athens Riverside,Athens,Greece,2.7,Deluxe King,"spa, wifi, parking, restaurant, kids club",165
HT-ATH-029,Casa Athens Riverside,Athens,Greece,2.5,Executive Suite,"restaurant, kids club, gym, bar",188
HT-ATH-030,Villa Athens II,Athens,Greece,2.9,Standard Double,"rooftop terrace, parking, bar, spa, kids club",218
HT-ATH-031,Villa Athens West,Athens,Greece,2.7,Family Room,"beach access, bar, wifi, restaurant, pool, gym",224
HT-JTR-001,Santorini Garden Residence,Santorini,Greece,3,Superior Queen,"bar, airport shuttle, wifi",251
HT-JTR-002,Marriott Santorini,Santorini,Greece,4.8,Family Room,"wifi, parking, rooftop terrace, bar, beach access, airport shuttle",837
HT-JTR-003,Hyatt Regency Santorini,Santorini,Greece,4.7,Junior Suite,"airport shuttle, bar, kids club, spa, breakfast included",701
HT-JTR-004,InterContinental Santorini,Santorini,Greece,4.9,Twin Room,"airport shuttle, wifi, spa, pool, rooftop terrace, beach access",833
HT-JTR-005,Shangri-La Santorini,Santorini,Greece,4.8,Twin Room,"kids club, airport shuttle, rooftop terrace, spa, beach access, parking",660
HT-JTR-006,Four Seasons Santorini,Santorini,Greece,4.8,Superior Queen,"restaurant, gym, spa, wifi, kids club, parking",646
HT-JTR-007,The Terrace Santorini,Santorini,Greece,4.5,Deluxe King,"spa, pool, beach access, airport shuttle, breakfast included, gym",643
HT-JTR-008,Villa Santorini,Santorini,Greece,4.4,Standard Double,"pool, spa, kids club, wifi, restaurant",706
HT-JTR-009,Radisson Blu Santorini,Santorini,Greece,3.8,Executive Suite,"beach access, wifi, pool, parking, rooftop terrace",535
HT-JTR-010,Novotel Santorini,Santorini,Greece,4,Standard Double,"rooftop terrace, wifi, pool, kids club",489
HT-JTR-011,The Santorini Boutique,Santorini,Greece,2.8,Standard Double,"parking, beach access, gym",304
HT-JTR-012,Mercure Santorini,Santorini,Greece,3.3,Standard Double,"restaurant, spa, beach access, airport shuttle, bar, breakfast included",457
HT-JTR-013,ibis Santorini,Santorini,Greece,2.9,Twin Room,"parking, spa, rooftop terrace, gym, beach access",253
HT-JTR-014,ibis Styles Santorini,Santorini,Greece,2.7,Family Room,"beach access, wifi, restaurant",222
HT-JTR-015,Travelodge Santorini,Santorini,Greece,2.4,Family Room,"restaurant, wifi, airport shuttle, spa, bar, beach access",278
HT-JTR-016,Santorini Garden Residence Annex,Santorini,Greece,3.3,Executive Suite,"spa, gym, kids club, airport shuttle",413
HT-JTR-017,The Grand Santorini Hotel,Santorini,Greece,2.9,Standard Double,"wifi, pool, bar, gym",279
HT-JTR-018,Santorini Garden Residence II,Santorini,Greece,5,Deluxe King,"spa, airport shuttle, gym, pool, wifi, restaurant",886
HT-JTR-019,The Santorini Boutique Annex,Santorini,Greece,4,Standard Double,"bar, pool, beach access",470
HT-JTR-020,Casa Santorini,Santorini,Greece,4.9,Family Room,"airport shuttle, wifi, spa, breakfast included, parking, beach access",847
HT-JTR-021,Hotel Santorini Central,Santorini,Greece,3.2,Junior Suite,"restaurant, parking, rooftop terrace, pool",305
HT-JTR-022,The Old Town Inn Santorini,Santorini,Greece,4.2,Junior Suite,"bar, parking, kids club, spa, wifi",613
HT-JTR-023,The Grand Santorini Hotel Riverside,Santorini,Greece,4.9,Family Room,"spa, gym, parking",911
HT-JTR-024,Casa Santorini West,Santorini,Greece,3.7,Standard Double,"gym, wifi, airport shuttle, parking, breakfast included",381
HT-JTR-025,Santorini Garden Residence West,Santorini,Greece,4.3,Family Room,"restaurant, airport shuttle, pool, bar",728
HT-JTR-026,The Old Town Inn Santorini East,Santorini,Greece,2.6,Executive Suite,"airport shuttle, restaurant, beach access, kids club",273
HT-JTR-027,The Old Town Inn Santorini Annex,Santorini,Greece,3.8,Deluxe King,"pool, spa, rooftop terrace, breakfast included, wifi",557
HT-JTR-028,The Santorini House,Santorini,Greece,4.6,Deluxe King,"wifi, parking, breakfast included, rooftop terrace, bar",801
HT-JTR-029,Santorini Harbour Suites,Santorini,Greece,4.6,Family Room,"kids club, restaurant, gym, parking",643
HT-JTR-030,Santorini Garden Residence West,Santorini,Greece,5,Deluxe King,"restaurant, bar, parking, spa, rooftop terrace, gym",930
HT-JTR-031,Casa Santorini Riverside,Santorini,Greece,3.8,Superior Queen,"breakfast included, spa, kids club, bar, rooftop terrace, parking",372
HT-JTR-032,Santorini Garden Residence East,Santorini,Greece,4,Superior Queen,"airport shuttle, kids club, pool, breakfast included",529
HT-KEF-001,The Terrace Reykjavik,Reykjavik,Iceland,3.5,Family Room,"airport shuttle, kids club, wifi",608
HT-KEF-002,Marriott Reykjavik,Reykjavik,Iceland,4.9,Deluxe King,"restaurant, spa, breakfast included, wifi, bar, rooftop terrace",1050
HT-KEF-003,Reykjavik Garden Residence,Reykjavik,Iceland,4.6,Standard Double,"beach access, gym, airport shuttle, kids club",780
HT-KEF-004,InterContinental Reykjavik,Reykjavik,Iceland,4.8,Family Room,"kids club, gym, restaurant",1054
HT-KEF-005,Shangri-La Reykjavik,Reykjavik,Iceland,4.9,Twin Room,"kids club, restaurant, airport shuttle",971
HT-KEF-006,Four Seasons Reykjavik,Reykjavik,Iceland,4.9,Deluxe King,"breakfast included, spa, rooftop terrace",1129
HT-KEF-007,The Reykjavik Boutique,Reykjavik,Iceland,3.7,Executive Suite,"spa, restaurant, kids club, pool, parking",558
HT-KEF-008,Crowne Plaza Reykjavik,Reykjavik,Iceland,3.6,Superior Queen,"beach access, bar, airport shuttle, restaurant",440
HT-KEF-009,Radisson Blu Reykjavik,Reykjavik,Iceland,3.9,Standard Double,"pool, breakfast included, gym, rooftop terrace, kids club, parking",728
HT-KEF-010,Novotel Reykjavik,Reykjavik,Iceland,3.7,Junior Suite,"wifi, rooftop terrace, spa, kids club, restaurant",650
HT-KEF-011,The Reykjavik House,Reykjavik,Iceland,3.7,Deluxe King,"pool, airport shuttle, parking",639
HT-KEF-012,Mercure Reykjavik,Reykjavik,Iceland,3.4,Family Room,"spa, wifi, rooftop terrace, airport shuttle, parking, pool",490
HT-KEF-013,ibis Reykjavik,Reykjavik,Iceland,2.7,Standard Double,"beach access, breakfast included, kids club, spa, airport shuttle",350
HT-KEF-014,ibis Styles Reykjavik,Reykjavik,Iceland,2.1,Deluxe King,"bar, kids club, breakfast included, wifi, restaurant, rooftop terrace",191
HT-KEF-015,Reykjavik Garden Residence II,Reykjavik,Iceland,3.6,Executive Suite,"airport shuttle, rooftop terrace, spa, beach access, gym",564
HT-KEF-016,Casa Reykjavik,Reykjavik,Iceland,3,Family Room,"breakfast included, pool, restaurant",310
HT-KEF-017,Reykjavik Harbour Suites,Reykjavik,Iceland,4.3,Deluxe King,"gym, parking, beach access, spa, bar, airport shuttle",742
HT-KEF-018,The Terrace Reykjavik West,Reykjavik,Iceland,4.2,Deluxe King,"breakfast included, pool, parking",598
HT-KEF-019,Villa Reykjavik,Reykjavik,Iceland,3.7,Twin Room,"wifi, bar, restaurant, spa, airport shuttle, pool",563
HT-KEF-020,The Reykjavik Boutique Riverside,Reykjavik,Iceland,4.8,Standard Double,"beach access, breakfast included, parking, airport shuttle",986
HT-KEF-021,The Terrace Reykjavik II,Reykjavik,Iceland,3.7,Superior Queen,"beach access, gym, kids club",699
HT-KEF-022,Reykjavik Harbour Suites Annex,Reykjavik,Iceland,3.6,Executive Suite,"spa, airport shuttle, restaurant",657
HT-KEF-023,The Reykjavik Boutique II,Reykjavik,Iceland,3.8,Standard Double,"wifi, pool, airport shuttle, gym",493
HT-KEF-024,The Grand Reykjavik Hotel,Reykjavik,Iceland,4,Twin Room,"spa, airport shuttle, gym, pool, kids club, rooftop terrace",575
HT-KEF-025,Hotel Reykjavik Central,Reykjavik,Iceland,2.6,Twin Room,"wifi, parking, beach access, pool",351
HT-KEF-026,Casa Reykjavik Annex,Reykjavik,Iceland,4.8,Deluxe King,"wifi, kids club, airport shuttle, restaurant, pool, beach access",714
HT-KEF-027,Casa Reykjavik II,Reykjavik,Iceland,3.6,Executive Suite,"kids club, pool, wifi",445
HT-KEF-028,Villa Reykjavik Annex,Reykjavik,Iceland,3.1,Executive Suite,"rooftop terrace, gym, parking, spa",415
HT-KEF-029,The Grand Reykjavik Hotel II,Reykjavik,Iceland,4,Deluxe King,"wifi, restaurant, pool, breakfast included",606
HT-KEF-030,Casa Reykjavik Riverside,Reykjavik,Iceland,3.1,Junior Suite,"gym, breakfast included, rooftop terrace, pool, parking",468
HT-KEF-031,Casa Reykjavik II,Reykjavik,Iceland,3.6,Twin Room,"spa, bar, airport shuttle, rooftop terrace",595
HT-KEF-032,Casa Reykjavik East,Reykjavik,Iceland,3.1,Junior Suite,"parking, spa, kids club, rooftop terrace, pool",493
HT-KEF-033,Casa Reykjavik East,Reykjavik,Iceland,3.7,Junior Suite,"wifi, bar, parking, pool",650
HT-KEF-034,The Old Town Inn Reykjavik,Reykjavik,Iceland,3.5,Twin Room,"kids club, rooftop terrace, breakfast included",588
HT-KEF-035,Villa Reykjavik West,Reykjavik,Iceland,4.5,Twin Room,"breakfast included, pool, rooftop terrace",948
HT-JFK-001,Hilton New York,New York,United States,4.6,Family Room,"wifi, spa, bar",839
HT-JFK-002,The Old Town Inn New York,New York,United States,4.6,Family Room,"bar, breakfast included, airport shuttle, kids club, parking",937
HT-JFK-003,The Old Town Inn New York Riverside,New York,United States,2.8,Family Room,"gym, airport shuttle, pool",429
HT-JFK-004,InterContinental New York,New York,United States,4.7,Twin Room,"spa, bar, airport shuttle",736
HT-JFK-005,Shangri-La New York,New York,United States,4.9,Junior Suite,"spa, restaurant, breakfast included",894
HT-JFK-006,Four Seasons New York,New York,United States,4.8,Twin Room,"spa, restaurant, airport shuttle, gym, bar",712
HT-JFK-007,Sheraton New York,New York,United States,4,Family Room,"airport shuttle, breakfast included, spa, gym, kids club",568
HT-JFK-008,Crowne Plaza New York,New York,United States,4.4,Standard Double,"restaurant, airport shuttle, wifi, pool",700
HT-JFK-009,Radisson Blu New York,New York,United States,4.3,Family Room,"wifi, pool, airport shuttle, gym, spa",933
HT-JFK-010,The New York Boutique,New York,United States,2.7,Junior Suite,"airport shuttle, breakfast included, parking",396
HT-JFK-011,The New York House,New York,United States,2.9,Standard Double,"parking, wifi, kids club, spa, restaurant, rooftop terrace",418
HT-JFK-012,Mercure New York,New York,United States,3.3,Executive Suite,"rooftop terrace, restaurant, wifi, airport shuttle",571
HT-JFK-013,ibis New York,New York,United States,2.4,Superior Queen,"kids club, restaurant, bar, airport shuttle, parking, rooftop terrace",269
HT-JFK-014,ibis Styles New York,New York,United States,2.7,Standard Double,"restaurant, gym, beach access, kids club, spa",400
HT-JFK-015,Villa New York,New York,United States,5,Executive Suite,"parking, gym, bar, restaurant, beach access",1154
HT-JFK-016,The Old Town Inn New York Annex,New York,United States,4.5,Twin Room,"gym, spa, bar, breakfast included",815
HT-JFK-017,Hotel New York Central,New York,United States,4.2,Executive Suite,"restaurant, airport shuttle, bar",674
HT-JFK-018,The Old Town Inn New York Annex,New York,United States,4.6,Twin Room,"wifi, bar, pool, kids club, rooftop terrace",1043
HT-JFK-019,New York Garden Residence,New York,United States,2.6,Executive Suite,"wifi, pool, gym, rooftop terrace",395
HT-JFK-020,New York Harbour Suites,New York,United States,4.1,Standard Double,"beach access, wifi, parking, pool",566
HT-JFK-021,The New York House Annex,New York,United States,4.7,Executive Suite,"spa, gym, pool, kids club, airport shuttle",1016
HT-JFK-022,The New York Boutique II,New York,United States,3.7,Standard Double,"gym, kids club, beach access, airport shuttle, spa, parking",448
HT-JFK-023,New York Harbour Suites II,New York,United States,3.2,Superior Queen,"spa, gym, beach access",385
HT-JFK-024,The Old Town Inn New York West,New York,United States,3.6,Executive Suite,"airport shuttle, rooftop terrace, bar, pool",471
HT-JFK-025,Villa New York Annex,New York,United States,4.1,Family Room,"breakfast included, gym, kids club, beach access",666
HT-JFK-026,New York Harbour Suites Annex,New York,United States,4.7,Executive Suite,"restaurant, kids club, airport shuttle, beach access, wifi",965
HT-JFK-027,The Grand New York Hotel,New York,United States,2.7,Junior Suite,"breakfast included, parking, spa, bar, gym, pool",393
HT-JFK-028,The Terrace New York,New York,United States,4.8,Junior Suite,"airport shuttle, wifi, pool",923
HT-JFK-029,The Grand New York Hotel East,New York,United States,4.7,Twin Room,"airport shuttle, gym, pool",1016
HT-JFK-030,The New York Boutique II,New York,United States,3.2,Family Room,"airport shuttle, restaurant, rooftop terrace, bar, wifi, pool",447
HT-JFK-031,The New York Boutique East,New York,United States,2.8,Family Room,"breakfast included, kids club, bar, rooftop terrace, parking, spa",313
HT-JFK-032,Casa New York,New York,United States,3.9,Standard Double,"restaurant, wifi, bar, rooftop terrace, pool",502
HT-JFK-033,The Terrace New York Riverside,New York,United States,4.8,Twin Room,"restaurant, wifi, bar, rooftop terrace",1019
HT-JFK-034,The Grand New York Hotel Riverside,New York,United States,4.3,Deluxe King,"spa, bar, parking, breakfast included, wifi",637
HT-JFK-035,Villa New York Annex,New York,United States,4.9,Standard Double,"wifi, pool, gym, rooftop terrace",857
HT-JFK-036,The Old Town Inn New York Riverside,New York,United States,3.7,Standard Double,"airport shuttle, spa, pool, breakfast included",453
HT-JFK-037,Villa New York II,New York,United States,4.8,Family Room,"restaurant, spa, airport shuttle, breakfast included",1010
HT-LAX-001,Hilton Los Angeles,Los Angeles,United States,4.6,Deluxe King,"gym, rooftop terrace, kids club, spa, restaurant",927
HT-LAX-002,Los Angeles Harbour Suites,Los Angeles,United States,4.1,Superior Queen,"kids club, wifi, restaurant, spa, bar",704
HT-LAX-003,Los Angeles Garden Residence,Los Angeles,United States,3.4,Superior Queen,"restaurant, breakfast included, airport shuttle, rooftop terrace, wifi, kids club",559
HT-LAX-004,InterContinental Los Angeles,Los Angeles,United States,4.8,Deluxe King,"spa, gym, pool, kids club, bar",730
HT-LAX-005,Shangri-La Los Angeles,Los Angeles,United States,4.6,Junior Suite,"wifi, airport shuttle, beach access, rooftop terrace",618
HT-LAX-006,Los Angeles Garden Residence East,Los Angeles,United States,4.6,Deluxe King,"gym, spa, pool, bar, restaurant",876
HT-LAX-007,Sheraton Los Angeles,Los Angeles,United States,3.8,Deluxe King,"kids club, gym, wifi, rooftop terrace",534
HT-LAX-008,Los Angeles Harbour Suites West,Los Angeles,United States,4.5,Executive Suite,"parking, beach access, spa, wifi",623
HT-LAX-009,Radisson Blu Los Angeles,Los Angeles,United States,3.6,Deluxe King,"parking, restaurant, gym, pool, kids club, wifi",546
HT-LAX-010,The Los Angeles House,Los Angeles,United States,3.5,Executive Suite,"airport shuttle, breakfast included, bar",415
HT-LAX-011,The Los Angeles House Annex,Los Angeles,United States,2.9,Standard Double,"wifi, restaurant, kids club",384
HT-LAX-012,Mercure Los Angeles,Los Angeles,United States,3.7,Junior Suite,"gym, rooftop terrace, wifi",440
HT-LAX-013,The Los Angeles House West,Los Angeles,United States,2.6,Junior Suite,"airport shuttle, gym, parking, rooftop terrace, pool, restaurant",356
HT-LAX-014,ibis Styles Los Angeles,Los Angeles,United States,2.2,Junior Suite,"airport shuttle, spa, beach access, kids club, rooftop terrace, wifi",231
HT-LAX-015,Travelodge Los Angeles,Los Angeles,United States,2.8,Junior Suite,"gym, spa, bar, rooftop terrace, pool",316
HT-LAX-016,The Grand Los Angeles Hotel,Los Angeles,United States,4.1,Twin Room,"airport shuttle, bar, beach access, breakfast included, spa, kids club",698
HT-LAX-017,Hotel Los Angeles Central,Los Angeles,United States,3.4,Superior Queen,"wifi, pool, gym, beach access",392
HT-LAX-018,Hotel Los Angeles Central West,Los Angeles,United States,4.3,Superior Queen,"pool, wifi, gym, airport shuttle",608
HT-LAX-019,The Grand Los Angeles Hotel Riverside,Los Angeles,United States,3.7,Superior Queen,"pool, spa, kids club, gym, airport shuttle, wifi",470
HT-LAX-020,The Los Angeles Boutique,Los Angeles,United States,2.7,Standard Double,"kids club, beach access, spa",401
HT-LAX-021,Los Angeles Garden Residence Annex,Los Angeles,United States,3.6,Superior Queen,"restaurant, breakfast included, rooftop terrace, beach access",507
HT-LAX-022,The Los Angeles House Annex,Los Angeles,United States,3.6,Twin Room,"rooftop terrace, wifi, kids club, restaurant, airport shuttle",541
HT-LAX-023,Los Angeles Garden Residence East,Los Angeles,United States,3.5,Executive Suite,"parking, wifi, pool, rooftop terrace",558
HT-LAX-024,The Terrace Los Angeles,Los Angeles,United States,4.3,Family Room,"wifi, restaurant, beach access, breakfast included",673
HT-LAX-025,The Terrace Los Angeles Annex,Los Angeles,United States,3.6,Standard Double,"bar, rooftop terrace, kids club, restaurant, beach access, spa",435
HT-LAX-026,Villa Los Angeles,Los Angeles,United States,2.5,Deluxe King,"kids club, beach access, pool, wifi, gym",279
HT-LAX-027,The Los Angeles House Annex,Los Angeles,United States,4.3,Family Room,"bar, restaurant, wifi, kids club",680
HT-LAX-028,The Old Town Inn Los Angeles,Los Angeles,United States,4.5,Standard Double,"beach access, airport shuttle, spa, restaurant",800
HT-LAX-029,Hotel Los Angeles Central Riverside,Los Angeles,United States,3.3,Executive Suite,"pool, parking, wifi, gym, restaurant",474
HT-LAX-030,Hotel Los Angeles Central East,Los Angeles,United States,3.1,Deluxe King,"rooftop terrace, beach access, bar, wifi",452
HT-LAX-031,The Terrace Los Angeles II,Los Angeles,United States,3,Twin Room,"bar, spa, wifi, beach access, parking",433
HT-LAX-032,The Grand Los Angeles Hotel East,Los Angeles,United States,4,Standard Double,"airport shuttle, wifi, gym, bar",496
HT-LAX-033,Casa Los Angeles,Los Angeles,United States,3.3,Standard Double,"parking, kids club, wifi, spa",466
HT-LAX-034,Casa Los Angeles Riverside,Los Angeles,United States,4.6,Family Room,"bar, beach access, rooftop terrace, airport shuttle, restaurant, pool",853
HT-SFO-001,Hilton San Francisco,San Francisco,United States,4.7,Deluxe King,"wifi, pool, parking",737
HT-SFO-002,The Grand San Francisco Hotel,San Francisco,United States,3.5,Superior Queen,"wifi, pool, spa, airport shuttle",563
HT-SFO-003,Hyatt Regency San Francisco,San Francisco,United States,4.7,Twin Room,"gym, airport shuttle, restaurant, kids club, pool",704
HT-SFO-004,San Francisco Harbour Suites,San Francisco,United States,3.9,Standard Double,"pool, airport shuttle, gym, breakfast included",562
HT-SFO-005,Shangri-La San Francisco,San Francisco,United States,4.6,Deluxe King,"gym, wifi, rooftop terrace",859
HT-SFO-006,Casa San Francisco,San Francisco,United States,4.4,Superior Queen,"pool, wifi, beach access, rooftop terrace, restaurant, gym",663
HT-SFO-007,Sheraton San Francisco,San Francisco,United States,3.8,Superior Queen,"restaurant, pool, beach access, kids club, rooftop terrace, airport shuttle",725
HT-SFO-008,Crowne Plaza San Francisco,San Francisco,United States,3.9,Standard Double,"restaurant, breakfast included, parking, rooftop terrace",693
HT-SFO-009,The Old Town Inn San Francisco,San Francisco,United States,3.1,Superior Queen,"wifi, rooftop terrace, kids club, pool, breakfast included, parking",432
HT-SFO-010,The Terrace San Francisco,San Francisco,United States,4.8,Twin Room,"restaurant, airport shuttle, wifi, rooftop terrace, pool, beach access",765
HT-SFO-011,Holiday Inn San Francisco,San Francisco,United States,3.5,Family Room,"bar, gym, restaurant, wifi, pool, kids club",603
HT-SFO-012,Mercure San Francisco,San Francisco,United States,3.5,Twin Room,"beach access, spa, wifi, bar",519
HT-SFO-013,San Francisco Garden Residence,San Francisco,United States,3.3,Executive Suite,"breakfast included, beach access, bar",580
HT-SFO-014,ibis Styles San Francisco,San Francisco,United States,2.3,Deluxe King,"gym, breakfast included, pool, restaurant",344
HT-SFO-015,Travelodge San Francisco,San Francisco,United States,2.8,Twin Room,"kids club, restaurant, wifi, pool, airport shuttle, rooftop terrace",429
HT-SFO-016,Hotel San Francisco Central,San Francisco,United States,4.3,Superior Queen,"breakfast included, airport shuttle, gym, rooftop terrace",707
HT-SFO-017,The Grand San Francisco Hotel East,San Francisco,United States,2.9,Standard Double,"spa, restaurant, gym, bar",316
HT-SFO-018,Hotel San Francisco Central West,San Francisco,United States,5,Superior Queen,"bar, gym, beach access, spa, pool",851
HT-SFO-019,The Grand San Francisco Hotel Riverside,San Francisco,United States,4.1,Deluxe King,"restaurant, rooftop terrace, parking, beach access",819
HT-SFO-020,The Terrace San Francisco West,San Francisco,United States,4.8,Standard Double,"beach access, gym, pool",757
HT-SFO-021,Villa San Francisco,San Francisco,United States,3.6,Standard Double,"spa, bar, beach access, restaurant",595
HT-SFO-022,The Grand San Francisco Hotel II,San Francisco,United States,4.7,Superior Queen,"restaurant, spa, pool",852
HT-SFO-023,The Terrace San Francisco East,San Francisco,United States,3.9,Standard Double,"wifi, restaurant, gym, beach access",740
HT-SFO-024,The San Francisco House,San Francisco,United States,4.3,Family Room,"parking, bar, kids club",630
HT-SFO-025,The Grand San Francisco Hotel II,San Francisco,United States,4.5,Junior Suite,"kids club, pool, breakfast included, parking, airport shuttle",751
HT-SFO-026,The San Francisco Boutique,San Francisco,United States,4.6,Family Room,"restaurant, wifi, kids club, spa, breakfast included, parking",859
HT-SFO-027,The Terrace San Francisco Riverside,San Francisco,United States,3.2,Junior Suite,"kids club, airport shuttle, breakfast included, parking, spa",531
HT-SFO-028,The San Francisco Boutique II,San Francisco,United States,4,Standard Double,"breakfast included, kids club, restaurant, bar, airport shuttle",519
HT-SFO-029,Hotel San Francisco Central II,San Francisco,United States,4.8,Superior Queen,"gym, kids club, spa, rooftop terrace, wifi, breakfast included",876
HT-SFO-030,The San Francisco Boutique West,San Francisco,United States,4.8,Executive Suite,"restaurant, pool, parking",765
HT-SFO-031,San Francisco Harbour Suites West,San Francisco,United States,3.5,Standard Double,"wifi, bar, pool, kids club",519
HT-SFO-032,The Terrace San Francisco Annex,San Francisco,United States,2.8,Junior Suite,"wifi, beach access, rooftop terrace",352
HT-SFO-033,San Francisco Garden Residence II,San Francisco,United States,3.6,Junior Suite,"wifi, bar, breakfast included, restaurant",492
HT-HNL-001,Hilton Honolulu,Honolulu,United States,4.5,Junior Suite,"airport shuttle, wifi, parking",662
HT-HNL-002,Marriott Honolulu,Honolulu,United States,4.5,Junior Suite,"restaurant, beach access, bar",771
HT-HNL-003,Hyatt Regency Honolulu,Honolulu,United States,4.7,Superior Queen,"pool, airport shuttle, bar, gym, rooftop terrace, wifi",781
HT-HNL-004,InterContinental Honolulu,Honolulu,United States,4.7,Junior Suite,"restaurant, bar, wifi, pool, rooftop terrace, parking",685
HT-HNL-005,Villa Honolulu,Honolulu,United States,2.8,Twin Room,"rooftop terrace, pool, beach access, parking",370
HT-HNL-006,Four Seasons Honolulu,Honolulu,United States,4.9,Twin Room,"spa, pool, restaurant, airport shuttle, beach access",659
HT-HNL-007,Sheraton Honolulu,Honolulu,United States,4.1,Standard Double,"bar, restaurant, kids club, breakfast included, parking",551
HT-HNL-008,Crowne Plaza Honolulu,Honolulu,United States,3.7,Family Room,"airport shuttle, parking, pool, bar",449
HT-HNL-009,Radisson Blu Honolulu,Honolulu,United States,4,Superior Queen,"gym, breakfast included, rooftop terrace, kids club, airport shuttle",673
HT-HNL-010,The Honolulu Boutique,Honolulu,United States,4.1,Twin Room,"bar, wifi, kids club",685
HT-HNL-011,Honolulu Garden Residence,Honolulu,United States,4.4,Family Room,"airport shuttle, restaurant, beach access",813
HT-HNL-012,The Terrace Honolulu,Honolulu,United States,4.6,Executive Suite,"beach access, bar, spa",745
HT-HNL-013,ibis Honolulu,Honolulu,United States,2.2,Standard Double,"airport shuttle, spa, wifi, pool, bar",240
HT-HNL-014,ibis Styles Honolulu,Honolulu,United States,2.9,Superior Queen,"spa, wifi, pool",364
HT-HNL-015,Travelodge Honolulu,Honolulu,United States,3,Twin Room,"spa, restaurant, airport shuttle, bar, wifi",425
HT-HNL-016,Hotel Honolulu Central,Honolulu,United States,2.8,Superior Queen,"restaurant, spa, bar, wifi",311
HT-HNL-017,Hotel Honolulu Central Riverside,Honolulu,United States,2.6,Standard Double,"spa, parking, airport shuttle",248
HT-HNL-018,Hotel Honolulu Central Riverside,Honolulu,United States,4.1,Deluxe King,"rooftop terrace, breakfast included, bar, restaurant",679
HT-HNL-019,The Old Town Inn Honolulu,Honolulu,United States,2.7,Superior Queen,"wifi, pool, restaurant, gym, beach access",306
HT-HNL-020,The Honolulu House,Honolulu,United States,3,Family Room,"bar, restaurant, rooftop terrace",446
HT-HNL-021,The Old Town Inn Honolulu Annex,Honolulu,United States,4.3,Standard Double,"spa, airport shuttle, parking, breakfast included",599
HT-HNL-022,Hotel Honolulu Central East,Honolulu,United States,3.1,Junior Suite,"wifi, pool, kids club, rooftop terrace, beach access, parking",348
HT-HNL-023,The Honolulu Boutique Riverside,Honolulu,United States,4.3,Twin Room,"restaurant, wifi, gym",529
HT-HNL-024,The Honolulu Boutique East,Honolulu,United States,3.1,Executive Suite,"airport shuttle, restaurant, spa, breakfast included",407
HT-HNL-025,Casa Honolulu,Honolulu,United States,3,Deluxe King,"airport shuttle, rooftop terrace, parking",341
HT-HNL-026,Honolulu Garden Residence Annex,Honolulu,United States,3.7,Family Room,"spa, kids club, gym, beach access",400
HT-HNL-027,Casa Honolulu Riverside,Honolulu,United States,3.6,Executive Suite,"rooftop terrace, wifi, pool, beach access, parking",391
HT-HNL-028,The Honolulu Boutique Annex,Honolulu,United States,4.8,Deluxe King,"parking, gym, restaurant, pool, bar",903
HT-HNL-029,Villa Honolulu Annex,Honolulu,United States,3.9,Superior Queen,"restaurant, breakfast included, beach access",554
HT-HNL-030,The Grand Honolulu Hotel,Honolulu,United States,3.3,Deluxe King,"kids club, wifi, parking, airport shuttle",461
HT-HNL-031,Honolulu Harbour Suites,Honolulu,United States,3.7,Junior Suite,"beach access, airport shuttle, gym",600
HT-HNL-032,Honolulu Harbour Suites East,Honolulu,United States,2.8,Executive Suite,"gym, rooftop terrace, kids club, breakfast included, restaurant, parking",323
HT-HNL-033,The Grand Honolulu Hotel Riverside,Honolulu,United States,3.8,Superior Queen,"spa, wifi, pool, rooftop terrace, airport shuttle",444
HT-YVR-001,Hilton Vancouver,Vancouver,Canada,4.9,Deluxe King,"beach access, breakfast included, airport shuttle, kids club, wifi, restaurant",787
HT-YVR-002,Villa Vancouver,Vancouver,Canada,4.1,Superior Queen,"breakfast included, bar, rooftop terrace, kids club, pool",655
HT-YVR-003,Hyatt Regency Vancouver,Vancouver,Canada,4.6,Standard Double,"bar, pool, rooftop terrace, airport shuttle, beach access",801
HT-YVR-004,InterContinental Vancouver,Vancouver,Canada,4.9,Junior Suite,"wifi, airport shuttle, beach access, pool, restaurant, gym",934
HT-YVR-005,Shangri-La Vancouver,Vancouver,Canada,4.9,Superior Queen,"breakfast included, kids club, airport shuttle",934
HT-YVR-006,Four Seasons Vancouver,Vancouver,Canada,4.6,Deluxe King,"wifi, pool, parking, airport shuttle, bar, beach access",670
HT-YVR-007,Vancouver Garden Residence,Vancouver,Canada,4.4,Twin Room,"gym, pool, spa, parking",553
HT-YVR-008,Crowne Plaza Vancouver,Vancouver,Canada,3.9,Standard Double,"airport shuttle, pool, wifi, bar, parking",617
HT-YVR-009,Vancouver Harbour Suites,Vancouver,Canada,4.6,Superior Queen,"breakfast included, wifi, bar, gym",644
HT-YVR-010,The Grand Vancouver Hotel,Vancouver,Canada,3.7,Standard Double,"restaurant, spa, parking",569
HT-YVR-011,Hotel Vancouver Central,Vancouver,Canada,4.7,Twin Room,"wifi, restaurant, pool, breakfast included, parking",696
HT-YVR-012,Vancouver Harbour Suites Riverside,Vancouver,Canada,4.1,Executive Suite,"spa, gym, parking, rooftop terrace",682
HT-YVR-013,ibis Vancouver,Vancouver,Canada,2.2,Family Room,"spa, gym, beach access, pool, breakfast included, parking",252
HT-YVR-014,The Vancouver Boutique,Vancouver,Canada,3.9,Twin Room,"breakfast included, restaurant, wifi, gym, rooftop terrace, spa",631
HT-YVR-015,Travelodge Vancouver,Vancouver,Canada,2.4,Standard Double,"gym, pool, bar, spa, rooftop terrace",296
HT-YVR-016,Casa Vancouver,Vancouver,Canada,2.6,Superior Queen,"parking, wifi, pool",269
HT-YVR-017,The Old Town Inn Vancouver,Vancouver,Canada,4.3,Executive Suite,"rooftop terrace, wifi, beach access, kids club",531
HT-YVR-018,The Vancouver House,Vancouver,Canada,3.1,Deluxe King,"wifi, breakfast included, bar, parking, restaurant",339
HT-YVR-019,Villa Vancouver East,Vancouver,Canada,3.1,Superior Queen,"restaurant, beach access, spa, wifi, breakfast included",309
HT-YVR-020,Casa Vancouver East,Vancouver,Canada,3.3,Junior Suite,"wifi, restaurant, spa",404
HT-YVR-021,Villa Vancouver Riverside,Vancouver,Canada,4.7,Standard Double,"kids club, gym, rooftop terrace",669
HT-YVR-022,The Vancouver Boutique II,Vancouver,Canada,3.9,Executive Suite,"spa, gym, rooftop terrace, breakfast included, bar",503
HT-YVR-023,Vancouver Garden Residence East,Vancouver,Canada,3.7,Superior Queen,"wifi, beach access, pool, bar",470
HT-YVR-024,Hotel Vancouver Central Annex,Vancouver,Canada,3.5,Junior Suite,"beach access, breakfast included, airport shuttle, gym, bar",449
HT-YVR-025,Casa Vancouver II,Vancouver,Canada,3.9,Deluxe King,"spa, beach access, gym, rooftop terrace",503
HT-YVR-026,The Old Town Inn Vancouver Annex,Vancouver,Canada,2.6,Twin Room,"airport shuttle, pool, parking, wifi, bar",284
HT-YVR-027,The Terrace Vancouver,Vancouver,Canada,3.3,Family Room,"beach access, airport shuttle, pool",449
HT-YVR-028,Vancouver Harbour Suites Annex,Vancouver,Canada,4.6,Executive Suite,"wifi, pool, parking, restaurant, gym, airport shuttle",604
HT-YVR-029,Vancouver Harbour Suites West,Vancouver,Canada,4.6,Standard Double,"wifi, airport shuttle, bar",617
HT-YVR-030,The Grand Vancouver Hotel West,Vancouver,Canada,2.9,Family Room,"wifi, parking, pool, kids club, gym, spa",343
HT-YVR-031,Vancouver Harbour Suites Riverside,Vancouver,Canada,3.9,Junior Suite,"beach access, kids club, parking, wifi",404
HT-YVR-032,The Vancouver Boutique East,Vancouver,Canada,3.3,Junior Suite,"parking, airport shuttle, pool, rooftop terrace",322
HT-YVR-033,The Terrace Vancouver West,Vancouver,Canada,3.9,Executive Suite,"breakfast included, spa, kids club, gym, parking, beach access",449
HT-YVR-034,The Grand Vancouver Hotel Annex,Vancouver,Canada,2.9,Deluxe King,"gym, pool, beach access, airport shuttle, spa, bar",288
HT-YVR-035,Hotel Vancouver Central East,Vancouver,Canada,4.5,Deluxe King,"pool, beach access, gym",809
HT-YVR-036,The Grand Vancouver Hotel East,Vancouver,Canada,3.1,Twin Room,"airport shuttle, kids club, gym, pool",275
HT-MEX-001,Hilton Mexico City,Mexico City,Mexico,4.8,Standard Double,"gym, wifi, rooftop terrace, breakfast included, spa, airport shuttle",361
HT-MEX-002,Marriott Mexico City,Mexico City,Mexico,4.9,Standard Double,"rooftop terrace, gym, parking, spa, kids club, airport shuttle",457
HT-MEX-003,Hyatt Regency Mexico City,Mexico City,Mexico,4.9,Twin Room,"bar, parking, kids club, spa, pool, beach access",379
HT-MEX-004,Mexico City Garden Residence,Mexico City,Mexico,4.6,Deluxe King,"rooftop terrace, pool, kids club, parking, wifi",375
HT-MEX-005,Shangri-La Mexico City,Mexico City,Mexico,4.6,Family Room,"wifi, pool, kids club",335
HT-MEX-006,Four Seasons Mexico City,Mexico City,Mexico,4.7,Deluxe King,"wifi, restaurant, rooftop terrace, spa, airport shuttle, breakfast included",367
HT-MEX-007,Mexico City Garden Residence East,Mexico City,Mexico,2.9,Executive Suite,"rooftop terrace, bar, parking",213
HT-MEX-008,The Terrace Mexico City,Mexico City,Mexico,2.8,Executive Suite,"pool, wifi, kids club, breakfast included, rooftop terrace, parking",143
HT-MEX-009,Mexico City Garden Residence II,Mexico City,Mexico,4.9,Standard Double,"parking, breakfast included, kids club, spa",498
HT-MEX-010,Villa Mexico City,Mexico City,Mexico,3.8,Deluxe King,"wifi, airport shuttle, pool, parking",222
HT-MEX-011,Holiday Inn Mexico City,Mexico City,Mexico,3.6,Superior Queen,"airport shuttle, restaurant, kids club, parking, rooftop terrace",312
HT-MEX-012,Hotel Mexico City Central,Mexico City,Mexico,4.5,Superior Queen,"spa, pool, wifi, breakfast included, bar",375
HT-MEX-013,The Mexico City Boutique,Mexico City,Mexico,3,Junior Suite,"breakfast included, spa, gym, airport shuttle, parking, beach access",146
HT-MEX-014,Hotel Mexico City Central II,Mexico City,Mexico,4.1,Twin Room,"beach access, restaurant, airport shuttle, wifi, pool",364
HT-MEX-015,Travelodge Mexico City,Mexico City,Mexico,2.8,Superior Queen,"airport shuttle, wifi, parking",197
HT-MEX-016,Mexico City Garden Residence West,Mexico City,Mexico,3.5,Superior Queen,"rooftop terrace, wifi, pool, breakfast included",263
HT-MEX-017,Casa Mexico City,Mexico City,Mexico,3.7,Twin Room,"wifi, pool, parking, rooftop terrace",321
HT-MEX-018,Mexico City Harbour Suites,Mexico City,Mexico,4.9,Deluxe King,"spa, gym, restaurant, parking, rooftop terrace, breakfast included",391
HT-MEX-019,Villa Mexico City Riverside,Mexico City,Mexico,2.5,Junior Suite,"wifi, bar, airport shuttle",138
HT-MEX-020,The Grand Mexico City Hotel,Mexico City,Mexico,2.8,Superior Queen,"spa, parking, restaurant, bar, gym",140
HT-MEX-021,Villa Mexico City West,Mexico City,Mexico,4.6,Standard Double,"beach access, restaurant, pool, kids club",320
HT-MEX-022,Casa Mexico City East,Mexico City,Mexico,4,Junior Suite,"restaurant, beach access, breakfast included, spa",355
HT-MEX-023,Mexico City Harbour Suites East,Mexico City,Mexico,3.8,Junior Suite,"gym, spa, wifi",286
HT-MEX-024,The Mexico City Boutique II,Mexico City,Mexico,4.1,Deluxe King,"wifi, airport shuttle, beach access, kids club, parking",388
HT-MEX-025,Villa Mexico City West,Mexico City,Mexico,3.2,Family Room,"wifi, kids club, beach access",202
HT-MEX-026,Mexico City Harbour Suites Riverside,Mexico City,Mexico,3.3,Family Room,"gym, spa, pool, kids club",226
HT-MEX-027,Villa Mexico City Riverside,Mexico City,Mexico,3.5,Executive Suite,"pool, wifi, gym, airport shuttle",244
HT-MEX-028,The Terrace Mexico City East,Mexico City,Mexico,4.2,Twin Room,"gym, pool, beach access, kids club, breakfast included",267
HT-MEX-029,The Mexico City House,Mexico City,Mexico,4.6,Superior Queen,"wifi, rooftop terrace, airport shuttle, kids club, bar, gym",401
HT-MEX-030,The Grand Mexico City Hotel II,Mexico City,Mexico,4.8,Family Room,"wifi, spa, kids club, pool, breakfast included",480
HT-MEX-031,Villa Mexico City Annex,Mexico City,Mexico,2.8,Deluxe King,"bar, spa, gym, breakfast included, airport shuttle",146
HT-MEX-032,Casa Mexico City East,Mexico City,Mexico,3.1,Superior Queen,"spa, parking, beach access, kids club",201
HT-MEX-033,Hotel Mexico City Central West,Mexico City,Mexico,3.7,Twin Room,"pool, restaurant, beach access, wifi, breakfast included, spa",233
HT-MEX-034,Mexico City Garden Residence Annex,Mexico City,Mexico,4.5,Superior Queen,"breakfast included, spa, airport shuttle, bar",297
HT-MEX-035,Mexico City Harbour Suites II,Mexico City,Mexico,2.7,Family Room,"wifi, beach access, pool",156
HT-MEX-036,The Mexico City House Annex,Mexico City,Mexico,3.8,Executive Suite,"bar, parking, beach access",264
HT-CUN-001,The Cancun House,Cancun,Mexico,3,Superior Queen,"restaurant, spa, kids club",182
HT-CUN-002,Marriott Cancun,Cancun,Mexico,4.8,Deluxe King,"parking, spa, bar, breakfast included, restaurant, airport shuttle",535
HT-CUN-003,Hyatt Regency Cancun,Cancun,Mexico,4.9,Junior Suite,"pool, beach access, restaurant, spa, parking",450
HT-CUN-004,InterContinental Cancun,Cancun,Mexico,4.8,Executive Suite,"kids club, wifi, pool, rooftop terrace, airport shuttle, parking",602
HT-CUN-005,The Terrace Cancun,Cancun,Mexico,4.5,Twin Room,"bar, airport shuttle, breakfast included, rooftop terrace, kids club, spa",546
HT-CUN-006,Four Seasons Cancun,Cancun,Mexico,5,Junior Suite,"parking, airport shuttle, kids club, rooftop terrace, wifi, pool",477
HT-CUN-007,Sheraton Cancun,Cancun,Mexico,4,Standard Double,"spa, restaurant, bar, gym, kids club, rooftop terrace",329
HT-CUN-008,Cancun Harbour Suites,Cancun,Mexico,2.5,Family Room,"beach access, breakfast included, spa",180
HT-CUN-009,The Terrace Cancun East,Cancun,Mexico,3.9,Deluxe King,"kids club, bar, pool, rooftop terrace, beach access, gym",396
HT-CUN-010,Villa Cancun,Cancun,Mexico,3.9,Twin Room,"spa, beach access, kids club",278
HT-CUN-011,Holiday Inn Cancun,Cancun,Mexico,3,Deluxe King,"bar, parking, beach access",197
HT-CUN-012,Casa Cancun,Cancun,Mexico,4.9,Executive Suite,"beach access, spa, gym, parking",485
HT-CUN-013,Cancun Harbour Suites Annex,Cancun,Mexico,4.8,Standard Double,"parking, restaurant, rooftop terrace, beach access, spa, pool",520
HT-CUN-014,ibis Styles Cancun,Cancun,Mexico,2.6,Junior Suite,"bar, parking, restaurant",183
HT-CUN-015,Travelodge Cancun,Cancun,Mexico,2.4,Family Room,"airport shuttle, spa, gym, rooftop terrace, breakfast included, wifi",163
HT-CUN-016,Hotel Cancun Central,Cancun,Mexico,4.6,Superior Queen,"restaurant, wifi, beach access, pool, gym, spa",460
HT-CUN-017,The Cancun House West,Cancun,Mexico,3.8,Twin Room,"breakfast included, gym, wifi, bar, rooftop terrace",305
HT-CUN-018,Cancun Garden Residence,Cancun,Mexico,4.9,Standard Double,"wifi, bar, breakfast included, spa",525
HT-CUN-019,Hotel Cancun Central II,Cancun,Mexico,3.4,Executive Suite,"parking, rooftop terrace, kids club, spa, beach access",256
HT-CUN-020,The Terrace Cancun Annex,Cancun,Mexico,2.6,Superior Queen,"wifi, spa, beach access, breakfast included, bar",151
HT-CUN-021,Hotel Cancun Central II,Cancun,Mexico,2.7,Family Room,"kids club, airport shuttle, spa, gym, pool",167
HT-CUN-022,Casa Cancun West,Cancun,Mexico,2.9,Deluxe King,"kids club, spa, breakfast included, bar",217
HT-CUN-023,Cancun Harbour Suites East,Cancun,Mexico,3.8,Family Room,"breakfast included, kids club, restaurant, spa, rooftop terrace",379
HT-CUN-024,The Cancun Boutique,Cancun,Mexico,3.5,Junior Suite,"spa, gym, restaurant",319
HT-CUN-025,Cancun Harbour Suites West,Cancun,Mexico,3.3,Executive Suite,"restaurant, airport shuttle, kids club, gym, rooftop terrace",318
HT-CUN-026,The Grand Cancun Hotel,Cancun,Mexico,3.7,Superior Queen,"spa, parking, gym, pool, rooftop terrace, breakfast included",322
HT-CUN-027,Cancun Garden Residence West,Cancun,Mexico,4.1,Deluxe King,"spa, beach access, restaurant",311
HT-CUN-028,Hotel Cancun Central East,Cancun,Mexico,4.3,Deluxe King,"pool, gym, spa",345
HT-CUN-029,The Terrace Cancun II,Cancun,Mexico,3,Executive Suite,"restaurant, pool, parking, rooftop terrace, airport shuttle, beach access",268
HT-CUN-030,The Terrace Cancun Riverside,Cancun,Mexico,3.1,Deluxe King,"pool, gym, bar",212
HT-CUN-031,Villa Cancun East,Cancun,Mexico,3.4,Executive Suite,"kids club, rooftop terrace, beach access, wifi, airport shuttle",310
HT-CUN-032,The Cancun House II,Cancun,Mexico,3.6,Junior Suite,"beach access, wifi, pool, rooftop terrace, kids club",317
HT-CUN-033,Villa Cancun Riverside,Cancun,Mexico,4.4,Superior Queen,"wifi, pool, parking, bar, gym",438
HT-CUN-034,Cancun Harbour Suites II,Cancun,Mexico,3.8,Executive Suite,"pool, airport shuttle, wifi, parking",273
HT-CUN-035,The Cancun Boutique East,Cancun,Mexico,4.7,Standard Double,"wifi, pool, kids club, gym, spa, breakfast included",473
HT-CUN-036,Hotel Cancun Central II,Cancun,Mexico,2.7,Twin Room,"beach access, restaurant, breakfast included, bar, kids club, gym",157
HT-CUN-037,The Grand Cancun Hotel Riverside,Cancun,Mexico,2.7,Deluxe King,"bar, parking, kids club, restaurant",202
HT-CUN-038,Casa Cancun Annex,Cancun,Mexico,2.9,Executive Suite,"rooftop terrace, gym, wifi, bar, spa",175
HT-CUZ-001,Hotel Cusco Central,Cusco,Peru,4,Twin Room,"bar, restaurant, kids club, rooftop terrace, pool",238
HT-CUZ-002,Marriott Cusco,Cusco,Peru,4.6,Family Room,"restaurant, bar, rooftop terrace, breakfast included, parking",321
HT-CUZ-003,Hyatt Regency Cusco,Cusco,Peru,4.6,Superior Queen,"bar, gym, beach access, parking, restaurant, airport shuttle",321
HT-CUZ-004,InterContinental Cusco,Cusco,Peru,5,Executive Suite,"airport shuttle, restaurant, parking",373
HT-CUZ-005,The Cusco Boutique,Cusco,Peru,2.6,Executive Suite,"airport shuttle, kids club, gym, parking, wifi",148
HT-CUZ-006,Four Seasons Cusco,Cusco,Peru,4.9,Superior Queen,"wifi, pool, restaurant, kids club, rooftop terrace",363
HT-CUZ-007,Sheraton Cusco,Cusco,Peru,4.2,Standard Double,"beach access, spa, wifi, airport shuttle, restaurant",323
HT-CUZ-008,Crowne Plaza Cusco,Cusco,Peru,4.1,Executive Suite,"spa, kids club, parking, beach access",327
HT-CUZ-009,Hotel Cusco Central Riverside,Cusco,Peru,4.5,Superior Queen,"pool, parking, wifi, restaurant, kids club, breakfast included",309
HT-CUZ-010,Novotel Cusco,Cusco,Peru,4.2,Family Room,"wifi, parking, bar, breakfast included",312
HT-CUZ-011,Holiday Inn Cusco,Cusco,Peru,3.4,Superior Queen,"airport shuttle, restaurant, wifi, spa, bar",233
HT-CUZ-012,Casa Cusco,Cusco,Peru,4.9,Standard Double,"kids club, rooftop terrace, spa",493
HT-CUZ-013,ibis Cusco,Cusco,Peru,2.8,Standard Double,"pool, gym, airport shuttle, kids club",174
HT-CUZ-014,ibis Styles Cusco,Cusco,Peru,2.1,Executive Suite,"pool, restaurant, rooftop terrace",94
HT-CUZ-015,Travelodge Cusco,Cusco,Peru,2.5,Superior Queen,"gym, pool, beach access, breakfast included, wifi, rooftop terrace",134
HT-CUZ-016,Cusco Garden Residence,Cusco,Peru,3.9,Junior Suite,"gym, pool, breakfast included, rooftop terrace",305
HT-CUZ-017,The Cusco House,Cusco,Peru,3.5,Superior Queen,"restaurant, rooftop terrace, beach access, kids club, wifi, spa",176
HT-CUZ-018,The Cusco Boutique II,Cusco,Peru,3.5,Twin Room,"beach access, spa, wifi, bar",270
HT-CUZ-019,The Old Town Inn Cusco,Cusco,Peru,3,Superior Queen,"beach access, restaurant, airport shuttle",193
HT-CUZ-020,The Old Town Inn Cusco East,Cusco,Peru,4.4,Superior Queen,"wifi, restaurant, airport shuttle",303
HT-CUZ-021,The Cusco House Riverside,Cusco,Peru,4.5,Executive Suite,"spa, kids club, airport shuttle, gym, pool, beach access",381
HT-CUZ-022,The Cusco Boutique West,Cusco,Peru,4.4,Executive Suite,"gym, pool, airport shuttle",265
HT-CUZ-023,Cusco Garden Residence Annex,Cusco,Peru,3.9,Executive Suite,"beach access, wifi, spa",241
HT-CUZ-024,The Old Town Inn Cusco West,Cusco,Peru,3.1,Junior Suite,"airport shuttle, spa, restaurant, rooftop terrace",157
HT-CUZ-025,The Terrace Cusco,Cusco,Peru,2.6,Deluxe King,"spa, wifi, pool, kids club",118
HT-CUZ-026,Cusco Harbour Suites,Cusco,Peru,3.7,Superior Queen,"restaurant, kids club, pool, spa, wifi",247
HT-CUZ-027,Villa Cusco,Cusco,Peru,3.2,Junior Suite,"restaurant, wifi, beach access, bar, pool, airport shuttle",184
HT-CUZ-028,The Cusco House Annex,Cusco,Peru,4,Executive Suite,"bar, kids club, wifi",279
HT-CUZ-029,The Grand Cusco Hotel,Cusco,Peru,3,Executive Suite,"beach access, rooftop terrace, wifi, pool, breakfast included, kids club",190
HT-CUZ-030,The Old Town Inn Cusco West,Cusco,Peru,4,Junior Suite,"wifi, breakfast included, kids club",292
HT-CUZ-031,Hotel Cusco Central Annex,Cusco,Peru,2.6,Executive Suite,"kids club, wifi, pool, parking, gym",115
HT-CUZ-032,The Cusco House Riverside,Cusco,Peru,4.7,Deluxe King,"spa, bar, rooftop terrace",390
HT-CUZ-033,Hotel Cusco Central Riverside,Cusco,Peru,4.1,Deluxe King,"rooftop terrace, airport shuttle, kids club, wifi",332
HT-CUZ-034,Cusco Harbour Suites Annex,Cusco,Peru,2.7,Junior Suite,"parking, wifi, beach access, breakfast included",145
HT-CUZ-035,Hotel Cusco Central East,Cusco,Peru,3.9,Family Room,"gym, wifi, beach access, breakfast included, restaurant",298
HT-EZE-001,Hilton Buenos Aires,Buenos Aires,Argentina,4.8,Standard Double,"breakfast included, spa, gym",381
HT-EZE-002,Marriott Buenos Aires,Buenos Aires,Argentina,4.9,Family Room,"rooftop terrace, bar, spa, restaurant, airport shuttle",399
HT-EZE-003,The Terrace Buenos Aires,Buenos Aires,Argentina,4,Executive Suite,"wifi, pool, kids club, restaurant, bar, rooftop terrace",248
HT-EZE-004,The Grand Buenos Aires Hotel,Buenos Aires,Argentina,3.1,Executive Suite,"beach access, wifi, spa, rooftop terrace, pool",194
HT-EZE-005,The Grand Buenos Aires Hotel II,Buenos Aires,Argentina,2.6,Twin Room,"wifi, airport shuttle, pool, bar, spa, breakfast included",130
HT-EZE-006,The Buenos Aires Boutique,Buenos Aires,Argentina,3.7,Junior Suite,"breakfast included, restaurant, beach access",303
HT-EZE-007,Sheraton Buenos Aires,Buenos Aires,Argentina,4.1,Standard Double,"pool, spa, rooftop terrace",295
HT-EZE-008,Crowne Plaza Buenos Aires,Buenos Aires,Argentina,4,Junior Suite,"wifi, spa, rooftop terrace, breakfast included",274
HT-EZE-009,Radisson Blu Buenos Aires,Buenos Aires,Argentina,4,Superior Queen,"restaurant, bar, breakfast included, spa",234
HT-EZE-010,Buenos Aires Garden Residence,Buenos Aires,Argentina,2.7,Family Room,"gym, pool, beach access, wifi, rooftop terrace, bar",140
HT-EZE-011,Holiday Inn Buenos Aires,Buenos Aires,Argentina,3,Standard Double,"wifi, airport shuttle, parking",186
HT-EZE-012,Mercure Buenos Aires,Buenos Aires,Argentina,3.7,Executive Suite,"beach access, airport shuttle, restaurant, pool, spa",283
HT-EZE-013,ibis Buenos Aires,Buenos Aires,Argentina,2.7,Family Room,"airport shuttle, wifi, rooftop terrace, parking",162
HT-EZE-014,ibis Styles Buenos Aires,Buenos Aires,Argentina,2.6,Standard Double,"airport shuttle, rooftop terrace, gym, wifi",177
HT-EZE-015,Travelodge Buenos Aires,Buenos Aires,Argentina,2.1,Deluxe King,"beach access, gym, restaurant, parking",92
HT-EZE-016,Casa Buenos Aires,Buenos Aires,Argentina,2.8,Junior Suite,"pool, spa, wifi",168
HT-EZE-017,Buenos Aires Harbour Suites,Buenos Aires,Argentina,4.3,Twin Room,"airport shuttle, pool, wifi, gym, rooftop terrace",323
HT-EZE-018,Villa Buenos Aires,Buenos Aires,Argentina,3.6,Family Room,"rooftop terrace, restaurant, breakfast included",280
HT-EZE-019,The Terrace Buenos Aires East,Buenos Aires,Argentina,2.6,Deluxe King,"spa, wifi, pool, gym, breakfast included, kids club",153
HT-EZE-020,The Old Town Inn Buenos Aires,Buenos Aires,Argentina,3.2,Twin Room,"beach access, gym, pool, bar, kids club, rooftop terrace",250
HT-EZE-021,The Terrace Buenos Aires II,Buenos Aires,Argentina,4.8,Junior Suite,"bar, spa, rooftop terrace",464
HT-EZE-022,Buenos Aires Harbour Suites Riverside,Buenos Aires,Argentina,3.3,Standard Double,"spa, wifi, airport shuttle",172
HT-EZE-023,The Buenos Aires Boutique Riverside,Buenos Aires,Argentina,3.2,Superior Queen,"spa, airport shuttle, kids club",206
HT-EZE-024,Hotel Buenos Aires Central,Buenos Aires,Argentina,2.5,Standard Double,"airport shuttle, wifi, kids club",115
HT-EZE-025,Casa Buenos Aires East,Buenos Aires,Argentina,2.6,Executive Suite,"kids club, bar, restaurant, beach access, gym",117
HT-EZE-026,Buenos Aires Harbour Suites West,Buenos Aires,Argentina,3.2,Twin Room,"restaurant, rooftop terrace, wifi, breakfast included",208
HT-EZE-027,The Grand Buenos Aires Hotel Riverside,Buenos Aires,Argentina,4.2,Executive Suite,"beach access, gym, bar, kids club, airport shuttle, spa",323
HT-EZE-028,Villa Buenos Aires West,Buenos Aires,Argentina,4.4,Deluxe King,"gym, parking, bar",296
HT-EZE-029,The Buenos Aires House,Buenos Aires,Argentina,3.8,Deluxe King,"breakfast included, restaurant, bar, spa",317
HT-EZE-030,Buenos Aires Harbour Suites Riverside,Buenos Aires,Argentina,3.8,Standard Double,"breakfast included, spa, rooftop terrace",217
HT-EZE-031,Hotel Buenos Aires Central East,Buenos Aires,Argentina,3.9,Twin Room,"airport shuttle, beach access, restaurant, breakfast included, wifi",329
HT-EZE-032,The Grand Buenos Aires Hotel Riverside,Buenos Aires,Argentina,4.7,Junior Suite,"restaurant, spa, gym",413
HT-EZE-033,Casa Buenos Aires Riverside,Buenos Aires,Argentina,4.3,Standard Double,"kids club, wifi, airport shuttle, restaurant, parking",376
HT-EZE-034,The Terrace Buenos Aires II,Buenos Aires,Argentina,4.4,Family Room,"pool, rooftop terrace, bar",310
HT-EZE-035,Buenos Aires Harbour Suites East,Buenos Aires,Argentina,2.8,Standard Double,"airport shuttle, parking, bar, pool, gym, kids club",135
HT-EZE-036,Hotel Buenos Aires Central II,Buenos Aires,Argentina,2.6,Standard Double,"breakfast included, kids club, bar, rooftop terrace",155
HT-EZE-037,The Old Town Inn Buenos Aires East,Buenos Aires,Argentina,4.8,Family Room,"wifi, spa, pool",325
HT-EZE-038,The Buenos Aires House Annex,Buenos Aires,Argentina,3.9,Twin Room,"spa, gym, kids club, parking",315
HT-GIG-001,The Rio de Janeiro House,Rio de Janeiro,Brazil,3.9,Twin Room,"breakfast included, airport shuttle, wifi, parking",302
HT-GIG-002,Marriott Rio de Janeiro,Rio de Janeiro,Brazil,5,Junior Suite,"gym, beach access, pool, bar, rooftop terrace",499
HT-GIG-003,The Grand Rio de Janeiro Hotel,Rio de Janeiro,Brazil,4.1,Junior Suite,"bar, rooftop terrace, airport shuttle, wifi, breakfast included, spa",419
HT-GIG-004,InterContinental Rio de Janeiro,Rio de Janeiro,Brazil,4.9,Executive Suite,"airport shuttle, kids club, beach access, restaurant",419
HT-GIG-005,The Rio de Janeiro Boutique,Rio de Janeiro,Brazil,3.3,Junior Suite,"restaurant, wifi, breakfast included, bar",240
HT-GIG-006,Four Seasons Rio de Janeiro,Rio de Janeiro,Brazil,4.6,Superior Queen,"kids club, airport shuttle, parking, wifi",370
HT-GIG-007,Sheraton Rio de Janeiro,Rio de Janeiro,Brazil,4,Junior Suite,"wifi, airport shuttle, beach access, spa, restaurant, rooftop terrace",275
HT-GIG-008,Crowne Plaza Rio de Janeiro,Rio de Janeiro,Brazil,4.1,Twin Room,"kids club, bar, restaurant, gym",316
HT-GIG-009,Hotel Rio de Janeiro Central,Rio de Janeiro,Brazil,4.5,Family Room,"restaurant, beach access, gym",417
HT-GIG-010,Novotel Rio de Janeiro,Rio de Janeiro,Brazil,3.7,Deluxe King,"wifi, beach access, spa, parking, pool",228
HT-GIG-011,Rio de Janeiro Garden Residence,Rio de Janeiro,Brazil,3.8,Superior Queen,"beach access, rooftop terrace, bar, breakfast included",278
HT-GIG-012,Casa Rio de Janeiro,Rio de Janeiro,Brazil,4,Junior Suite,"spa, gym, rooftop terrace, beach access",318
HT-GIG-013,The Old Town Inn Rio de Janeiro,Rio de Janeiro,Brazil,4.9,Standard Double,"wifi, rooftop terrace, beach access",529
HT-GIG-014,The Rio de Janeiro House Riverside,Rio de Janeiro,Brazil,4.4,Family Room,"restaurant, rooftop terrace, beach access, wifi, pool",466
HT-GIG-015,Travelodge Rio de Janeiro,Rio de Janeiro,Brazil,2.7,Deluxe King,"restaurant, breakfast included, kids club",212
HT-GIG-016,The Old Town Inn Rio de Janeiro Riverside,Rio de Janeiro,Brazil,4.1,Junior Suite,"beach access, pool, gym, airport shuttle, bar",364
HT-GIG-017,The Rio de Janeiro House East,Rio de Janeiro,Brazil,4.8,Twin Room,"spa, wifi, airport shuttle, rooftop terrace, beach access, parking",489
HT-GIG-018,Villa Rio de Janeiro,Rio de Janeiro,Brazil,3.7,Deluxe King,"beach access, pool, wifi",274
HT-GIG-019,The Old Town Inn Rio de Janeiro East,Rio de Janeiro,Brazil,3.6,Superior Queen,"wifi, spa, pool, breakfast included, bar, gym",220
HT-GIG-020,Hotel Rio de Janeiro Central Annex,Rio de Janeiro,Brazil,4.8,Family Room,"spa, kids club, parking, restaurant, beach access",421
HT-GIG-021,The Grand Rio de Janeiro Hotel East,Rio de Janeiro,Brazil,4.4,Family Room,"airport shuttle, kids club, restaurant, parking",405
HT-GIG-022,The Grand Rio de Janeiro Hotel II,Rio de Janeiro,Brazil,4.5,Deluxe King,"kids club, wifi, parking",470
HT-GIG-023,The Rio de Janeiro House Annex,Rio de Janeiro,Brazil,3.7,Superior Queen,"wifi, pool, gym",236
HT-GIG-024,The Rio de Janeiro Boutique II,Rio de Janeiro,Brazil,3.9,Superior Queen,"wifi, bar, airport shuttle",382
HT-GIG-025,The Rio de Janeiro Boutique West,Rio de Janeiro,Brazil,4.9,Family Room,"gym, airport shuttle, pool",494
HT-GIG-026,The Old Town Inn Rio de Janeiro Riverside,Rio de Janeiro,Brazil,3.4,Junior Suite,"wifi, kids club, pool, bar, airport shuttle",200
HT-GIG-027,Hotel Rio de Janeiro Central West,Rio de Janeiro,Brazil,4.6,Junior Suite,"restaurant, spa, breakfast included, rooftop terrace",319
HT-GIG-028,Casa Rio de Janeiro Annex,Rio de Janeiro,Brazil,4,Family Room,"breakfast included, spa, bar, parking, gym",377
HT-GIG-029,The Old Town Inn Rio de Janeiro East,Rio de Janeiro,Brazil,2.9,Superior Queen,"beach access, airport shuttle, pool",165
HT-GIG-030,Rio de Janeiro Garden Residence East,Rio de Janeiro,Brazil,3.8,Junior Suite,"wifi, pool, gym",365
HT-GIG-031,The Grand Rio de Janeiro Hotel II,Rio de Janeiro,Brazil,3.6,Superior Queen,"restaurant, breakfast included, kids club, spa, gym",207
HT-GIG-032,Villa Rio de Janeiro West,Rio de Janeiro,Brazil,3.8,Twin Room,"bar, kids club, spa, beach access",249
HT-GIG-033,The Grand Rio de Janeiro Hotel Riverside,Rio de Janeiro,Brazil,4,Superior Queen,"bar, wifi, rooftop terrace",343
HT-GIG-034,Rio de Janeiro Garden Residence II,Rio de Janeiro,Brazil,2.6,Junior Suite,"airport shuttle, wifi, pool, bar, rooftop terrace",174
HT-GIG-035,Casa Rio de Janeiro West,Rio de Janeiro,Brazil,3.6,Family Room,"restaurant, breakfast included, beach access, kids club, gym, parking",212
HT-MDE-001,Hilton Medellin,Medellin,Colombia,4.7,Junior Suite,"bar, gym, rooftop terrace, airport shuttle",347
HT-MDE-002,The Medellin House,Medellin,Colombia,2.7,Standard Double,"wifi, parking, pool",114
HT-MDE-003,Hyatt Regency Medellin,Medellin,Colombia,4.8,Junior Suite,"restaurant, kids club, pool, spa",296
HT-MDE-004,The Medellin Boutique,Medellin,Colombia,2.9,Superior Queen,"bar, spa, restaurant, gym, airport shuttle, rooftop terrace",172
HT-MDE-005,Shangri-La Medellin,Medellin,Colombia,4.7,Deluxe King,"restaurant, wifi, rooftop terrace, kids club, pool",269
HT-MDE-006,Four Seasons Medellin,Medellin,Colombia,4.6,Twin Room,"airport shuttle, pool, beach access, wifi, spa",382
HT-MDE-007,Sheraton Medellin,Medellin,Colombia,3.6,Deluxe King,"spa, wifi, pool, breakfast included, airport shuttle, restaurant",244
HT-MDE-008,Crowne Plaza Medellin,Medellin,Colombia,4.3,Junior Suite,"beach access, kids club, bar, parking, breakfast included, airport shuttle",328
HT-MDE-009,Hotel Medellin Central,Medellin,Colombia,4.4,Family Room,"restaurant, rooftop terrace, airport shuttle, bar, breakfast included",251
HT-MDE-010,Novotel Medellin,Medellin,Colombia,3.6,Deluxe King,"pool, gym, airport shuttle, restaurant, beach access, breakfast included",193
HT-MDE-011,Casa Medellin,Medellin,Colombia,3.2,Executive Suite,"spa, bar, kids club, parking, breakfast included",137
HT-MDE-012,Mercure Medellin,Medellin,Colombia,3,Executive Suite,"beach access, spa, kids club, bar, airport shuttle, pool",192
HT-MDE-013,The Old Town Inn Medellin,Medellin,Colombia,3.9,Standard Double,"airport shuttle, gym, breakfast included, spa, pool, wifi",296
HT-MDE-014,Medellin Garden Residence,Medellin,Colombia,4.5,Twin Room,"rooftop terrace, bar, beach access, kids club",340
HT-MDE-015,Travelodge Medellin,Medellin,Colombia,2.8,Executive Suite,"restaurant, beach access, spa, rooftop terrace, wifi, airport shuttle",155
HT-MDE-016,Hotel Medellin Central East,Medellin,Colombia,2.5,Standard Double,"spa, parking, kids club, wifi, bar",135
HT-MDE-017,The Grand Medellin Hotel,Medellin,Colombia,3,Deluxe King,"spa, bar, rooftop terrace",146
HT-MDE-018,Casa Medellin East,Medellin,Colombia,3.5,Junior Suite,"spa, airport shuttle, gym, bar, breakfast included",170
HT-MDE-019,The Old Town Inn Medellin East,Medellin,Colombia,3.7,Family Room,"airport shuttle, wifi, bar, spa, pool",186
HT-MDE-020,The Terrace Medellin,Medellin,Colombia,4.4,Executive Suite,"wifi, beach access, pool, gym",257
HT-MDE-021,Medellin Harbour Suites,Medellin,Colombia,2.6,Family Room,"restaurant, rooftop terrace, beach access",145
HT-MDE-022,The Terrace Medellin East,Medellin,Colombia,4.7,Standard Double,"wifi, pool, beach access",337
HT-MDE-023,Hotel Medellin Central II,Medellin,Colombia,2.8,Superior Queen,"airport shuttle, pool, breakfast included, beach access, restaurant, parking",134
HT-MDE-024,Casa Medellin West,Medellin,Colombia,3.6,Standard Double,"pool, beach access, wifi, breakfast included, restaurant, kids club",170
HT-MDE-025,The Terrace Medellin East,Medellin,Colombia,4.8,Twin Room,"kids club, beach access, rooftop terrace, restaurant, airport shuttle",415
HT-MDE-026,Hotel Medellin Central Annex,Medellin,Colombia,3.3,Family Room,"breakfast included, restaurant, beach access",214
HT-MDE-027,Hotel Medellin Central Annex,Medellin,Colombia,3.6,Executive Suite,"breakfast included, spa, airport shuttle, gym, pool, beach access",186
HT-MDE-028,The Old Town Inn Medellin II,Medellin,Colombia,3.3,Executive Suite,"wifi, spa, pool",219
HT-MDE-029,The Terrace Medellin West,Medellin,Colombia,4.5,Twin Room,"gym, spa, parking",388
HT-MDE-030,Casa Medellin Riverside,Medellin,Colombia,3.1,Twin Room,"wifi, pool, beach access, gym",163
HT-MDE-031,Villa Medellin,Medellin,Colombia,2.7,Family Room,"kids club, spa, parking, airport shuttle, wifi, bar",119
HT-MDE-032,Villa Medellin West,Medellin,Colombia,4.6,Twin Room,"wifi, parking, beach access, airport shuttle",359
HT-MDE-033,The Medellin Boutique East,Medellin,Colombia,3.9,Twin Room,"airport shuttle, kids club, breakfast included",284
HT-MDE-034,Casa Medellin West,Medellin,Colombia,4.4,Family Room,"wifi, bar, kids club, spa, airport shuttle, breakfast included",321
